_id	Regional	Ano	Mês	Data	Ocorrencia	Solicitacao	Endereco	Bairro	Localidade	Grau_de_Risco	Data_da_Acao	Tipo_da_Acao	Quantidade	Altura	Largura	Area_m
1	Planície	2022	ABRIL	2022-04-19T00:00:00	Imóveis com Danos / Risco	Vistoria em Imóveis	Rua Jose Moreira Reis, {})!	Bongi	Sem Localidade	""	2022-04-19T00:00:00	Analise Visual Estrutural				0
2	Planície	2022	ABRIL	2022-04-19T00:00:00	""	""	Avenida Dantas Barreto, `=-[	Santo Antonio	Sem Localidade	""	2022-04-19T00:00:00	atendimento Social				0
3	Planície	2022	ABRIL	2022-04-19T00:00:00	""	""	Rua Velha, ?_$.	Boa Vista	Sem Localidade	""	2022-04-19T00:00:00	atendimento Social				0
4	Planície	2022	ABRIL	2022-04-19T00:00:00	""	""	Rua Marques do Herval, >#'\	Santo Antonio	Sem Localidade	""	2022-04-19T00:00:00	atendimento Social				0
5	Planície	2022	ABRIL	2022-04-19T00:00:00	""	""	Avenida Dantas Barreto, $!>=	Santo Antonio	Sem Localidade	""	2022-04-19T00:00:00	Acoes de Porta-Porta				0
6	Planície	2022	ABRIL	2022-04-19T00:00:00	""	""	Avenida Dantas Barreto, @}>	Santo Antonio	Sem Localidade	""	2022-04-19T00:00:00	Acoes de Porta-Porta				0
7	Planície	2022	ABRIL	2022-04-19T00:00:00	""	""	Rua do Riachuelo, 9<-%	Boa Vista	Sem Localidade	""	2022-04-19T00:00:00	Acoes de Porta-Porta				0
8	Planície	2022	ABRIL	2022-04-19T00:00:00	""	""	Avenida Dantas Barreto, %$<!	Santo Antonio	Sem Localidade	""	2022-04-19T00:00:00	Acoes de Porta-Porta				0
9	Planície	2022	ABRIL	2022-04-19T00:00:00	""	""	Rua Velha, .<^&	Boa Vista	Sem Localidade	""	2022-04-19T00:00:00	Acoes de Porta-Porta				0
10	Planície	2022	ABRIL	2022-04-19T00:00:00	Imóveis com Danos / Risco	Vistoria em Imóveis	Rua Marques do Herval, ^[{	Santo Antonio	Sem Localidade	""	2022-04-19T00:00:00	Analise Visual Estrutural				0
11	Planície	2022	ABRIL	2022-04-19T00:00:00	Imóveis com Danos / Risco	Vistoria em Imóveis	Avenida Dantas Barreto, {})!	Santo Antonio	Sem Localidade	""	2022-04-19T00:00:00	Analise Visual Estrutural				0
12	Planície	2022	ABRIL	2022-04-19T00:00:00	Imóveis com Danos / Risco	Vistoria em Imóveis	Avenida Dantas Barreto, #^>	Santo Antonio	Sem Localidade	""	2022-04-19T00:00:00	Analise Visual Estrutural				0
13	Planície	2022	ABRIL	2022-04-19T00:00:00	Imóveis com Danos / Risco	Vistoria em Imóveis	Rua do Riachuelo, ~|}[	Boa Vista	Sem Localidade	""	2022-04-19T00:00:00	Analise Visual Estrutural				0
14	Planície	2022	ABRIL	2022-04-19T00:00:00	Imóveis com Danos / Risco	Vistoria em Imóveis	Avenida Dantas Barreto, /@9=	Santo Antonio	Sem Localidade	""	2022-04-19T00:00:00	Analise Visual Estrutural				0
15	Planície	2022	ABRIL	2022-04-19T00:00:00	Imóveis com Danos / Risco	Vistoria em Imóveis	"Rua Velha, #""#~"	Boa Vista	Sem Localidade	""	2022-04-19T00:00:00	Analise Visual Estrutural				0
16	Planície	2022	ABRIL	2022-04-22T00:00:00	""	""	Rua Natal., $!>=	Cordeiro	Sem Localidade	""	2022-04-22T00:00:00	Acoes de Porta-Porta				0
17	Planície	2022	ABRIL	2022-04-22T00:00:00	""	""	Rua Natal., @}>	Cordeiro	Sem Localidade	""	2022-04-22T00:00:00	Atendimento Social				0
18	Planície	2022	ABRIL	2022-04-22T00:00:00	Imóveis com Danos / Risco	Vistoria em Imóveis	Rua Natal., 9<-%	Cordeiro	Sem Localidade	""	2022-04-22T00:00:00	Analise Visual Estrutural				0
19	Planície	2022	ABRIL	2022-04-22T00:00:00	""	""	Rua Colina do Tocantims, %$<!	Iputinga	Sem Localidade	""	2022-04-22T00:00:00	Acoes de Porta-Porta				0
20	Planície	2022	ABRIL	2022-04-22T00:00:00	""	""	Rua Colina do Tocantims, .<^&	Iputinga	Sem Localidade	""	2022-04-22T00:00:00	Atendimento Social				0
21	Planície	2022	ABRIL	2022-04-19T00:00:00	""	""	Rua do Riachuelo, #$[	Boa Vista	Sem Localidade	""	2022-04-19T00:00:00	atendimento Social				0
22	Planície	2022	ABRIL	2022-04-19T00:00:00	""	""	Avenida Dantas Barreto, .[?	Santo Antonio	Sem Localidade	""	2022-04-19T00:00:00	atendimento Social				0
23	Planície	2022	ABRIL	2022-04-19T00:00:00	""	""	Avenida Dantas Barreto, #_|/	Santo Antonio	Sem Localidade	""	2022-04-19T00:00:00	atendimento Social				0
24	Planície	2022	ABRIL	2022-04-19T00:00:00	""	""	"Rua Marques do Herval, ""#*9"	Santo Antonio	Sem Localidade	""	2022-04-19T00:00:00	Acoes de Porta-Porta				0
25	Planície	2022	ABRIL	2022-04-19T00:00:00	""	""	"3ª Travessa Otacilio de Azevedo, +?""]"	Brejo de Beberibe	Nao Cadastrada	""	2022-04-19T00:00:00	Acoes de Porta-Porta				0
26	Planície	2022	ABRIL	2022-04-19T00:00:00	""	""	"3ª Travessa Otacilio de Azevedo, ""#*9"	Brejo de Beberibe	Nao Cadastrada	""	2022-04-19T00:00:00	Acoes de Porta-Porta				0
27	Planície	2022	ABRIL	2022-04-19T00:00:00	""	""	2ª Travessa Otacilio de Azevedo, #_|/	Brejo de Beberibe	Nao Cadastrada	""	2022-04-19T00:00:00	Acoes de Porta-Porta				0
28	Planície	2022	ABRIL	2022-04-19T00:00:00	""	""	2ª Travessa Otacilio de Azevedo, .[?	Brejo de Beberibe	Nao Cadastrada	""	2022-04-19T00:00:00	Acoes de Porta-Porta				0
29	Planície	2022	ABRIL	2022-04-19T00:00:00	""	""	2ª Travessa Otacilio de Azevedo, #$[	Brejo de Beberibe	Nao Cadastrada	""	2022-04-19T00:00:00	Acoes de Porta-Porta				0
30	Planície	2022	ABRIL	2022-04-19T00:00:00	""	""	2ª Travessa Otacilio de Azevedo, `=-[	Brejo de Beberibe	Nao Cadastrada	""	2022-04-19T00:00:00	Acoes de Porta-Porta				0
31	Planície	2022	ABRIL	2022-04-19T00:00:00	""	""	2ª Travessa Otacilio de Azevedo, ?_$.	Brejo de Beberibe	Nao Cadastrada	""	2022-04-19T00:00:00	Acoes de Porta-Porta				0
32	Planície	2022	ABRIL	2022-04-19T00:00:00	""	""	2ª Travessa Otacilio de Azevedo, >#'\	Brejo de Beberibe	Nao Cadastrada	""	2022-04-19T00:00:00	Acoes de Porta-Porta				0
33	Planície	2022	ABRIL	2022-04-19T00:00:00	""	""	2ª Travessa Otacilio de Azevedo, $!>=	Brejo de Beberibe	Nao Cadastrada	""	2022-04-19T00:00:00	Acoes de Porta-Porta				0
34	Planície	2022	ABRIL	2022-04-22T00:00:00	Imóveis com Danos / Risco	Vistoria em Imóveis	Rua Colina do Tocantims, ^[{	Iputinga	Sem Localidade	""	2022-04-22T00:00:00	Analise Visual Estrutural				0
35	Planície	2022	ABRIL	2022-04-19T00:00:00	""	""	2ª Travessa Otacilio de Azevedo, @}>	Brejo de Beberibe	Nao Cadastrada	""	2022-04-19T00:00:00	Acoes de Porta-Porta				0
36	Planície	2022	ABRIL	2022-04-19T00:00:00	""	""	Avenida Caxanga, %$<!	Iputinga	Sem Localidade	""	2022-04-19T00:00:00	atendimento Social				0
37	Planície	2022	ABRIL	2022-04-19T00:00:00	""	""	Rua Ministro Marcos Freire, .<^&	Iputinga	Sem Localidade	""	2022-04-19T00:00:00	atendimento Social				0
38	Planície	2022	ABRIL	2022-04-19T00:00:00	""	""	Rua Canela, ^[{	Iputinga	Sem Localidade	""	2022-04-19T00:00:00	atendimento Social				0
39	Planície	2022	ABRIL	2022-04-19T00:00:00	""	""	Avenida Caxanga, {})!	Iputinga	Sem Localidade	""	2022-04-19T00:00:00	Acoes de Porta-Porta				0
40	Planície	2022	ABRIL	2022-04-19T00:00:00	""	""	Rua Ministro Marcos Freire, #^>	Iputinga	Sem Localidade	""	2022-04-19T00:00:00	Acoes de Porta-Porta				0
41	Planície	2022	ABRIL	2022-04-19T00:00:00	""	""	Rua Canela, ~|}[	Iputinga	Sem Localidade	""	2022-04-19T00:00:00	Acoes de Porta-Porta				0
42	Planície	2022	ABRIL	2022-04-19T00:00:00	Imóveis com Danos / Risco	Vistoria em Imóveis	Avenida Caxanga, /@9=	Iputinga	Sem Localidade	R2	2022-04-19T00:00:00	Analise Visual Estrutural				0
43	Planície	2022	ABRIL	2022-04-19T00:00:00	Imóveis com Danos / Risco	Vistoria em Imóveis	"Rua Ministro Marcos Freire, #""#~"	Iputinga	Sem Localidade	R3	2022-04-19T00:00:00	Analise Visual Estrutural				0
44	Planície	2022	ABRIL	2022-04-19T00:00:00	Imóveis com Danos / Risco	Vistoria em Imóveis	"Rua Canela, +?""]"	Iputinga	Sem Localidade	R2	2022-04-19T00:00:00	Analise Visual Estrutural				0
45	Planície	2022	ABRIL	2022-04-19T00:00:00	""	""	2ª Travessa Otacilio de Azevedo, 9<-%	Brejo de Beberibe	Nao Cadastrada	""	2022-04-19T00:00:00	Acoes de Porta-Porta				0
46	Planície	2022	ABRIL	2022-04-22T00:00:00	""	""	Rua Catuira Casa Entorno, {})!	Torre	Sem Localidade	""	2022-04-22T00:00:00	Atendimento Social				0
47	Planície	2022	ABRIL	2022-04-22T00:00:00	""	""	Rua Catuira Casa Entorno, #^>	Torre	Sem Localidade	""	2022-04-22T00:00:00	Atendimento Social				0
48	Planície	2022	ABRIL	2022-04-22T00:00:00	""	""	Rua Catuira Casa, /@9=	Torre	Sem Localidade	""	2022-04-22T00:00:00	Atendimento Social				0
49	Planície	2022	ABRIL	2022-04-22T00:00:00	Imóveis com Danos / Risco	Vistoria em Imóveis	"Rua Catuira Casa Entorno, +?""]"	Torre	Sem Localidade	""	2022-04-22T00:00:00	Analise Visual Estrutural				0
50	Planície	2022	ABRIL	2022-04-22T00:00:00	Imóveis com Danos / Risco	Vistoria em Imóveis	"Rua Catuira Casa Entorno, ""#*9"	Torre	Sem Localidade	""	2022-04-22T00:00:00	Analise Visual Estrutural				0
51	Planície	2022	ABRIL	2022-04-22T00:00:00	Imóveis com Danos / Risco	Vistoria em Imóveis	Rua Catuira Casa, #_|/	Torre	Sem Localidade	""	2022-04-22T00:00:00	Analise Visual Estrutural				0
52	Planície	2022	ABRIL	2022-04-22T00:00:00	Imóveis com Danos / Risco	Vistoria em Imóveis	Rua Catuira Casa, .[?	Torre	Sem Localidade	""	2022-04-22T00:00:00	Analise Visual Estrutural				0
53	Planície	2022	ABRIL	2022-04-22T00:00:00	Desabamento Parcial Imóveis	Vistoria em Imóveis	Rua Catuira, #$[	Torre	Sem Localidade	""	2022-04-22T00:00:00	Analise Visual Estrutural				0
54	Planície	2022	ABRIL	2022-04-22T00:00:00	""	""	Avenida Prof. Jose dos Anjos, `=-[	Arruda	Sem Localidade	""	2022-04-22T00:00:00	Atendimento Social				0
55	Planície	2022	ABRIL	2022-04-22T00:00:00	""	""	Avenida Prof. Jose dos Anjos, ?_$.	Arruda	Sem Localidade	""	2022-04-22T00:00:00	Acoes de Porta-Porta				0
56	Planície	2022	ABRIL	2022-04-22T00:00:00	Imóveis com Danos / Risco	Vistoria em Imóveis	Avenida Prof. Jose dos Anjos, >#'\	Arruda	Sem Localidade	""	2022-04-22T00:00:00	Analise Visual Estrutural				0
57	Planície	2022	ABRIL	2022-04-22T00:00:00	""	""	Rua Dom Bosco, $!>=	Boa Vista	Sem Localidade	""	2022-04-22T00:00:00	Atendimento Social				0
58	Planície	2022	ABRIL	2022-04-25T00:00:00	""	""	Rua Francisco da Cunha, {})!	Boa Viagem	Sem Localidade	""	2022-04-25T00:00:00	atendimento Social				0
59	Planície	2022	ABRIL	2022-04-22T00:00:00	""	""	Rua Dom Bosco, @}>	Boa Vista	Sem Localidade	""	2022-04-22T00:00:00	Acoes de Porta-Porta				0
60	Planície	2022	ABRIL	2022-04-22T00:00:00	""	""	Rua Mariz e Barros, %$<!	Recife	Sem Localidade	""	2022-04-22T00:00:00	Encaminhamentos aos Parceiros				0
61	Planície	2022	ABRIL	2022-04-22T00:00:00	""	""	Rua da Amizade, .<^&	Gracas	Sem Localidade	""	2022-04-22T00:00:00	Encaminhamentos aos Parceiros				0
62	Planície	2022	ABRIL	2022-04-22T00:00:00	""	""	Rua da Concordia, ^[{	Sao Jose	Sem Localidade	""	2022-04-22T00:00:00	Encaminhamentos aos Parceiros				0
63	Planície	2022	ABRIL	2022-04-22T00:00:00	""	""	Rua Bem Te Vi, {})!	Brasilia Teimosa	Sem Localidade	""	2022-04-22T00:00:00	Encaminhamentos aos Parceiros				0
64	Planície	2022	ABRIL	2022-04-29T00:00:00	""	""	Rua Catuira, #$[	Torre	Sem Localidade	""	2022-04-29T00:00:00	Analise de Processos				0
65	Planície	2022	ABRIL	2022-04-29T00:00:00	""	""	Rua Catuira, `=-[	Torre	Sem Localidade	""	2022-04-29T00:00:00	atendimento social				0
66	Planície	2022	ABRIL	2022-04-29T00:00:00	Imóveis com Danos / Risco	Monitoramento em Imóveis	Rua Catuira, ?_$.	Torre	Sem Localidade	""	2022-04-29T00:00:00	Analise Visual Estrutural				0
67	Planície	2022	ABRIL	2022-04-29T00:00:00	""	""	Rua da Matriz, >#'\	Boa Vista	Sem Localidade	""	2022-04-29T00:00:00	Acoes de Porta-Porta				0
68	Planície	2022	ABRIL	2022-04-29T00:00:00	""	""	Rua da Matriz, $!>=	Boa Vista	Sem Localidade	""	2022-04-29T00:00:00	atendimento social				0
69	Planície	2022	ABRIL	2022-04-22T00:00:00	Imóveis com Danos / Risco	Vistoria em Imóveis	Rua Dom Bosco, 9<-%	Boa Vista	Sem Localidade	""	2022-04-22T00:00:00	Analise Visual Estrutural				0
70	Planície	2022	ABRIL	2022-04-19T00:00:00	""	""	"3ª Travessa Otacilio de Azevedo, #""#~"	Brejo de Beberibe	Nao Cadastrada	""	2022-04-19T00:00:00	Acoes de Porta-Porta				0
71	Planície	2022	ABRIL	2022-04-25T00:00:00	""	""	Rua Odete Monteiro, #^>	Cordeiro	Sem Localidade	""	2022-04-25T00:00:00	atendimento Social				0
72	Planície	2022	ABRIL	2022-04-25T00:00:00	""	""	Rua Francisco da Cunha, /@9=	Boa Viagem	Sem Localidade	""	2022-04-25T00:00:00	Acoes de Porta-Porta				0
73	Planície	2022	ABRIL	2022-04-22T00:00:00	""	""	"Rua Catuira, #""#~"	Torre	Sem Localidade	""	2022-04-22T00:00:00	Atendimento Social				0
74	Planície	2022	ABRIL	2022-04-25T00:00:00	""	""	Rua Dom Bosco, /@9=	Boa Vista	Sem Localidade	""	2022-04-25T00:00:00	Encaminhamentos aos Parceiros				0
75	Planície	2022	ABRIL	2022-04-25T00:00:00	""	""	Avenida Prof. Jose dos Anjos, ~|}[	Arruda	Sem Localidade	""	2022-04-25T00:00:00	Encaminhamentos aos Parceiros				0
76	Planície	2022	ABRIL	2022-04-25T00:00:00	Imóveis com Danos / Risco	Vistoria em Imóveis	Rua da Gloria, #^>	Boa Vista	Sem Localidade	""	2022-04-25T00:00:00	Analise Visual Estrutural				0
77	Planície	2022	ABRIL	2022-04-25T00:00:00	Imóveis com Danos / Risco	Vistoria em Imóveis	Rua da Gloria, {})!	Boa Vista	Sem Localidade	""	2022-04-25T00:00:00	Analise Visual Estrutural				0
78	Planície	2022	ABRIL	2022-04-25T00:00:00	Imóveis com Danos / Risco	Vistoria em Imóveis	Rua da Gloria, ^[{	Boa Vista	Sem Localidade	""	2022-04-25T00:00:00	Analise Visual Estrutural				0
79	Planície	2022	ABRIL	2022-04-25T00:00:00	Imóveis com Danos / Risco	Vistoria em Imóveis	Rua da Gloria, .<^&	Boa Vista	Sem Localidade	""	2022-04-25T00:00:00	Analise Visual Estrutural				0
80	Planície	2022	ABRIL	2022-04-25T00:00:00	""	""	Rua da Gloria, %$<!	Boa Vista	Sem Localidade	""	2022-04-25T00:00:00	Acoes de Porta-Porta				0
81	Planície	2022	ABRIL	2022-04-25T00:00:00	""	""	Rua da Gloria, 9<-%	Boa Vista	Sem Localidade	""	2022-04-25T00:00:00	Acoes de Porta-Porta				0
82	Planície	2022	ABRIL	2022-04-25T00:00:00	""	""	Rua Souza Bandeira, ~|}[	Torre	Sem Localidade	""	2022-04-25T00:00:00	atendimento Social				0
83	Planície	2022	ABRIL	2022-04-25T00:00:00	""	""	Rua da Gloria, @}>	Boa Vista	Sem Localidade	""	2022-04-25T00:00:00	Acoes de Porta-Porta				0
84	Planície	2022	ABRIL	2022-04-25T00:00:00	""	""	Rua da Gloria, >#'\	Boa Vista	Sem Localidade	""	2022-04-25T00:00:00	atendimento Social				0
85	Planície	2022	ABRIL	2022-04-25T00:00:00	""	""	Rua da Gloria, ?_$.	Boa Vista	Sem Localidade	""	2022-04-25T00:00:00	atendimento Social				0
86	Planície	2022	ABRIL	2022-04-25T00:00:00	""	""	Rua da Gloria, `=-[	Boa Vista	Sem Localidade	""	2022-04-25T00:00:00	atendimento Social				0
87	Planície	2022	ABRIL	2022-04-25T00:00:00	""	""	Rua da Gloria, #$[	Boa Vista	Sem Localidade	""	2022-04-25T00:00:00	atendimento Social				0
88	Planície	2022	ABRIL	2022-04-25T00:00:00	Imóveis com Danos / Risco	Vistoria em Imóveis	Rua Souza Bandeira, .[?	Torre	Sem Localidade	""	2022-04-25T00:00:00	Analise Visual Estrutural				0
89	Planície	2022	ABRIL	2022-04-25T00:00:00	Imóveis com Danos / Risco	Vistoria em Imóveis	Rua Odete Monteiro, #_|/	Cordeiro	Sem Localidade	""	2022-04-25T00:00:00	Analise Visual Estrutural				0
90	Planície	2022	ABRIL	2022-04-25T00:00:00	Imóveis com Danos / Risco	Vistoria em Imóveis	"Rua Francisco da Cunha, ""#*9"	Boa Viagem	Sem Localidade	""	2022-04-25T00:00:00	Analise Visual Estrutural				0
91	Planície	2022	ABRIL	2022-04-25T00:00:00	""	""	"Rua Souza Bandeira, +?""]"	Torre	Sem Localidade	""	2022-04-25T00:00:00	Acoes de Porta-Porta				0
92	Planície	2022	ABRIL	2022-04-25T00:00:00	""	""	"Rua Odete Monteiro, #""#~"	Cordeiro	Sem Localidade	""	2022-04-25T00:00:00	Acoes de Porta-Porta				0
93	Planície	2022	ABRIL	2022-04-25T00:00:00	""	""	Rua da Gloria, $!>=	Boa Vista	Sem Localidade	""	2022-04-25T00:00:00	Acoes de Porta-Porta				0
94	Planície	2022	ABRIL	2022-04-19T00:00:00	""	""	3ª Travessa Otacilio de Azevedo, /@9=	Brejo de Beberibe	Nao Cadastrada	""	2022-04-19T00:00:00	Acoes de Porta-Porta				0
95	Planície	2022	ABRIL	2022-04-19T00:00:00	""	""	3ª Travessa Otacilio de Azevedo, ~|}[	Brejo de Beberibe	Nao Cadastrada	""	2022-04-19T00:00:00	Acoes de Porta-Porta				0
96	Planície	2022	ABRIL	2022-04-19T00:00:00	""	""	3ª Travessa Otacilio de Azevedos/N, #^>	Brejo de Beberibe	Nao Cadastrada	""	2022-04-19T00:00:00	Acoes de Porta-Porta				0
97	Planície	2022	ABRIL	2022-04-19T00:00:00	""	""	1ª Travessa Otacilio de Azevedo, >#'\	Brejo de Beberibe	Nao Cadastrada	""	2022-04-19T00:00:00	Acoes de Porta-Porta				0
98	Planície	2022	ABRIL	2022-04-19T00:00:00	""	""	1ª Travessa Otacilio de Azevedo, $!>=	Brejo de Beberibe	Nao Cadastrada	""	2022-04-19T00:00:00	Acoes de Porta-Porta				0
99	Planície	2022	ABRIL	2022-04-19T00:00:00	""	""	1ª Travessa Otacilio de Azevedo, @}>	Brejo de Beberibe	Nao Cadastrada	""	2022-04-19T00:00:00	Acoes de Porta-Porta				0
100	Planície	2022	ABRIL	2022-04-19T00:00:00	""	""	1ª Travessa Otacilio de Azevedo, 9<-%	Brejo de Beberibe	Nao Cadastrada	""	2022-04-19T00:00:00	Acoes de Porta-Porta				0
101	Planície	2022	ABRIL	2022-04-19T00:00:00	""	""	1ª Travessa Otacilio de Azevedo, %$<!	Brejo de Beberibe	Nao Cadastrada	""	2022-04-19T00:00:00	Acoes de Porta-Porta				0
102	Planície	2022	ABRIL	2022-04-19T00:00:00	""	""	1ª Travessa Otacilio de Azevedo, .<^&	Brejo de Beberibe	Nao Cadastrada	""	2022-04-19T00:00:00	Acoes de Porta-Porta				0
103	Planície	2022	ABRIL	2022-04-19T00:00:00	""	""	1ª Travessa Otacilio de Azevedo, ^[{	Brejo de Beberibe	Nao Cadastrada	""	2022-04-19T00:00:00	Acoes de Porta-Porta				0
104	Planície	2022	ABRIL	2022-04-19T00:00:00	""	""	1ª Travessa Otacilio de Azevedo, {})!	Brejo de Beberibe	Nao Cadastrada	""	2022-04-19T00:00:00	Acoes de Porta-Porta				0
105	Planície	2022	ABRIL	2022-04-19T00:00:00	""	""	1ª Travessa Otacilio de Azevedo, #^>	Brejo de Beberibe	Nao Cadastrada	""	2022-04-19T00:00:00	Acoes de Porta-Porta				0
106	Planície	2022	ABRIL	2022-04-19T00:00:00	""	""	1ª Travessa Otacilio de Azevedo, ?_$.	Brejo de Beberibe	Nao Cadastrada	""	2022-04-19T00:00:00	Acoes de Porta-Porta				0
107	Planície	2022	ABRIL	2022-04-19T00:00:00	""	""	1ª Travessa Otacilio de Azevedo, ~|}[	Brejo de Beberibe	Nao Cadastrada	""	2022-04-19T00:00:00	Acoes de Porta-Porta				0
108	Planície	2022	ABRIL	2022-04-19T00:00:00	""	""	"2ª Travessa Otacilio de Azevedo, #""#~"	Brejo de Beberibe	Nao Cadastrada	""	2022-04-19T00:00:00	Acoes de Porta-Porta				0
109	Planície	2022	ABRIL	2022-04-19T00:00:00	""	""	"2ª Travessa Otacilio de Azevedo, +?""]"	Brejo de Beberibe	Nao Cadastrada	""	2022-04-19T00:00:00	Acoes de Porta-Porta				0
110	Planície	2022	ABRIL	2022-04-19T00:00:00	""	""	"3ª Travessa Otacilio de Azevedo, ""#*9"	Brejo de Beberibe	Nao Cadastrada	""	2022-04-19T00:00:00	Acoes de Porta-Porta				0
111	Planície	2022	ABRIL	2022-04-19T00:00:00	""	""	3ª Travessa Otacilio de Azevedo, #_|/	Brejo de Beberibe	Nao Cadastrada	""	2022-04-19T00:00:00	Acoes de Porta-Porta				0
112	Planície	2022	ABRIL	2022-04-19T00:00:00	""	""	3ª Travessa Otacilio de Azevedo, .[?	Brejo de Beberibe	Nao Cadastrada	""	2022-04-19T00:00:00	Acoes de Porta-Porta				0
113	Planície	2022	ABRIL	2022-04-19T00:00:00	""	""	3ª Travessa Otacilio de Azevedo, #$[	Brejo de Beberibe	Nao Cadastrada	""	2022-04-19T00:00:00	Acoes de Porta-Porta				0
114	Planície	2022	ABRIL	2022-04-19T00:00:00	""	""	3ª Travessa Otacilio de Azevedo, `=-[	Brejo de Beberibe	Nao Cadastrada	""	2022-04-19T00:00:00	Acoes de Porta-Porta				0
115	Planície	2022	ABRIL	2022-04-19T00:00:00	""	""	3ª Travessa Otacilio de Azevedo, ?_$.	Brejo de Beberibe	Nao Cadastrada	""	2022-04-19T00:00:00	Acoes de Porta-Porta				0
116	Planície	2022	ABRIL	2022-04-19T00:00:00	""	""	3ª Travessa Otacilio de Azevedo, >#'\	Brejo de Beberibe	Nao Cadastrada	""	2022-04-19T00:00:00	Acoes de Porta-Porta				0
117	Planície	2022	ABRIL	2022-04-19T00:00:00	""	""	1ª Travessa Otacilio de Azevedo, /@9=	Brejo de Beberibe	Nao Cadastrada	""	2022-04-19T00:00:00	Acoes de Porta-Porta				0
118	Planície	2022	ABRIL	2022-04-19T00:00:00	""	""	3ª Travessa Otacilio de Azevedo, $!>=	Brejo de Beberibe	Nao Cadastrada	""	2022-04-19T00:00:00	Acoes de Porta-Porta				0
119	Planície	2022	ABRIL	2022-04-19T00:00:00	""	""	1ª Travessa Otacilio de Azevedo, `=-[	Brejo de Beberibe	Nao Cadastrada	""	2022-04-19T00:00:00	Acoes de Porta-Porta				0
120	Planície	2022	ABRIL	2022-04-19T00:00:00	""	""	1ª Travessa Otacilio de Azevedo, .[?	Brejo de Beberibe	Nao Cadastrada	""	2022-04-19T00:00:00	Acoes de Porta-Porta				0
121	Planície	2022	ABRIL	2022-04-13T00:00:00	""	""	"Rua Sebastiao de Alencastro Salazar, +?""]"	Varzea	Sem Localidade	""	2022-04-13T00:00:00	Analise Visual Estrutural				0
122	Planície	2022	ABRIL	2022-04-13T00:00:00	""	""	"Rua Jose Austragesimo, ""#*9"	Arruda	Sem Localidade	""	2022-04-13T00:00:00	Analise Visual Estrutural				0
123	Planície	2022	ABRIL	2022-04-13T00:00:00	""	""	Rua Desembargador Adolfo Ciriaco, #_|/	Prado	Sem Localidade	""	2022-04-13T00:00:00	Analise Visual Estrutural				0
124	Planície	2022	ABRIL	2022-04-13T00:00:00	""	""	Rua Gomes Taborda, .[?	Prado	Sem Localidade	""	2022-04-13T00:00:00	Analise de Processos				0
125	Planície	2022	ABRIL	2022-04-19T00:00:00	""	""	1ª Travessa Otacilio de Azevedo, ?_$.	Brejo de Beberibe	Nao Cadastrada	""	2022-04-19T00:00:00	Acoes de Porta-Porta				0
126	Planície	2022	ABRIL	2022-04-19T00:00:00	""	""	1ª Travessa Otacilio de Azevedo, >#'\	Brejo de Beberibe	Nao Cadastrada	""	2022-04-19T00:00:00	Acoes de Porta-Porta				0
127	Planície	2022	ABRIL	2022-04-19T00:00:00	""	""	3ª Travessa Otacilio de Azevedo, $!>=	Brejo de Beberibe	Nao Cadastrada	""	2022-04-19T00:00:00	Acoes de Porta-Porta				0
128	Planície	2022	ABRIL	2022-04-19T00:00:00	""	""	1ª Travessa Otacilio de Azevedo, @}>	Brejo de Beberibe	Nao Cadastrada	""	2022-04-19T00:00:00	Acoes de Porta-Porta				0
129	Planície	2022	ABRIL	2022-04-19T00:00:00	""	""	1ª Travessa Otacilio de Azevedo, 9<-%	Brejo de Beberibe	Nao Cadastrada	""	2022-04-19T00:00:00	Acoes de Porta-Porta				0
130	Planície	2022	ABRIL	2022-04-19T00:00:00	""	""	1ª Travessa Otacilio de Azevedo, #$[	Brejo de Beberibe	Nao Cadastrada	""	2022-04-19T00:00:00	Acoes de Porta-Porta				0
131	Planície	2022	ABRIL	2022-04-19T00:00:00	""	""	1ª Travessa Otacilio de Azevedo, %$<!	Brejo de Beberibe	Nao Cadastrada	""	2022-04-19T00:00:00	Acoes de Porta-Porta				0
132	Planície	2022	ABRIL	2022-04-19T00:00:00	""	""	1ª Travessa Otacilio de Azevedo, ^[{	Brejo de Beberibe	Nao Cadastrada	""	2022-04-19T00:00:00	Acoes de Porta-Porta				0
133	Planície	2022	ABRIL	2022-04-19T00:00:00	""	""	3ª Travessa Otacilio de Azevedo, {})!	Brejo de Beberibe	Nao Cadastrada	""	2022-04-19T00:00:00	Acoes de Porta-Porta				0
134	Planície	2022	ABRIL	2022-04-19T00:00:00	""	""	3ª Travessa Otacilio de Azevedo, #^>	Brejo de Beberibe	Nao Cadastrada	""	2022-04-19T00:00:00	Acoes de Porta-Porta				0
135	Planície	2022	ABRIL	2022-04-19T00:00:00	""	""	3ª Travessa Otacilio de Azevedo, ~|}[	Brejo de Beberibe	Nao Cadastrada	""	2022-04-19T00:00:00	Acoes de Porta-Porta				0
136	Planície	2022	ABRIL	2022-04-19T00:00:00	""	""	3ª Travessa Otacilio de Azevedo, /@9=	Brejo de Beberibe	Nao Cadastrada	""	2022-04-19T00:00:00	Acoes de Porta-Porta				0
137	Planície	2022	ABRIL	2022-04-19T00:00:00	""	""	"3ª Travessa Otacilio de Azevedo, #""#~"	Brejo de Beberibe	Nao Cadastrada	""	2022-04-19T00:00:00	Acoes de Porta-Porta				0
138	Planície	2022	ABRIL	2022-04-19T00:00:00	""	""	"3ª Travessa Otacilio de Azevedo, +?""]"	Brejo de Beberibe	Nao Cadastrada	""	2022-04-19T00:00:00	Acoes de Porta-Porta				0
139	Planície	2022	ABRIL	2022-04-19T00:00:00	""	""	"3ª Travessa Otacilio de Azevedo, ""#*9"	Brejo de Beberibe	Nao Cadastrada	""	2022-04-19T00:00:00	Acoes de Porta-Porta				0
140	Planície	2022	ABRIL	2022-04-19T00:00:00	""	""	3ª Travessa Otacilio de Azevedo, #_|/	Brejo de Beberibe	Nao Cadastrada	""	2022-04-19T00:00:00	Acoes de Porta-Porta				0
141	Planície	2022	ABRIL	2022-04-19T00:00:00	""	""	1ª Travessa Otacilio de Azevedo, .<^&	Brejo de Beberibe	Nao Cadastrada	""	2022-04-19T00:00:00	Acoes de Porta-Porta				0
142	Planície	2022	ABRIL	2022-04-29T00:00:00	Imóveis com Danos / Risco	Vistoria em Imóveis	Rua da Matriz, @}>	Boa Vista	Sem Localidade	""	2022-04-29T00:00:00	Analise Visual Estrutural				0
143	Planície	2022	ABRIL	2022-04-14T00:00:00	""	""	Rua Tapama, #^>	Torre	Nao Cadastrada	""	2022-04-14T00:00:00	Acoes de Porta-Porta				0
144	Planície	2022	ABRIL	2022-04-14T00:00:00	""	""	Rua Tapama, ^[{	Torre	Nao Cadastrada	""	2022-04-14T00:00:00	Acoes de Porta-Porta				0
145	Planície	2022	ABRIL	2022-04-19T00:00:00	""	""	2ª Travessa Otacilio de Azevedo, {})!	Brejo de Beberibe	Nao Cadastrada	""	2022-04-19T00:00:00	Acoes de Porta-Porta				0
146	Planície	2022	ABRIL	2022-04-19T00:00:00	""	""	2ª Travessa Otacilio de Azevedo, #^>	Brejo de Beberibe	Nao Cadastrada	""	2022-04-19T00:00:00	Acoes de Porta-Porta				0
147	Planície	2022	ABRIL	2022-04-19T00:00:00	""	""	2ª Travessa Otacilio de Azevedo, ~|}[	Brejo de Beberibe	Nao Cadastrada	""	2022-04-19T00:00:00	Acoes de Porta-Porta				0
148	Planície	2022	ABRIL	2022-04-19T00:00:00	""	""	2ª Travessa Otacilio de Azevedo, /@9=	Brejo de Beberibe	Nao Cadastrada	""	2022-04-19T00:00:00	Acoes de Porta-Porta				0
149	Planície	2022	ABRIL	2022-04-19T00:00:00	""	""	"2ª Travessa Otacilio de Azevedo, #""#~"	Brejo de Beberibe	Nao Cadastrada	""	2022-04-19T00:00:00	Acoes de Porta-Porta				0
150	Planície	2022	ABRIL	2022-04-19T00:00:00	""	""	"3ª Travessa Otacilio de Azevedo, +?""]"	Brejo de Beberibe	Nao Cadastrada	""	2022-04-19T00:00:00	Acoes de Porta-Porta				0
151	Planície	2022	ABRIL	2022-04-19T00:00:00	""	""	"3ª Travessa Otacilio de Azevedo, ""#*9"	Brejo de Beberibe	Nao Cadastrada	""	2022-04-19T00:00:00	Acoes de Porta-Porta				0
152	Planície	2022	ABRIL	2022-04-19T00:00:00	""	""	3ª Travessa Otacilio de Azevedo, #_|/	Brejo de Beberibe	Nao Cadastrada	""	2022-04-19T00:00:00	Acoes de Porta-Porta				0
153	Planície	2022	ABRIL	2022-04-19T00:00:00	""	""	3ª Travessa Otacilio de Azevedo, .[?	Brejo de Beberibe	Nao Cadastrada	""	2022-04-19T00:00:00	Acoes de Porta-Porta				0
154	Planície	2022	ABRIL	2022-04-19T00:00:00	""	""	2ª Travessa Otacilio de Azevedo, ^[{	Brejo de Beberibe	Nao Cadastrada	""	2022-04-19T00:00:00	Acoes de Porta-Porta				0
155	Planície	2022	ABRIL	2022-04-19T00:00:00	""	""	3ª Travessa Otacilio de Azevedo, #$[	Brejo de Beberibe	Nao Cadastrada	""	2022-04-19T00:00:00	Acoes de Porta-Porta				0
156	Planície	2022	ABRIL	2022-04-19T00:00:00	""	""	3ª Travessa Otacilio de Azevedo, ?_$.	Brejo de Beberibe	Nao Cadastrada	""	2022-04-19T00:00:00	Acoes de Porta-Porta				0
157	Planície	2022	ABRIL	2022-04-19T00:00:00	""	""	3ª Travessa Otacilio de Azevedo, >#'\	Brejo de Beberibe	Nao Cadastrada	""	2022-04-19T00:00:00	Acoes de Porta-Porta				0
158	Planície	2022	ABRIL	2022-04-19T00:00:00	""	""	3ª Travessa Otacilio de Azevedo, $!>=	Brejo de Beberibe	Nao Cadastrada	""	2022-04-19T00:00:00	Acoes de Porta-Porta				0
159	Planície	2022	ABRIL	2022-04-19T00:00:00	""	""	3ª Travessa Otacilio de Azevedo, @}>	Brejo de Beberibe	Nao Cadastrada	""	2022-04-19T00:00:00	Acoes de Porta-Porta				0
160	Planície	2022	ABRIL	2022-04-19T00:00:00	""	""	3ª Travessa Otacilio de Azevedo, 9<-%	Brejo de Beberibe	Nao Cadastrada	""	2022-04-19T00:00:00	Acoes de Porta-Porta				0
161	Planície	2022	ABRIL	2022-04-19T00:00:00	""	""	3ª Travessa Otacilio de Azevedo, %$<!	Brejo de Beberibe	Nao Cadastrada	""	2022-04-19T00:00:00	Acoes de Porta-Porta				0
162	Planície	2022	ABRIL	2022-04-19T00:00:00	""	""	3ª Travessa Otacilio de Azevedo, .<^&	Brejo de Beberibe	Nao Cadastrada	""	2022-04-19T00:00:00	Acoes de Porta-Porta				0
163	Planície	2022	ABRIL	2022-04-19T00:00:00	""	""	3ª Travessa Otacilio de Azevedo, ^[{	Brejo de Beberibe	Nao Cadastrada	""	2022-04-19T00:00:00	Acoes de Porta-Porta				0
164	Planície	2022	ABRIL	2022-04-19T00:00:00	""	""	3ª Travessa Otacilio de Azevedo, {})!	Brejo de Beberibe	Nao Cadastrada	""	2022-04-19T00:00:00	Acoes de Porta-Porta				0
165	Planície	2022	ABRIL	2022-04-19T00:00:00	""	""	3ª Travessa Otacilio de Azevedo, `=-[	Brejo de Beberibe	Nao Cadastrada	""	2022-04-19T00:00:00	Acoes de Porta-Porta				0
166	Planície	2022	ABRIL	2022-04-14T00:00:00	""	""	Rua Tapama, {})!	Torre	Nao Cadastrada	""	2022-04-14T00:00:00	Acoes de Porta-Porta				0
167	Planície	2022	ABRIL	2022-04-19T00:00:00	""	""	2ª Travessa Otacilio de Azevedo, .<^&	Brejo de Beberibe	Nao Cadastrada	""	2022-04-19T00:00:00	Acoes de Porta-Porta				0
168	Planície	2022	ABRIL	2022-04-19T00:00:00	""	""	2ª Travessa Otacilio de Azevedo, 9<-%	Brejo de Beberibe	Nao Cadastrada	""	2022-04-19T00:00:00	Acoes de Porta-Porta				0
169	Planície	2022	ABRIL	2022-04-14T00:00:00	""	""	Rua Tapama, .<^&	Torre	Nao Cadastrada	""	2022-04-14T00:00:00	Acoes de Porta-Porta				0
170	Planície	2022	ABRIL	2022-04-14T00:00:00	""	""	Rua Tapama, %$<!	Torre	Nao Cadastrada	""	2022-04-14T00:00:00	Acoes de Porta-Porta				0
171	Planície	2022	ABRIL	2022-04-14T00:00:00	""	""	Rua Tapama, 9<-%	Torre	Nao Cadastrada	""	2022-04-14T00:00:00	Acoes de Porta-Porta				0
172	Planície	2022	ABRIL	2022-04-14T00:00:00	""	""	Rua Tapama, @}>	Torre	Nao Cadastrada	""	2022-04-14T00:00:00	Acoes de Porta-Porta				0
173	Planície	2022	ABRIL	2022-04-14T00:00:00	""	""	Rua Tapama, $!>=	Torre	Nao Cadastrada	""	2022-04-14T00:00:00	Acoes de Porta-Porta				0
174	Planície	2022	ABRIL	2022-04-14T00:00:00	""	""	Rua Tapama, >#'\	Torre	Nao Cadastrada	""	2022-04-14T00:00:00	Acoes de Porta-Porta				0
175	Planície	2022	ABRIL	2022-04-14T00:00:00	""	""	Rua Tapama, ?_$.	Torre	Nao Cadastrada	""	2022-04-14T00:00:00	Acoes de Porta-Porta				0
176	Planície	2022	ABRIL	2022-04-14T00:00:00	""	""	Rua Tapama, `=-[	Torre	Nao Cadastrada	""	2022-04-14T00:00:00	Acoes de Porta-Porta				0
177	Planície	2022	ABRIL	2022-04-14T00:00:00	""	""	Rua Tapama, #$[	Torre	Nao Cadastrada	""	2022-04-14T00:00:00	Acoes de Porta-Porta				0
178	Planície	2022	ABRIL	2022-04-19T00:00:00	""	""	2ª Travessa Otacilio de Azevedo, %$<!	Brejo de Beberibe	Nao Cadastrada	""	2022-04-19T00:00:00	Acoes de Porta-Porta				0
179	Planície	2022	ABRIL	2022-04-14T00:00:00	""	""	Rua Tapama, .[?	Torre	Nao Cadastrada	""	2022-04-14T00:00:00	Acoes de Porta-Porta				0
180	Planície	2022	ABRIL	2022-04-14T00:00:00	""	""	"Rua Tapama, ""#*9"	Torre	Nao Cadastrada	""	2022-04-14T00:00:00	Acoes de Porta-Porta				0
181	Planície	2022	ABRIL	2022-04-14T00:00:00	""	""	"Rua Tapama, +?""]"	Torre	Nao Cadastrada	""	2022-04-14T00:00:00	Acoes de Porta-Porta				0
182	Planície	2022	ABRIL	2022-04-14T00:00:00	""	""	"Rua Tapama, #""#~"	Torre	Nao Cadastrada	""	2022-04-14T00:00:00	Acoes de Porta-Porta				0
183	Planície	2022	ABRIL	2022-04-14T00:00:00	""	""	Rua Tapama, /@9=	Torre	Nao Cadastrada	""	2022-04-14T00:00:00	Acoes de Porta-Porta				0
184	Planície	2022	ABRIL	2022-04-14T00:00:00	""	""	Rua Tapama, ~|}[	Torre	Nao Cadastrada	""	2022-04-14T00:00:00	Acoes de Porta-Porta				0
185	Planície	2022	ABRIL	2022-04-14T00:00:00	""	""	Rua Tapama, #^>	Torre	Nao Cadastrada	""	2022-04-14T00:00:00	Acoes de Porta-Porta				0
186	Planície	2022	ABRIL	2022-04-14T00:00:00	""	""	Rua Tapama, {})!	Torre	Nao Cadastrada	""	2022-04-14T00:00:00	Acoes de Porta-Porta				0
187	Planície	2022	ABRIL	2022-04-14T00:00:00	""	""	Rua Tapama, ^[{	Torre	Nao Cadastrada	""	2022-04-14T00:00:00	Acoes de Porta-Porta				0
188	Planície	2022	ABRIL	2022-04-19T00:00:00	""	""	2ª Travessa Otacilio de Azevedo, @}>	Brejo de Beberibe	Nao Cadastrada	""	2022-04-19T00:00:00	Acoes de Porta-Porta				0
189	Planície	2022	ABRIL	2022-04-14T00:00:00	""	""	Rua Tapama, #_|/	Torre	Nao Cadastrada	""	2022-04-14T00:00:00	Acoes de Porta-Porta				0
190	Planície	2022	ABRIL	2022-04-29T00:00:00	""	""	Beco Maria de Fatima, 9<-%	Ilha Joana Bezerra	Sem Localidade	""	2022-04-29T00:00:00	atendimento social				0
191	Planície	2022	ABRIL	2022-04-29T00:00:00	""	""	Beco Maria de Fatima, %$<!	Ilha Joana Bezerra	Sem Localidade	""	2022-04-29T00:00:00	atendimento social				0
192	Planície	2022	ABRIL	2022-04-29T00:00:00	""	""	Beco Maria de Fatima, .<^&	Ilha Joana Bezerra	Sem Localidade	""	2022-04-29T00:00:00	Acoes de Porta-Porta				0
193	Planície	2022	ABRIL	2022-04-28T00:00:00	""	""	Beco Maria de Fatima, #_|/	Ilha Joana Bezerra	Sem Localidade	""	2022-04-28T00:00:00	atendimento social				0
194	Planície	2022	ABRIL	2022-04-28T00:00:00	""	""	"Avenida Otacilio de Azevedo, ""#*9"	Brejo de Beberibe	Sem Localidade	""	2022-04-28T00:00:00	atendimento social				0
195	Planície	2022	ABRIL	2022-04-28T00:00:00	Imóveis com Danos / Risco	Vistoria em Imóveis	"Rua Alvorada do Sul, +?""]"	Ibura	Sem Localidade	""	2022-04-28T00:00:00	Analise Visual Estrutural				0
196	Planície	2022	ABRIL	2022-04-28T00:00:00	""	""	"1ª Travessa Manaira, #""#~"	Ibura	Sem Localidade	""	2022-04-28T00:00:00	Analise Visual Estrutural				0
197	Planície	2022	ABRIL	2022-04-28T00:00:00	""	""	Rua Alvorada do Sul, /@9=	Ibura	Sem Localidade	""	2022-04-28T00:00:00	Acoes de Porta-Porta				0
198	Planície	2022	ABRIL	2022-04-28T00:00:00	""	""	1ª Travessa Manaira, ~|}[	Ibura	Sem Localidade	""	2022-04-28T00:00:00	Acoes de Porta-Porta				0
199	Planície	2022	ABRIL	2022-04-28T00:00:00	""	""	Rua Alvorada do Sul, #^>	Ibura	Sem Localidade	""	2022-04-28T00:00:00	Atendimento Social				0
200	Planície	2022	ABRIL	2022-04-28T00:00:00	""	""	1ª Travessa Manaira, {})!	Ibura	Sem Localidade	""	2022-04-28T00:00:00	Atendimento Social				0
201	Planície	2022	ABRIL	2022-04-12T00:00:00	""	""	Rua Capitao Gregorio de Caldas, @}>	Areias	Sem Localidade	""	2022-04-12T00:00:00	atendimento Social				0
202	Planície	2022	ABRIL	2022-04-28T00:00:00	""	""	Avenida Otacilio de Azevedo, .[?	Brejo de Beberibe	Sem Localidade	""	2022-04-28T00:00:00	atendimento social				0
203	Planície	2022	ABRIL	2022-04-12T00:00:00	""	""	Rua Prof. Silvio da Cunha Santos, 9<-%	San Martin	Sem Localidade	""	2022-04-12T00:00:00	atendimento Social				0
204	Planície	2022	ABRIL	2022-04-12T00:00:00	""	""	Rua Capitao Gregorio de Caldas, .<^&	Areias	Sem Localidade	""	2022-04-12T00:00:00	Acoes de Porta-Porta				0
205	Planície	2022	ABRIL	2022-04-12T00:00:00	""	""	Rua Prof. Silvio da Cunha Santos, ^[{	San Martin	Sem Localidade	""	2022-04-12T00:00:00	Acoes de Porta-Porta				0
206	Planície	2022	ABRIL	2022-04-12T00:00:00	""	""	Rua Joao Carlos Pereira Mota, {})!	Jardim Sao Paulo	Sem Localidade	""	2022-04-12T00:00:00	Acoes de Porta-Porta				0
207	Planície	2022	ABRIL	2022-04-12T00:00:00	Imóveis com Danos / Risco	Vistoria em Imóveis	Rua Capitao Gregorio de Caldas, #^>	Areias	Sem Localidade	R4	2022-04-12T00:00:00	Analise Visual Estrutural				0
208	Planície	2022	ABRIL	2022-04-12T00:00:00	Imóveis com Danos / Risco	Vistoria em Imóveis	Rua Prof. Silvio da Cunha Santos, ~|}[	San Martin	Sem Localidade	""	2022-04-12T00:00:00	Analise Visual Estrutural				0
209	Planície	2022	ABRIL	2022-04-12T00:00:00	Imóveis com Danos / Risco	Vistoria em Imóveis	Rua Joao Carlos Pereira Mota, /@9=	Jardim Sao Paulo	Sem Localidade	""	2022-04-12T00:00:00	Analise Visual Estrutural				0
210	Planície	2022	ABRIL	2022-04-12T00:00:00	""	""	"Avenida Vereador Otacilio de Azevedo, #""#~"	Brejo de Beberibe	Sem Localidade	""	2022-04-12T00:00:00	atendimento Social				0
211	Planície	2022	ABRIL	2022-04-12T00:00:00	""	""	"Avenida Vereador Otacilio de Azevedo, +?""]"	Brejo de Beberibe	Sem Localidade	""	2022-04-12T00:00:00	atendimento Social				0
212	Planície	2022	ABRIL	2022-04-12T00:00:00	""	""	"Avenida Vereador Otacilio de Azevedo, ""#*9"	Brejo de Beberibe	Sem Localidade	""	2022-04-12T00:00:00	atendimento Social				0
213	Planície	2022	ABRIL	2022-04-12T00:00:00	""	""	Rua Joao Carlos Pereira Mota, %$<!	Jardim Sao Paulo	Sem Localidade	""	2022-04-12T00:00:00	atendimento Social				0
214	Planície	2022	ABRIL	2022-04-12T00:00:00	""	""	Avenida Vereador Otacilio de Azevedo, #_|/	Brejo de Beberibe	Sem Localidade	""	2022-04-12T00:00:00	atendimento Social				0
215	Planície	2022	ABRIL	2022-04-28T00:00:00	""	""	Rua do Campo, #$[	Cohab	Lagoa Encantada	""	2022-04-28T00:00:00	atendimento social				0
216	Planície	2022	ABRIL	2022-04-28T00:00:00	""	""	Rua Presidente Honorio Heremeto, ?_$.	Varzea	Sem Localidade	""	2022-04-28T00:00:00	atendimento social				0
217	Planície	2022	ABRIL	2022-04-18T00:00:00	""	""	"Rua Desembargador Angelo Jordao Q, ""#*9"	Iputinga	Sem Localidade	""	2022-04-18T00:00:00	Atendimento Social				0
218	Planície	2022	ABRIL	2022-04-18T00:00:00	""	""	"Rua Edgar Fonseca de Amorim, +?""]"	Iputinga	Sem Localidade	""	2022-04-18T00:00:00	Atendimento Social				0
219	Planície	2022	ABRIL	2022-04-18T00:00:00	""	""	"Avenida Caxanga, #""#~"	Madalena	Sem Localidade	""	2022-04-18T00:00:00	Atendimento Social				0
220	Planície	2022	ABRIL	2022-04-18T00:00:00	""	""	Rua Ministro Marcos Freire, /@9=	Iputinga	Sem Localidade	""	2022-04-18T00:00:00	Atendimento Social				0
221	Planície	2022	ABRIL	2022-04-18T00:00:00	""	""	Comunidade Vila Sao Braz, ~|}[	Dois Irmaos	Sem Localidade	""	2022-04-18T00:00:00	Encaminhamentos aos Parceiros				0
222	Planície	2022	ABRIL	2022-04-18T00:00:00	""	""	Comunidade Vila, #^>	Bomba do Hemeterio	Sem Localidade	""	2022-04-18T00:00:00	Encaminhamentos aos Parceiros				0
223	Planície	2022	ABRIL	2022-04-18T00:00:00	""	""	Avenida Capitao Gregorio de Caldas, {})!	Areias	Sem Localidade	""	2022-04-18T00:00:00	Encaminhamentos aos Parceiros				0
224	Planície	2022	ABRIL	2022-04-18T00:00:00	""	""	Rua Jose de Alencar, ^[{	Boa Vista	Sem Localidade	""	2022-04-18T00:00:00	Analise de Processos				0
225	Planície	2022	ABRIL	2022-04-18T00:00:00	""	""	Rua Mamede Simoes, .<^&	Santo Amaro	Sem Localidade	""	2022-04-18T00:00:00	Encaminhamentos aos Parceiros				0
226	Planície	2022	ABRIL	2022-04-28T00:00:00	""	""	Rua Presidente Honorio Heremeto, `=-[	Varzea	Sem Localidade	""	2022-04-28T00:00:00	atendimento social				0
227	Planície	2022	ABRIL	2022-04-18T00:00:00	""	""	Rua Joao Carlos Pereira da Mota, %$<!	Jardim Sao Paulo	Sem Localidade	""	2022-04-18T00:00:00	Encaminhamentos aos Parceiros				0
228	Planície	2022	ABRIL	2022-04-18T00:00:00	""	""	Avenida Conde da Boa Vista, @}>	Boa Vista	Sem Localidade	""	2022-04-18T00:00:00	Encaminhamentos aos Parceiros				0
229	Planície	2022	ABRIL	2022-04-18T00:00:00	Incêndios	Vistoria em Imóveis	Rua do Nogueira, $!>=	Sao Jose	Sem Localidade	""	2022-04-18T00:00:00	Analise Visual Estrutural				0
230	Planície	2022	ABRIL	2022-04-18T00:00:00	""	""	Rua do Nogueira, >#'\	Sao Jose	Sem Localidade	""	2022-04-18T00:00:00	Acoes de Porta-Porta				0
231	Planície	2022	ABRIL	2022-04-18T00:00:00	""	""	Rua do Nogueira, ?_$.	Sao Jose	Sem Localidade	""	2022-04-18T00:00:00	Atendimento Social				0
232	Planície	2022	ABRIL	2022-04-28T00:00:00	""	""	Rua Presidente Honorio Heremeto, %$<!	Varzea	Sem Localidade	""	2022-04-28T00:00:00	Acoes de Porta-Porta				0
233	Planície	2022	ABRIL	2022-04-28T00:00:00	""	""	Rua do Campo, 9<-%	Cohab	Lagoa Encantada	""	2022-04-28T00:00:00	Acoes de Porta-Porta				0
234	Planície	2022	ABRIL	2022-04-28T00:00:00	""	""	Avenida Otacilio de Azevedo, @}>	Brejo de Beberibe	Sem Localidade	""	2022-04-28T00:00:00	Acoes de Porta-Porta				0
235	Planície	2022	ABRIL	2022-04-28T00:00:00	""	""	Beco Maria de Fatima, $!>=	Ilha Joana Bezerra	Sem Localidade	""	2022-04-28T00:00:00	Acoes de Porta-Porta				0
236	Planície	2022	ABRIL	2022-04-28T00:00:00	""	""	Avenida Otacilio de Azevedo, >#'\	Brejo de Beberibe	Sem Localidade	""	2022-04-28T00:00:00	Acoes de Porta-Porta				0
237	Planície	2022	ABRIL	2022-04-18T00:00:00	""	""	Avenida Conde da Boa Vista, 9<-%	Boa Vista	Sem Localidade	""	2022-04-18T00:00:00	Encaminhamentos aos Parceiros				0
238	Planície	2022	ABRIL	2022-04-18T00:00:00	""	""	Rua Ministro Marcos Freire, #_|/	Iputinga	Sem Localidade	""	2022-04-18T00:00:00	Acoes de Porta-Porta				0
239	Planície	2022	ABRIL	2022-04-12T00:00:00	""	""	Avenida Vereador Otacilio de Azevedo, .[?	Brejo de Beberibe	Sem Localidade	""	2022-04-12T00:00:00	atendimento Social				0
240	Planície	2022	ABRIL	2022-04-12T00:00:00	""	""	Travessa Otacilio de Azevedo, `=-[	Brejo de Beberibe	Sem Localidade	""	2022-04-12T00:00:00	atendimento Social				0
241	Planície	2022	ABRIL	2022-04-12T00:00:00	""	""	Avenida Rui Brabosa, %$<!	Gracas	Sem Localidade	""	2022-04-12T00:00:00	Analise de Processos				0
242	Planície	2022	ABRIL	2022-04-12T00:00:00	""	""	Rua Nobre de Lacerda, .<^&	Madalena	Sem Localidade	""	2022-04-12T00:00:00	Analise de Processos				0
243	Planície	2022	ABRIL	2022-04-12T00:00:00	""	""	Rua Cassimiro de Abreu, ^[{	Boa Vista	Sem Localidade	""	2022-04-12T00:00:00	Analise de Processos				0
244	Planície	2022	ABRIL	2022-04-12T00:00:00	""	""	Rua da Concordia, {})!	Sao Jose	Sem Localidade	""	2022-04-12T00:00:00	Encaminhamentos aos Parceiros				0
245	Planície	2022	ABRIL	2022-04-12T00:00:00	""	""	Rua da Concordia, #^>	Sao Jose	Sem Localidade	""	2022-04-12T00:00:00	Encaminhamentos aos Parceiros				0
246	Planície	2022	ABRIL	2022-04-12T00:00:00	""	""	Avenida Gov. Aamenon Magalhaes, ~|}[	Campo Grande	Sem Localidade	""	2022-04-12T00:00:00	Encaminhamentos aos Parceiros				0
247	Planície	2022	ABRIL	2022-04-12T00:00:00	""	""	Rua Doutor Jose Mariano, /@9=	Coelhos	Sem Localidade	""	2022-04-12T00:00:00	Encaminhamentos aos Parceiros				0
248	Planície	2022	ABRIL	2022-04-12T00:00:00	""	""	"Rua dos Prazeres, #""#~"	Coelhos	Sem Localidade	""	2022-04-12T00:00:00	Encaminhamentos aos Parceiros				0
249	Planície	2022	ABRIL	2022-04-12T00:00:00	""	""	"4ª Travessa Tacaete, +?""]"	Cordeiro	Sem Localidade	""	2022-04-12T00:00:00	Encaminhamentos aos Parceiros				0
250	Planície	2022	ABRIL	2022-04-12T00:00:00	""	""	Rua Marques do Herval, 9<-%	Santo Antonio	Sem Localidade	""	2022-04-12T00:00:00	Analise de Processos				0
251	Planície	2022	ABRIL	2022-04-12T00:00:00	""	""	"Rua Alvorada do Sul, ""#*9"	Ibura	Sem Localidade	""	2022-04-12T00:00:00	atendimento Social				0
252	Planície	2022	ABRIL	2022-04-12T00:00:00	""	""	Rua Teontonio Vilela, .[?	Areias	Sem Localidade	""	2022-04-12T00:00:00	atendimento Social				0
253	Planície	2022	ABRIL	2022-04-12T00:00:00	""	""	4ª Travessa Tacaete, #$[	Cordeiro	Sem Localidade	""	2022-04-12T00:00:00	atendimento Social				0
254	Planície	2022	ABRIL	2022-04-12T00:00:00	""	""	Rua Alvorada do Sul, `=-[	Ibura	Sem Localidade	""	2022-04-12T00:00:00	Acoes de Porta-Porta				0
255	Planície	2022	ABRIL	2022-04-12T00:00:00	""	""	Beco Maria de Fatima, ?_$.	Ilha Joana Bezerra	Sem Localidade	""	2022-04-12T00:00:00	Acoes de Porta-Porta				0
256	Planície	2022	ABRIL	2022-04-12T00:00:00	""	""	Rua Teontonio Vilela, >#'\	Areias	Sem Localidade	""	2022-04-12T00:00:00	Acoes de Porta-Porta				0
257	Planície	2022	ABRIL	2022-04-12T00:00:00	Imóveis com Danos / Risco	Vistoria em Imóveis	4ª Travessa Tacaete, $!>=	Cordeiro	Sem Localidade	""	2022-04-12T00:00:00	Analise Visual Estrutural				0
258	Planície	2022	ABRIL	2022-04-12T00:00:00	Imóveis com Danos / Risco	Vistoria em Imóveis	Rua Alvorada do Sul, @}>	Ibura	Sem Localidade	""	2022-04-12T00:00:00	Analise Visual Estrutural				0
259	Planície	2022	ABRIL	2022-04-12T00:00:00	Imóveis com Danos / Risco	Vistoria em Imóveis	Beco Maria de Fatima, 9<-%	Ilha Joana Bezerra	Sem Localidade	""	2022-04-12T00:00:00	Analise Visual Estrutural				0
260	Planície	2022	ABRIL	2022-04-12T00:00:00	Imóveis com Danos / Risco	Vistoria em Imóveis	Rua Teontonio Vilela, %$<!	Areias	Sem Localidade	""	2022-04-12T00:00:00	Analise Visual Estrutural				0
261	Planície	2022	ABRIL	2022-04-12T00:00:00	""	""	Beco Maria de Fatima, #_|/	Ilha Joana Bezerra	Sem Localidade	""	2022-04-12T00:00:00	atendimento Social				0
262	Planície	2022	ABRIL	2022-04-12T00:00:00	""	""	Travessa Otacilio de Azevedo, #$[	Brejo de Beberibe	Sem Localidade	""	2022-04-12T00:00:00	atendimento Social				0
263	Planície	2022	ABRIL	2022-04-12T00:00:00	""	""	Rua das Pernambucanas, @}>	Gracas	Sem Localidade	""	2022-04-12T00:00:00	Analise de Processos				0
264	Planície	2022	ABRIL	2022-04-12T00:00:00	""	""	Avenida Dantas Barreto, >#'\	Santo Antonio	Sem Localidade	""	2022-04-12T00:00:00	Analise de Processos				0
265	Planície	2022	ABRIL	2022-04-12T00:00:00	""	""	Travessa Otacilio de Azevedo, ?_$.	Brejo de Beberibe	Sem Localidade	""	2022-04-12T00:00:00	atendimento Social				0
266	Planície	2022	ABRIL	2022-04-12T00:00:00	""	""	Avenida Vereador Otacilio de Azevedo, >#'\	Brejo de Beberibe	Sem Localidade	""	2022-04-12T00:00:00	Acoes de Porta-Porta				0
267	Planície	2022	ABRIL	2022-04-12T00:00:00	""	""	Avenida Vereador Otacilio de Azevedo, $!>=	Brejo de Beberibe	Sem Localidade	""	2022-04-12T00:00:00	Acoes de Porta-Porta				0
268	Planície	2022	ABRIL	2022-04-12T00:00:00	""	""	Avenida Vereador Otacilio de Azevedo, @}>	Brejo de Beberibe	Sem Localidade	""	2022-04-12T00:00:00	Acoes de Porta-Porta				0
269	Planície	2022	ABRIL	2022-04-12T00:00:00	""	""	Avenida Vereador Otacilio de Azevedo, 9<-%	Brejo de Beberibe	Sem Localidade	""	2022-04-12T00:00:00	Acoes de Porta-Porta				0
270	Planície	2022	ABRIL	2022-04-12T00:00:00	""	""	Avenida Vereador Otacilio de Azevedo, %$<!	Brejo de Beberibe	Sem Localidade	""	2022-04-12T00:00:00	Acoes de Porta-Porta				0
271	Planície	2022	ABRIL	2022-04-12T00:00:00	""	""	Travessa Otacilio de Azevedo, .<^&	Brejo de Beberibe	Sem Localidade	""	2022-04-12T00:00:00	Acoes de Porta-Porta				0
272	Planície	2022	ABRIL	2022-04-12T00:00:00	""	""	Travessa Otacilio de Azevedo, ^[{	Brejo de Beberibe	Sem Localidade	""	2022-04-12T00:00:00	Acoes de Porta-Porta				0
273	Planície	2022	ABRIL	2022-04-12T00:00:00	""	""	Travessa Otacilio de Azevedo, {})!	Brejo de Beberibe	Sem Localidade	""	2022-04-12T00:00:00	Acoes de Porta-Porta				0
274	Planície	2022	ABRIL	2022-04-12T00:00:00	""	""	Rua de Santa Rita, $!>=	Sao Jose	Sem Localidade	""	2022-04-12T00:00:00	Analise de Processos				0
275	Planície	2022	ABRIL	2022-04-12T00:00:00	Imóveis com Danos / Risco	Vistoria em Imóveis	Avenida Vereador Otacilio de Azevedo, #^>	Brejo de Beberibe	Sem Localidade	""	2022-04-12T00:00:00	Analise Visual Estrutural				0
276	Planície	2022	ABRIL	2022-04-12T00:00:00	Imóveis com Danos / Risco	Vistoria em Imóveis	Avenida Vereador Otacilio de Azevedo, /@9=	Brejo de Beberibe	Sem Localidade	""	2022-04-12T00:00:00	Analise Visual Estrutural				0
277	Planície	2022	ABRIL	2022-04-12T00:00:00	Imóveis com Danos / Risco	Vistoria em Imóveis	"Avenida Vereador Otacilio de Azevedo, #""#~"	Brejo de Beberibe	Sem Localidade	""	2022-04-12T00:00:00	Analise Visual Estrutural				0
278	Planície	2022	ABRIL	2022-04-12T00:00:00	Imóveis com Danos / Risco	Vistoria em Imóveis	"Avenida Vereador Otacilio de Azevedo, +?""]"	Brejo de Beberibe	Sem Localidade	""	2022-04-12T00:00:00	Analise Visual Estrutural				0
279	Planície	2022	ABRIL	2022-04-12T00:00:00	Imóveis com Danos / Risco	Vistoria em Imóveis	"Travessa Otacilio de Azevedo, ""#*9"	Brejo de Beberibe	Sem Localidade	""	2022-04-12T00:00:00	Analise Visual Estrutural				0
280	Planície	2022	ABRIL	2022-04-12T00:00:00	Imóveis com Danos / Risco	Vistoria em Imóveis	Travessa Otacilio de Azevedo, #_|/	Brejo de Beberibe	Sem Localidade	""	2022-04-12T00:00:00	Analise Visual Estrutural				0
281	Planície	2022	ABRIL	2022-04-12T00:00:00	Imóveis com Danos / Risco	Vistoria em Imóveis	Travessa Otacilio de Azevedo, .[?	Brejo de Beberibe	Sem Localidade	""	2022-04-12T00:00:00	Analise Visual Estrutural				0
282	Planície	2022	ABRIL	2022-04-12T00:00:00	""	""	Travessa Otacilio de Azevedo, #$[	Brejo de Beberibe	Sem Localidade	""	2022-04-12T00:00:00	Analise Visual Estrutural				0
283	Planície	2022	ABRIL	2022-04-12T00:00:00	""	""	Rua Vigario Tenorio, `=-[	Recife	Sem Localidade	""	2022-04-12T00:00:00	Analise de Processos				0
284	Planície	2022	ABRIL	2022-04-12T00:00:00	""	""	Travessa do Amorim, ?_$.	Recife	Sem Localidade	""	2022-04-12T00:00:00	Analise de Processos				0
285	Planície	2022	ABRIL	2022-04-12T00:00:00	Imóveis com Danos / Risco	Vistoria em Imóveis	Avenida Vereador Otacilio de Azevedo, ~|}[	Brejo de Beberibe	Sem Localidade	""	2022-04-12T00:00:00	Analise Visual Estrutural				0
286	Planície	2022	ABRIL	2022-04-13T00:00:00	""	""	"Rua da Matriz, #""#~"	Boa Vista	Sem Localidade	""	2022-04-13T00:00:00	Atendimento Social				0
287	Planície	2022	ABRIL	2022-04-18T00:00:00	""	""	Avenida Caxanga, .[?	Madalena	Sem Localidade	""	2022-04-18T00:00:00	Acoes de Porta-Porta				0
288	Planície	2022	ABRIL	2022-04-18T00:00:00	""	""	Rua Desembargador Angelo Jordao Q, `=-[	Iputinga	Sem Localidade	""	2022-04-18T00:00:00	Acoes de Porta-Porta				0
289	Planície	2022	ABRIL	2022-04-20T00:00:00	""	""	Rua do Pantano, @}>	Toto	Sem Localidade	""	2022-04-20T00:00:00	atendimento social				0
290	Planície	2022	ABRIL	2022-04-26T00:00:00	Imóveis com Danos / Risco	Vistoria em Imóveis	Rua dos Navegantes, ~|}[	Boa Viagem	Sem Localidade	""	2022-04-26T00:00:00	Analise Visual Estrutural				0
291	Planície	2022	ABRIL	2022-04-26T00:00:00	""	""	Rua Dona Cosma Froes, /@9=	Engenho do Meio	Sem Localidade	""	2022-04-26T00:00:00	atendimento social				0
292	Planície	2022	ABRIL	2022-04-26T00:00:00	""	""	"Rua Pe Henrique, #""#~"	Varzea	Sem Localidade	""	2022-04-26T00:00:00	atendimento social				0
293	Planície	2022	ABRIL	2022-04-26T00:00:00	Imóveis com Danos / Risco	Vistoria em Imóveis	"Rua Dona Cosma Froes, +?""]"	Engenho do Meio	Sem Localidade	""	2022-04-26T00:00:00	analise visual estrutural				0
294	Planície	2022	ABRIL	2022-04-26T00:00:00	Imóveis com Danos / Risco	Vistoria em Imóveis	"Rua Pe Henrique, ""#*9"	Varzea	Sem Localidade	""	2022-04-26T00:00:00	Analise Visual Estrutural				0
295	Planície	2022	ABRIL	2022-04-26T00:00:00	""	""	Rua Amaro Coutinho, #_|/	Encruzilhada	Sem Localidade	""	2022-04-26T00:00:00	Analise de Processos				0
296	Planície	2022	ABRIL	2022-04-26T00:00:00	""	""	Rua da Amizade, .[?	Gracas	Sem Localidade	""	2022-04-26T00:00:00	Analise de Processos				0
297	Planície	2022	ABRIL	2022-04-26T00:00:00	""	""	Rua Barao de Melgaco, #$[	Agua Fria	Sem Localidade	""	2022-04-26T00:00:00	Analise de Processos				0
298	Planície	2022	ABRIL	2022-04-20T00:00:00	""	""	Rua do Pantano, 9<-%	Toto	Sem Localidade	""	2022-04-20T00:00:00	Acoes de Porta-Porta				0
299	Planície	2022	ABRIL	2022-04-26T00:00:00	""	""	Rua Djalma de Farias, `=-[	Torreao	Sem Localidade	""	2022-04-26T00:00:00	Encaminhamentos aos Parceiros				0
300	Planície	2022	ABRIL	2022-04-26T00:00:00	""	""	Rua do Riachuelo, >#'\	Boa Vista	Sem Localidade	""	2022-04-26T00:00:00	Encaminhamentos aos Parceiros				0
301	Planície	2022	ABRIL	2022-04-28T00:00:00	Imóveis com Danos / Risco	Vistoria em Imóveis	Rua Gopmes Coutinho, ?_$.	Espinheiro	Sem Localidade	""	2022-04-28T00:00:00	Analise Visual Estrutural				0
302	Planície	2022	ABRIL	2022-04-28T00:00:00	""	""	Rua Gopmes Coutinho, `=-[	Espinheiro	Sem Localidade	""	2022-04-28T00:00:00	Acoes de Porta-Porta				0
303	Planície	2022	ABRIL	2022-04-28T00:00:00	""	""	Rua Gopmes Coutinho, #$[	Espinheiro	Sem Localidade	""	2022-04-28T00:00:00	atendimento social				0
304	Planície	2022	ABRIL	2022-04-28T00:00:00	Imóveis com Danos / Risco	Vistoria em Imóveis	Rua da Guia, .[?	Recife	Sem Localidade	""	2022-04-28T00:00:00	Analise Visual Estrutural				0
305	Planície	2022	ABRIL	2022-04-28T00:00:00	""	""	Rua da Guia, #_|/	Recife	Sem Localidade	""	2022-04-28T00:00:00	Acoes de Porta-Porta				0
306	Planície	2022	ABRIL	2022-04-28T00:00:00	""	""	"Rua da Guia, ""#*9"	Recife	Sem Localidade	""	2022-04-28T00:00:00	atendimento social				0
307	Planície	2022	ABRIL	2022-04-28T00:00:00	Imóveis com Danos / Risco	Vistoria em Imóveis	"Rua da Uniao, +?""]"	Boa Vista	Sem Localidade	""	2022-04-28T00:00:00	Analise Visual Estrutural				0
308	Planície	2022	ABRIL	2022-04-28T00:00:00	""	""	"Rua da Uniao, #""#~"	Boa Vista	Sem Localidade	""	2022-04-28T00:00:00	Acoes de Porta-Porta				0
309	Planície	2022	ABRIL	2022-04-26T00:00:00	""	""	Rua Velha, ?_$.	Boa Vista	Sem Localidade	""	2022-04-26T00:00:00	Encaminhamentos aos Parceiros				0
310	Planície	2022	ABRIL	2022-04-28T00:00:00	""	""	Rua da Uniao, /@9=	Boa Vista	Sem Localidade	""	2022-04-28T00:00:00	atendimento social				0
311	Planície	2022	ABRIL	2022-04-20T00:00:00	Imóveis com Danos / Risco	Vistoria em Imóveis	Rua do Pantano, %$<!	Toto	Sem Localidade	""	2022-04-20T00:00:00	Analise Visual Estrutural				0
312	Planície	2022	ABRIL	2022-04-20T00:00:00	""	""	Rua Piata, ^[{	Toto	Sem Localidade	""	2022-04-20T00:00:00	Acoes de Porta-Porta				0
313	Planície	2022	ABRIL	2022-04-29T00:00:00	""	""	Beco Maria de Fatima, ^[{	Ilha Joana Bezerra	Sem Localidade	""	2022-04-29T00:00:00	Acoes de Porta-Porta				0
314	Planície	2022	ABRIL	2022-04-29T00:00:00	""	""	Beco Maria de Fatima, {})!	Ilha Joana Bezerra	Sem Localidade	R1	2022-04-29T00:00:00	Analise Visual Estrutural				0
315	Planície	2022	ABRIL	2022-04-29T00:00:00	""	""	Beco Maria de Fatima, #^>	Ilha Joana Bezerra	Sem Localidade	R1	2022-04-29T00:00:00	Analise Visual Estrutural				0
316	Planície	2022	ABRIL	2022-04-29T00:00:00	""	""	Rua de Santa Rita, ~|}[	Sao Jose	Sem Localidade	""	2022-04-29T00:00:00	Analise de Processos				0
317	Planície	2022	ABRIL	2022-04-29T00:00:00	""	""	Rua Cel Urbano de Sena, /@9=	Fundao	Sem Localidade	""	2022-04-29T00:00:00	Analise de Processos				0
318	Planície	2022	ABRIL	2022-04-29T00:00:00	""	""	"Rua Dona Benvinda de Farias, #""#~"	Boa Viagem	Nao Cadastrada	""	2022-04-29T00:00:00	atendimento social				0
319	Planície	2022	ABRIL	2022-04-29T00:00:00	""	""	"Rua Dona Benvinda de Farias, +?""]"	Boa Viagem	Nao Cadastrada	""	2022-04-29T00:00:00	Acoes de Porta-Porta				0
320	Planície	2022	ABRIL	2022-04-29T00:00:00	Incêndios	Vistoria em Imóveis	"Rua Dona Benvinda de Farias, ""#*9"	Boa Viagem	Nao Cadastrada	""	2022-04-29T00:00:00	Analise Visual Estrutural				0
321	Planície	2022	ABRIL	2022-04-20T00:00:00	""	""	Rua Canela., ?_$.	Iputinga	Sem Localidade	""	2022-04-20T00:00:00	Encaminhamentos aos Parceiros				0
322	Planície	2022	ABRIL	2022-04-20T00:00:00	""	""	Rua Piata, .<^&	Toto	Sem Localidade	""	2022-04-20T00:00:00	atendimento social				0
323	Planície	2022	ABRIL	2022-04-20T00:00:00	""	""	Rua Ministro Marcos Freire, `=-[	Iputinga	Sem Localidade	""	2022-04-20T00:00:00	Encaminhamentos aos Parceiros				0
324	Planície	2022	ABRIL	2022-04-20T00:00:00	""	""	Rua da Uniao, .[?	Boa Vista	Sem Localidade	""	2022-04-20T00:00:00	Encaminhamentos aos Parceiros				0
325	Planície	2022	ABRIL	2022-04-20T00:00:00	""	""	Rua do Nogueira, #_|/	Sao Jose	Sem Localidade	""	2022-04-20T00:00:00	Encaminhamentos aos Parceiros				0
326	Planície	2022	ABRIL	2022-04-20T00:00:00	Imóveis com Danos / Risco	Vistoria em Imóveis	"Avenida Conde da Boa Vista, ""#*9"	Boa Vista	Sem Localidade	""	2022-04-20T00:00:00	Analise Visual Estrutural				0
327	Planície	2022	ABRIL	2022-04-20T00:00:00	""	""	"Avenida Conde da Boa Vista, +?""]"	Boa Vista	Sem Localidade	""	2022-04-20T00:00:00	Acoes de Porta-Porta				0
328	Planície	2022	ABRIL	2022-04-20T00:00:00	""	""	"Avenida Conde da Boa Vista, #""#~"	Boa Vista	Sem Localidade	""	2022-04-20T00:00:00	atendimento social				0
329	Planície	2022	ABRIL	2022-04-20T00:00:00	Imóveis com Danos / Risco	Vistoria em Imóveis	Rua Ibikari, /@9=	Toto	Sem Localidade	""	2022-04-20T00:00:00	Analise Visual Estrutural				0
330	Planície	2022	ABRIL	2022-04-20T00:00:00	""	""	Rua Ibikari, ~|}[	Toto	Sem Localidade	""	2022-04-20T00:00:00	Acoes de Porta-Porta				0
331	Planície	2022	ABRIL	2022-04-20T00:00:00	""	""	Rua Ibikari, #^>	Toto	Sem Localidade	""	2022-04-20T00:00:00	atendimento social				0
332	Planície	2022	ABRIL	2022-04-20T00:00:00	Imóveis com Danos / Risco	Vistoria em Imóveis	Rua Piata, {})!	Toto	Sem Localidade	""	2022-04-20T00:00:00	Analise Visual Estrutural				0
333	Planície	2022	ABRIL	2022-04-20T00:00:00	""	""	Avenida Caxanga, #$[	Iputinga	Sem Localidade	""	2022-04-20T00:00:00	Encaminhamentos aos Parceiros				0
334	Planície	2022	ABRIL	2022-04-18T00:00:00	""	""	Rua Edgar Fonseca de Amorim, #$[	Iputinga	Sem Localidade	""	2022-04-18T00:00:00	Acoes de Porta-Porta				0
335	Planície	2022	ABRIL	2022-04-28T00:00:00	""	""	Rua das Calcadas, ~|}[	Sao Jose	Sem Localidade	""	2022-04-28T00:00:00	atendimento social				0
336	Planície	2022	ABRIL	2022-04-28T00:00:00	""	""	Rua do Patrimonio, {})!	Torroes	Nao Cadastrada	""	2022-04-28T00:00:00	Acoes de Porta-Porta				0
337	Planície	2022	ABRIL	2022-04-28T00:00:00	""	""	Rua do Patrimonio, $!>=	Torroes	Nao Cadastrada	""	2022-04-28T00:00:00	Acoes de Porta-Porta				0
338	Planície	2022	ABRIL	2022-04-28T00:00:00	""	""	Rua do Patrimonio, >#'\	Torroes	Nao Cadastrada	""	2022-04-28T00:00:00	Acoes de Porta-Porta				0
339	Planície	2022	ABRIL	2022-04-28T00:00:00	""	""	Rua do Patrimonio, ?_$.	Torroes	Nao Cadastrada	""	2022-04-28T00:00:00	Acoes de Porta-Porta				0
340	Planície	2022	ABRIL	2022-04-28T00:00:00	""	""	Rua do Patrimonio, `=-[	Torroes	Nao Cadastrada	""	2022-04-28T00:00:00	Acoes de Porta-Porta				0
341	Planície	2022	ABRIL	2022-04-28T00:00:00	""	""	Rua Nina Rodrigues, #$[	Iputinga	Sem Localidade	""	2022-04-28T00:00:00	Analise de Processos				0
342	Planície	2022	ABRIL	2022-04-28T00:00:00	""	""	Rua Djalma Farias, .[?	Torreao	Sem Localidade	""	2022-04-28T00:00:00	Analise de Processos				0
343	Planície	2022	ABRIL	2022-04-28T00:00:00	""	""	Rua Angelo Jordao, #_|/	Iputinga	Sem Localidade	""	2022-04-28T00:00:00	Analise de Processos				0
344	Planície	2022	ABRIL	2022-04-28T00:00:00	""	""	"Rua Gomes Pacheco, ""#*9"	Espinheiro	Sem Localidade	""	2022-04-28T00:00:00	Analise de Processos				0
345	Planície	2022	ABRIL	2022-04-28T00:00:00	""	""	"Rua Prof. Lucy Alvarez, +?""]"	Torroes	Sem Localidade	""	2022-04-28T00:00:00	Analise de Processos				0
346	Planície	2022	ABRIL	2022-04-28T00:00:00	""	""	Rua do Patrimonio, @}>	Torroes	Nao Cadastrada	""	2022-04-28T00:00:00	Acoes de Porta-Porta				0
347	Planície	2022	ABRIL	2022-04-28T00:00:00	Imóveis com Danos / Risco	Vistoria em Imóveis	"Rua Presidente Honorio Heremeto, #""#~"	Varzea	Sem Localidade	R1	2022-04-28T00:00:00	Analise Visual Estrutural				0
348	Planície	2022	ABRIL	2022-04-28T00:00:00	Imóveis com Danos / Risco	Vistoria em Imóveis	Rua do Campo, ~|}[	Cohab	Lagoa Encantada	R1	2022-04-28T00:00:00	Analise Visual Estrutural				0
349	Planície	2022	ABRIL	2022-04-28T00:00:00	Imóveis com Danos / Risco	Vistoria em Imóveis	Avenida Otacilio de Azevedo, #^>	Brejo de Beberibe	Sem Localidade	R1	2022-04-28T00:00:00	Analise Visual Estrutural				0
350	Planície	2022	ABRIL	2022-04-28T00:00:00	Imóveis com Danos / Risco	Vistoria em Imóveis	Beco Maria de Fatima, {})!	Ilha Joana Bezerra	Sem Localidade	R1	2022-04-28T00:00:00	Analise Visual Estrutural				0
351	Planície	2022	ABRIL	2022-04-28T00:00:00	Imóveis com Danos / Risco	Vistoria em Imóveis	Avenida Otacilio de Azevedo, ^[{	Brejo de Beberibe	Sem Localidade	""	2022-04-28T00:00:00	Analise Visual Estrutural				0
352	Planície	2022	ABRIL	2022-04-28T00:00:00	""	""	Rua Presidente Honorio Heremeto, .<^&	Varzea	Sem Localidade	""	2022-04-28T00:00:00	Acoes de Porta-Porta				0
353	Planície	2022	ABRIL	2022-04-18T00:00:00	Imóveis com Danos / Risco	Vistoria em Imóveis	Rua Desembargador Angelo Jordao Q, @}>	Iputinga	Sem Localidade	""	2022-04-18T00:00:00	Analise Visual Estrutural				0
354	Planície	2022	ABRIL	2022-04-18T00:00:00	Imóveis com Danos / Risco	Vistoria em Imóveis	Rua Edgar Fonseca de Amorim, $!>=	Iputinga	Sem Localidade	""	2022-04-18T00:00:00	Analise Visual Estrutural				0
355	Planície	2022	ABRIL	2022-04-18T00:00:00	Imóveis com Danos / Risco	Vistoria em Imóveis	Avenida Caxanga, >#'\	Madalena	Sem Localidade	""	2022-04-18T00:00:00	Analise Visual Estrutural				0
356	Planície	2022	ABRIL	2022-04-18T00:00:00	Imóveis com Danos / Risco	Vistoria em Imóveis	Rua Ministro Marcos Freire, ?_$.	Iputinga	Sem Localidade	""	2022-04-18T00:00:00	Analise Visual Estrutural				0
357	Planície	2022	ABRIL	2022-04-28T00:00:00	Imóveis com Danos / Risco	Vistoria em Imóveis	Rua Presidente Honorio Heremeto, /@9=	Varzea	Sem Localidade	R1	2022-04-28T00:00:00	Analise Visual Estrutural				0
358	Planície	2022	ABRIL	2022-04-28T00:00:00	Imóveis com Danos / Risco	Vistoria em Imóveis	Avenida Governador Agamenon Magalhaes, #^>	Derby	Sem Localidade	""	2022-04-28T00:00:00	Analise Visual Estrutural				0
359	Planície	2022	ABRIL	2022-04-28T00:00:00	""	""	Rua do Patrimonio, 9<-%	Torroes	Nao Cadastrada	""	2022-04-28T00:00:00	Acoes de Porta-Porta				0
360	Planície	2022	ABRIL	2022-04-28T00:00:00	""	""	Rua do Patrimonio, .<^&	Torroes	Nao Cadastrada	""	2022-04-28T00:00:00	Acoes de Porta-Porta				0
361	Planície	2022	ABRIL	2022-04-28T00:00:00	""	""	Rua do Patrimonio, ^[{	Torroes	Nao Cadastrada	""	2022-04-28T00:00:00	Acoes de Porta-Porta				0
362	Planície	2022	ABRIL	2022-04-28T00:00:00	""	""	Rua do Patrimonio, .<^&	Torroes	Nao Cadastrada	""	2022-04-28T00:00:00	Acoes de Porta-Porta				0
363	Planície	2022	ABRIL	2022-04-28T00:00:00	""	""	Rua do Patrimonio, %$<!	Torroes	Nao Cadastrada	""	2022-04-28T00:00:00	Acoes de Porta-Porta				0
364	Planície	2022	ABRIL	2022-04-28T00:00:00	""	""	Rua do Patrimonio, 9<-%	Torroes	Nao Cadastrada	""	2022-04-28T00:00:00	Acoes de Porta-Porta				0
365	Planície	2022	ABRIL	2022-04-28T00:00:00	""	""	Rua do Patrimonio, @}>	Torroes	Nao Cadastrada	""	2022-04-28T00:00:00	Acoes de Porta-Porta				0
366	Planície	2022	ABRIL	2022-04-28T00:00:00	""	""	Rua do Patrimonio, $!>=	Torroes	Nao Cadastrada	""	2022-04-28T00:00:00	Acoes de Porta-Porta				0
367	Planície	2022	ABRIL	2022-04-28T00:00:00	""	""	Rua do Patrimonio, >#'\	Torroes	Nao Cadastrada	""	2022-04-28T00:00:00	Acoes de Porta-Porta				0
368	Planície	2022	ABRIL	2022-04-28T00:00:00	""	""	Rua do Patrimonio, ?_$.	Torroes	Nao Cadastrada	""	2022-04-28T00:00:00	Acoes de Porta-Porta				0
369	Planície	2022	ABRIL	2022-04-28T00:00:00	""	""	Rua do Patrimonio, `=-[	Torroes	Nao Cadastrada	""	2022-04-28T00:00:00	Acoes de Porta-Porta				0
370	Planície	2022	ABRIL	2022-04-28T00:00:00	""	""	Rua do Patrimonio, %$<!	Torroes	Nao Cadastrada	""	2022-04-28T00:00:00	Acoes de Porta-Porta				0
371	Planície	2022	ABRIL	2022-04-28T00:00:00	""	""	Rua do Patrimonio, #$[	Torroes	Nao Cadastrada	""	2022-04-28T00:00:00	Acoes de Porta-Porta				0
372	Planície	2022	ABRIL	2022-04-28T00:00:00	""	""	Rua do Patrimonio, #_|/	Torroes	Nao Cadastrada	""	2022-04-28T00:00:00	Acoes de Porta-Porta				0
373	Planície	2022	ABRIL	2022-04-28T00:00:00	""	""	"Rua do Patrimonio, ""#*9"	Torroes	Nao Cadastrada	""	2022-04-28T00:00:00	Acoes de Porta-Porta				0
374	Planície	2022	ABRIL	2022-04-28T00:00:00	""	""	"Rua do Patrimonio, +?""]"	Torroes	Nao Cadastrada	""	2022-04-28T00:00:00	Acoes de Porta-Porta				0
375	Planície	2022	ABRIL	2022-04-28T00:00:00	""	""	"Rua do Patrimonio, #""#~"	Torroes	Nao Cadastrada	""	2022-04-28T00:00:00	Acoes de Porta-Porta				0
376	Planície	2022	ABRIL	2022-04-28T00:00:00	""	""	Rua do Patrimonio, /@9=	Torroes	Nao Cadastrada	""	2022-04-28T00:00:00	Acoes de Porta-Porta				0
377	Planície	2022	ABRIL	2022-04-28T00:00:00	""	""	Rua do Patrimonio, ~|}[	Torroes	Nao Cadastrada	""	2022-04-28T00:00:00	Acoes de Porta-Porta				0
378	Planície	2022	ABRIL	2022-04-28T00:00:00	""	""	Rua do Patrimonio, #^>	Torroes	Nao Cadastrada	""	2022-04-28T00:00:00	Acoes de Porta-Porta				0
379	Planície	2022	ABRIL	2022-04-28T00:00:00	""	""	Rua do Patrimonio, {})!	Torroes	Nao Cadastrada	""	2022-04-28T00:00:00	Acoes de Porta-Porta				0
380	Planície	2022	ABRIL	2022-04-28T00:00:00	""	""	Rua do Patrimonio, ^[{	Torroes	Nao Cadastrada	""	2022-04-28T00:00:00	Acoes de Porta-Porta				0
381	Planície	2022	ABRIL	2022-04-28T00:00:00	""	""	Rua do Patrimonio, .[?	Torroes	Nao Cadastrada	""	2022-04-28T00:00:00	Acoes de Porta-Porta				0
382	Planície	2022	ABRIL	2022-04-13T00:00:00	""	""	Travessa Odete Monteiro, /@9=	Cordeiro	Sem Localidade	""	2022-04-13T00:00:00	Acoes de Porta-Porta				0
383	Planície	2022	ABRIL	2022-04-22T00:00:00	""	""	Rua Catuira Casa, ~|}[	Torre	Sem Localidade	""	2022-04-22T00:00:00	Atendimento Social				0
384	Planície	2022	ABRIL	2022-04-13T00:00:00	""	""	Travessa Odete Monteiro, #^>	Cordeiro	Sem Localidade	""	2022-04-13T00:00:00	Acoes de Porta-Porta				0
385	Planície	2022	ABRIL	2022-04-19T00:00:00	""	""	Rua Jose Moreira Reis, $!>=	Bongi	Sem Localidade	""	2022-04-19T00:00:00	atendimento Social				0
386	Planície	2022	ABRIL	2022-04-19T00:00:00	""	""	Rua Desembargador Angelo Jordao, >#'\	Iputinga	Sem Localidade	""	2022-04-19T00:00:00	atendimento Social				0
387	Planície	2022	ABRIL	2022-04-19T00:00:00	Imóveis Alagados	Monitoramento Alagado	1ª Travessa Otacilio de Azevedo, ?_$.	Brejo de Beberibe	Nao Cadastrada	""	2022-04-19T00:00:00	Mapeamento de Area de Risco				0
388	Planície	2022	ABRIL	2022-04-19T00:00:00	Imóveis Alagados	Monitoramento Alagado	2ª Travessa Otacilio de Azevedo, `=-[	Brejo de Beberibe	Nao Cadastrada	""	2022-04-19T00:00:00	Mapeamento de Area de Risco				0
389	Planície	2022	ABRIL	2022-04-19T00:00:00	Imóveis Alagados	Monitoramento Alagado	3ª Travessa Otacilio de Azevedo, #$[	Brejo de Beberibe	Nao Cadastrada	""	2022-04-19T00:00:00	Mapeamento de Area de Risco				0
390	Planície	2022	ABRIL	2022-04-11T00:00:00	Imóveis com Danos / Risco	Vistoria em Imóveis	Rua Carneiro de Mariz, /@9=	Engenho do Meio	Sem Localidade	""	2022-04-11T00:00:00	Analise Visual Estrutural				0
391	Planície	2022	ABRIL	2022-04-11T00:00:00	""	""	Rua Carneiro de Mariz, ~|}[	Engenho do Meio	Sem Localidade	""	2022-04-11T00:00:00	atendimento Social				0
392	Planície	2022	ABRIL	2022-04-11T00:00:00	""	""	Rua Carneiro de Mariz, #^>	Engenho do Meio	Sem Localidade	""	2022-04-11T00:00:00	Acoes de Porta-Porta				0
393	Planície	2022	ABRIL	2022-04-11T00:00:00	Imóveis com Danos / Risco	Vistoria em Imóveis	Rua Carneiro de Mariz, {})!	Engenho do Meio	Sem Localidade	""	2022-04-11T00:00:00	Analise Visual Estrutural				0
394	Planície	2022	ABRIL	2022-04-11T00:00:00	""	""	Rua Carneiro de Mariz, ^[{	Engenho do Meio	Sem Localidade	""	2022-04-11T00:00:00	atendimento Social				0
395	Planície	2022	ABRIL	2022-04-19T00:00:00	""	""	Rua Doutor Adelino Filho, @}>	Estancia	Sem Localidade	""	2022-04-19T00:00:00	atendimento Social				0
396	Planície	2022	ABRIL	2022-04-11T00:00:00	""	""	Rua Carneiro de Mariz, .<^&	Engenho do Meio	Sem Localidade	""	2022-04-11T00:00:00	Acoes de Porta-Porta				0
397	Planície	2022	ABRIL	2022-04-11T00:00:00	""	""	Rua Carneiro de Mariz, 9<-%	Engenho do Meio	Sem Localidade	""	2022-04-11T00:00:00	atendimento Social				0
398	Planície	2022	ABRIL	2022-04-11T00:00:00	""	""	Rua Carneiro de Mariz, @}>	Engenho do Meio	Sem Localidade	""	2022-04-11T00:00:00	Acoes de Porta-Porta				0
399	Planície	2022	ABRIL	2022-04-11T00:00:00	""	""	Rua Dra Nina Rodrigues, $!>=	Iputinga	Sem Localidade	""	2022-04-11T00:00:00	Encaminhamentos aos Parceiros				0
400	Planície	2022	ABRIL	2022-04-11T00:00:00	""	""	Rua Eliza Dias Ferreira, >#'\	Imbiribeira	Sem Localidade	""	2022-04-11T00:00:00	Encaminhamentos aos Parceiros				0
401	Planície	2022	ABRIL	2022-04-11T00:00:00	""	""	Rua Arapoti, ?_$.	Engenho do Meio	Sem Localidade	""	2022-04-11T00:00:00	Encaminhamentos aos Parceiros				0
402	Planície	2022	ABRIL	2022-04-11T00:00:00	""	""	Rua Carneiro de Mariz, `=-[	Engenho do Meio	Sem Localidade	""	2022-04-11T00:00:00	Encaminhamentos aos Parceiros				0
403	Planície	2022	ABRIL	2022-04-11T00:00:00	""	""	Rua Firmino de Barros, #$[	Cordeiro	Sem Localidade	""	2022-04-11T00:00:00	Analise de Processos				0
404	Planície	2022	ABRIL	2022-04-11T00:00:00	""	""	Avenida Capitao Gregorio de Caldas, .[?	Areias	Sem Localidade	""	2022-04-11T00:00:00	Encaminhamentos aos Parceiros				0
405	Planície	2022	ABRIL	2022-04-11T00:00:00	""	""	"Rua Rio Guarani, ""#*9"	Beberibe	Sem Localidade	""	2022-04-11T00:00:00	atendimento Social				0
406	Planície	2022	ABRIL	2022-04-11T00:00:00	""	""	"Rua Ministro Joao Alberto, +?""]"	Iputinga	Sem Localidade	""	2022-04-11T00:00:00	Encaminhamentos aos Parceiros				0
407	Planície	2022	ABRIL	2022-04-11T00:00:00	Imóveis com Danos / Risco	Vistoria em Imóveis	Rua Carneiro de Mariz, %$<!	Engenho do Meio	Sem Localidade	""	2022-04-11T00:00:00	Analise Visual Estrutural				0
408	Planície	2022	ABRIL	2022-04-11T00:00:00	""	""	"Rua da Concordia, #""#~"	Sao Jose	Sem Localidade	""	2022-04-11T00:00:00	Encaminhamentos aos Parceiros				0
409	Planície	2022	ABRIL	2022-04-19T00:00:00	""	""	Rua Desembargador Angelo Jordao, 9<-%	Iputinga	Sem Localidade	""	2022-04-19T00:00:00	Acoes de Porta-Porta				0
410	Planície	2022	ABRIL	2022-04-19T00:00:00	""	""	Rua Doutor Adelino Filho, .<^&	Estancia	Sem Localidade	""	2022-04-19T00:00:00	Acoes de Porta-Porta				0
411	Planície	2022	ABRIL	2022-04-19T00:00:00	""	""	2ª Travessa Otacilio de Azevedo, ~|}[	Brejo de Beberibe	Nao Cadastrada	""	2022-04-19T00:00:00	Acoes de Porta-Porta				0
412	Planície	2022	ABRIL	2022-04-19T00:00:00	""	""	2ª Travessa Otacilio de Azevedo, #^>	Brejo de Beberibe	Nao Cadastrada	""	2022-04-19T00:00:00	Acoes de Porta-Porta				0
413	Planície	2022	ABRIL	2022-04-19T00:00:00	""	""	2ª Travessa Otacilio de Azevedo, {})!	Brejo de Beberibe	Nao Cadastrada	""	2022-04-19T00:00:00	Acoes de Porta-Porta				0
414	Planície	2022	ABRIL	2022-04-19T00:00:00	""	""	2ª Travessa Otacilio de Azevedo, ^[{	Brejo de Beberibe	Nao Cadastrada	""	2022-04-19T00:00:00	Acoes de Porta-Porta				0
415	Planície	2022	ABRIL	2022-04-19T00:00:00	""	""	3ª Travessa Otacilio de Azevedo, .<^&	Brejo de Beberibe	Nao Cadastrada	""	2022-04-19T00:00:00	Acoes de Porta-Porta				0
416	Planície	2022	ABRIL	2022-04-19T00:00:00	""	""	3ª Travessa Otacilio de Azevedo, %$<!	Brejo de Beberibe	Nao Cadastrada	""	2022-04-19T00:00:00	Acoes de Porta-Porta				0
417	Planície	2022	ABRIL	2022-04-19T00:00:00	""	""	3ª Travessa Otacilio de Azevedo, 9<-%	Brejo de Beberibe	Nao Cadastrada	""	2022-04-19T00:00:00	Acoes de Porta-Porta				0
418	Planície	2022	ABRIL	2022-04-19T00:00:00	""	""	3ª Travessa Otacilio de Azevedo, @}>	Brejo de Beberibe	Nao Cadastrada	""	2022-04-19T00:00:00	Acoes de Porta-Porta				0
419	Planície	2022	ABRIL	2022-04-19T00:00:00	""	""	3ª Travessa Otacilio de Azevedo, $!>=	Brejo de Beberibe	Nao Cadastrada	""	2022-04-19T00:00:00	Acoes de Porta-Porta				0
420	Planície	2022	ABRIL	2022-04-19T00:00:00	""	""	3ª Travessa Otacilio de Azevedo, >#'\	Brejo de Beberibe	Nao Cadastrada	""	2022-04-19T00:00:00	Acoes de Porta-Porta				0
421	Planície	2022	ABRIL	2022-04-19T00:00:00	""	""	Rua Jose Moreira Reis, %$<!	Bongi	Sem Localidade	""	2022-04-19T00:00:00	Acoes de Porta-Porta				0
422	Planície	2022	ABRIL	2022-04-19T00:00:00	""	""	2ª Travessa Otacilio de Azevedo, ?_$.	Brejo de Beberibe	Nao Cadastrada	""	2022-04-19T00:00:00	Acoes de Porta-Porta				0
423	Planície	2022	ABRIL	2022-04-19T00:00:00	""	""	2ª Travessa Otacilio de Azevedo, #$[	Brejo de Beberibe	Nao Cadastrada	""	2022-04-19T00:00:00	Acoes de Porta-Porta				0
424	Planície	2022	ABRIL	2022-04-19T00:00:00	""	""	2ª Travessa Otacilio de Azevedo, .[?	Brejo de Beberibe	Nao Cadastrada	""	2022-04-19T00:00:00	Acoes de Porta-Porta				0
425	Planície	2022	ABRIL	2022-04-19T00:00:00	""	""	2ª Travessa Otacilio de Azevedo, #_|/	Brejo de Beberibe	Nao Cadastrada	""	2022-04-19T00:00:00	Acoes de Porta-Porta				0
426	Planície	2022	ABRIL	2022-04-19T00:00:00	""	""	"2ª Travessa Otacilio de Azevedo, ""#*9"	Brejo de Beberibe	Nao Cadastrada	""	2022-04-19T00:00:00	Acoes de Porta-Porta				0
427	Planície	2022	ABRIL	2022-04-19T00:00:00	""	""	"2ª Travessa Otacilio de Azevedo, +?""]"	Brejo de Beberibe	Nao Cadastrada	""	2022-04-19T00:00:00	Acoes de Porta-Porta				0
428	Planície	2022	ABRIL	2022-04-19T00:00:00	""	""	"3ª Travessa Otacilio de Azevedo, #""#~"	Brejo de Beberibe	Nao Cadastrada	""	2022-04-19T00:00:00	Acoes de Porta-Porta				0
429	Planície	2022	ABRIL	2022-04-19T00:00:00	""	""	3ª Travessa Otacilio de Azevedo, /@9=	Brejo de Beberibe	Nao Cadastrada	""	2022-04-19T00:00:00	Acoes de Porta-Porta				0
430	Planície	2022	ABRIL	2022-04-19T00:00:00	""	""	3ª Travessa Otacilio de Azevedo, ~|}[	Brejo de Beberibe	Nao Cadastrada	""	2022-04-19T00:00:00	Acoes de Porta-Porta				0
431	Planície	2022	ABRIL	2022-04-19T00:00:00	Imóveis com Danos / Risco	Vistoria em Imóveis	Rua Doutor Adelino Filho, #^>	Estancia	Sem Localidade	""	2022-04-19T00:00:00	Analise Visual Estrutural				0
432	Planície	2022	ABRIL	2022-04-19T00:00:00	Imóveis com Danos / Risco	Vistoria em Imóveis	Rua Desembargador Angelo Jordao, ^[{	Iputinga	Sem Localidade	""	2022-04-19T00:00:00	Analise Visual Estrutural				0
433	Planície	2022	ABRIL	2022-04-19T00:00:00	""	""	2ª Travessa Otacilio de Azevedo, `=-[	Brejo de Beberibe	Nao Cadastrada	""	2022-04-19T00:00:00	Acoes de Porta-Porta				0
434	Planície	2022	ABRIL	2022-04-19T00:00:00	""	""	2ª Travessa Otacilio de Azevedo, /@9=	Brejo de Beberibe	Nao Cadastrada	""	2022-04-19T00:00:00	Acoes de Porta-Porta				0
435	Planície	2022	ABRIL	2022-04-11T00:00:00	""	""	Rua da Concordia, /@9=	Sao Jose	Sem Localidade	""	2022-04-11T00:00:00	Encaminhamentos aos Parceiros				0
436	Planície	2022	ABRIL	2022-04-11T00:00:00	""	""	Rua Conde de Iraja, #^>	Torre	Sem Localidade	""	2022-04-11T00:00:00	Encaminhamentos aos Parceiros				0
437	Planície	2022	ABRIL	2022-04-27T00:00:00	Imóveis com Danos / Risco	Vistoria em Imóveis	Rua Centenario, %$<!	Iputinga	Sem Localidade	""	2022-04-27T00:00:00	Analise Visual Estrutural				0
438	Planície	2022	ABRIL	2022-04-27T00:00:00	""	""	Avenida Conde da Boa Vista, 9<-%	Boa Vista	Sem Localidade	""	2022-04-27T00:00:00	Acoes de Porta-Porta				0
439	Planície	2022	ABRIL	2022-04-27T00:00:00	""	""	Rua Candelaria, @}>	Torroes	Sem Localidade	""	2022-04-27T00:00:00	Acoes de Porta-Porta				0
440	Planície	2022	ABRIL	2022-04-27T00:00:00	""	""	Rua Candelaria, $!>=	Torroes	Sem Localidade	""	2022-04-27T00:00:00	Acoes de Porta-Porta				0
441	Planície	2022	ABRIL	2022-04-27T00:00:00	""	""	Travessa Dezesseis de Outubro, >#'\	Torroes	Sem Localidade	""	2022-04-27T00:00:00	Acoes de Porta-Porta				0
442	Planície	2022	ABRIL	2022-04-27T00:00:00	""	""	Rua do Jasmin, ?_$.	Torroes	Sem Localidade	""	2022-04-27T00:00:00	Acoes de Porta-Porta				0
443	Planície	2022	ABRIL	2022-04-27T00:00:00	""	""	Rua Pedrosa, `=-[	Torroes	Sem Localidade	""	2022-04-27T00:00:00	Acoes de Porta-Porta				0
444	Planície	2022	ABRIL	2022-04-27T00:00:00	""	""	Rua Centenario, #$[	Iputinga	Sem Localidade	""	2022-04-27T00:00:00	Acoes de Porta-Porta				0
445	Planície	2022	ABRIL	2022-04-27T00:00:00	""	""	Avenida Conde da Boa Vista, .[?	Boa Vista	Sem Localidade	""	2022-04-27T00:00:00	atendimento social				0
446	Planície	2022	ABRIL	2022-04-13T00:00:00	""	""	Travessa Odete Monteiro, ~|}[	Cordeiro	Sem Localidade	""	2022-04-13T00:00:00	Acoes de Porta-Porta				0
447	Planície	2022	ABRIL	2022-04-27T00:00:00	Imóveis com Danos / Risco	Vistoria em Imóveis	Rua Pedrosa, .<^&	Torroes	Sem Localidade	""	2022-04-27T00:00:00	Analise Visual Estrutural				0
448	Planície	2022	ABRIL	2022-04-27T00:00:00	""	""	Rua Candelaria, #_|/	Torroes	Sem Localidade	""	2022-04-27T00:00:00	atendimento social				0
449	Planície	2022	ABRIL	2022-04-27T00:00:00	""	""	"Travessa Dezesseis de Outubro, +?""]"	Torroes	Sem Localidade	""	2022-04-27T00:00:00	atendimento social				0
450	Planície	2022	ABRIL	2022-04-27T00:00:00	""	""	"Rua do Jasmin, #""#~"	Torroes	Sem Localidade	""	2022-04-27T00:00:00	atendimento social				0
451	Planície	2022	ABRIL	2022-04-27T00:00:00	""	""	Rua Pedrosa, /@9=	Torroes	Sem Localidade	""	2022-04-27T00:00:00	atendimento social				0
452	Planície	2022	ABRIL	2022-04-27T00:00:00	""	""	Rua Centenario, ~|}[	Iputinga	Sem Localidade	""	2022-04-27T00:00:00	atendimento social				0
453	Planície	2022	ABRIL	2022-04-27T00:00:00	""	""	Mudanca de Titularidade do Am, #^>	""	Sem Localidade	""	2022-04-27T00:00:00	atendimento social				0
454	Planície	2022	ABRIL	2022-04-27T00:00:00	""	""	Mudanca de Titularidade do Am, {})!	""	Sem Localidade	""	2022-04-27T00:00:00	atendimento social				0
455	Planície	2022	ABRIL	2022-04-27T00:00:00	""	""	Rua do Imperador Dom Pedro II, ^[{	Santo Antonio	Sem Localidade	""	2022-04-27T00:00:00	Analise de Processos				0
456	Planície	2022	ABRIL	2022-04-27T00:00:00	""	""	Avenida Caxanga, .<^&	Madalena	Sem Localidade	""	2022-04-27T00:00:00	Analise de Processos				0
457	Planície	2022	ABRIL	2022-04-27T00:00:00	""	""	Rua do Imperador Dom Pedro II, %$<!	Santo Antonio	Sem Localidade	""	2022-04-27T00:00:00	Analise de Processos				0
458	Planície	2022	ABRIL	2022-04-27T00:00:00	""	""	Rua do Imperador Dom Pedro II, 9<-%	Santo Antonio	Sem Localidade	""	2022-04-27T00:00:00	Analise de Processos				0
459	Planície	2022	ABRIL	2022-04-27T00:00:00	""	""	"Rua Candelaria, ""#*9"	Torroes	Sem Localidade	""	2022-04-27T00:00:00	atendimento social				0
460	Planície	2022	ABRIL	2022-04-11T00:00:00	""	""	Rua Gomes Taborda, ~|}[	Prado	Sem Localidade	""	2022-04-11T00:00:00	Encaminhamentos aos Parceiros				0
461	Planície	2022	ABRIL	2022-04-27T00:00:00	Imóveis com Danos / Risco	Vistoria em Imóveis	Rua do Jasmin, ^[{	Torroes	Sem Localidade	""	2022-04-27T00:00:00	Analise Visual Estrutural				0
462	Planície	2022	ABRIL	2022-04-27T00:00:00	Imóveis com Danos / Risco	Vistoria em Imóveis	Rua Candelaria, #^>	Torroes	Sem Localidade	""	2022-04-27T00:00:00	Analise Visual Estrutural				0
463	Planície	2022	ABRIL	2022-04-11T00:00:00	Imóveis com Danos / Risco	Vistoria em Imóveis	Rua Cais Jose Mariano, {})!	Coelhos	Sem Localidade	""	2022-04-11T00:00:00	Analise Visual Estrutural				0
464	Planície	2022	ABRIL	2022-04-11T00:00:00	""	""	Rua Cais Jose Mariano, ^[{	Coelhos	Sem Localidade	""	2022-04-11T00:00:00	atendimento Social				0
465	Planície	2022	ABRIL	2022-04-11T00:00:00	""	""	Rua Cais Jose Mariano, .<^&	Coelhos	Sem Localidade	""	2022-04-11T00:00:00	Acoes de Porta-Porta				0
466	Planície	2022	ABRIL	2022-04-11T00:00:00	Imóveis com Danos / Risco	Vistoria em Imóveis	Rua dos Prazeres, %$<!	Coelhos	Sem Localidade	""	2022-04-11T00:00:00	Analise Visual Estrutural				0
467	Planície	2022	ABRIL	2022-04-11T00:00:00	""	""	Rua dos Prazeres, 9<-%	Coelhos	Sem Localidade	""	2022-04-11T00:00:00	atendimento Social				0
468	Planície	2022	ABRIL	2022-04-11T00:00:00	""	""	Rua dos Prazeres, @}>	Coelhos	Sem Localidade	""	2022-04-11T00:00:00	Acoes de Porta-Porta				0
469	Planície	2022	ABRIL	2022-04-11T00:00:00	""	""	Rua Bernardo Vieira de Melo, $!>=	Recife	Sem Localidade	""	2022-04-11T00:00:00	Encaminhamentos aos Parceiros				0
470	Planície	2022	ABRIL	2022-04-11T00:00:00	""	""	Rua Dragao do Mar, >#'\	Brasilia Teimosa	Sem Localidade	""	2022-04-11T00:00:00	Encaminhamentos aos Parceiros				0
471	Planície	2022	ABRIL	2022-04-11T00:00:00	Imóveis com Danos / Risco	Vistoria em Imóveis	Rua Ipatininga, ?_$.	Casa Amarela	Sem Localidade	""	2022-04-11T00:00:00	Analise Visual Estrutural				0
472	Planície	2022	ABRIL	2022-04-11T00:00:00	""	""	Rua Ipatininga, `=-[	Casa Amarela	Sem Localidade	""	2022-04-11T00:00:00	atendimento Social				0
473	Planície	2022	ABRIL	2022-04-27T00:00:00	Imóveis com Danos / Risco	Vistoria em Imóveis	Travessa Dezesseis de Outubro, {})!	Torroes	Sem Localidade	""	2022-04-27T00:00:00	Analise Visual Estrutural				0
474	Planície	2022	ABRIL	2022-04-11T00:00:00	""	""	Rua Ipatininga, #$[	Casa Amarela	Sem Localidade	""	2022-04-11T00:00:00	Acoes de Porta-Porta				0
475	Planície	2022	ABRIL	2022-04-11T00:00:00	""	""	Rua Ipatininga, #_|/	Casa Amarela	Sem Localidade	""	2022-04-11T00:00:00	atendimento Social				0
476	Planície	2022	ABRIL	2022-04-11T00:00:00	""	""	"Rua Ipatininga, ""#*9"	Casa Amarela	Sem Localidade	""	2022-04-11T00:00:00	Acoes de Porta-Porta				0
477	Planície	2022	ABRIL	2022-04-11T00:00:00	Imóveis com Danos / Risco	Vistoria em Imóveis	"Rua Ipatininga, +?""]"	Casa Amarela	Sem Localidade	""	2022-04-11T00:00:00	Analise Visual Estrutural				0
478	Planície	2022	ABRIL	2022-04-11T00:00:00	""	""	"Rua Ipatininga, #""#~"	Casa Amarela	Sem Localidade	""	2022-04-11T00:00:00	atendimento Social				0
479	Planície	2022	ABRIL	2022-04-11T00:00:00	""	""	Rua Ipatininga, /@9=	Casa Amarela	Sem Localidade	""	2022-04-11T00:00:00	Acoes de Porta-Porta				0
480	Planície	2022	ABRIL	2022-04-11T00:00:00	Imóveis com Danos / Risco	Vistoria em Imóveis	Rua Ipatininga, ~|}[	Casa Amarela	Sem Localidade	""	2022-04-11T00:00:00	Analise Visual Estrutural				0
481	Planície	2022	ABRIL	2022-04-11T00:00:00	""	""	Rua Ipatininga, #^>	Casa Amarela	Sem Localidade	""	2022-04-11T00:00:00	atendimento Social				0
482	Planície	2022	ABRIL	2022-04-11T00:00:00	""	""	Rua Ipatininga, {})!	Casa Amarela	Sem Localidade	""	2022-04-11T00:00:00	Acoes de Porta-Porta				0
483	Planície	2022	ABRIL	2022-04-27T00:00:00	Imóveis com Danos / Risco	Vistoria em Imóveis	Avenida Conde da Boa Vista, /@9=	Boa Vista	Sem Localidade	""	2022-04-27T00:00:00	Analise Visual Estrutural				0
484	Planície	2022	ABRIL	2022-04-27T00:00:00	Imóveis com Danos / Risco	Vistoria em Imóveis	Rua Candelaria, ~|}[	Torroes	Sem Localidade	""	2022-04-27T00:00:00	Analise Visual Estrutural				0
485	Planície	2022	ABRIL	2022-04-11T00:00:00	Imóveis com Danos / Risco	Vistoria em Imóveis	Rua Ipatininga, .[?	Casa Amarela	Sem Localidade	""	2022-04-11T00:00:00	Analise Visual Estrutural				0
486	Planície	2022	ABRIL	2022-04-19T00:00:00	""	""	"2ª Travessa Otacilio de Azevedo, #""#~"	Brejo de Beberibe	Nao Cadastrada	""	2022-04-19T00:00:00	Acoes de Porta-Porta				0
487	Planície	2022	ABRIL	2022-04-11T00:00:00	""	""	Rua do Rangel, #_|/	Sao Jose	Sem Localidade	""	2022-04-11T00:00:00	Encaminhamentos aos Parceiros				0
488	Planície	2022	ABRIL	2022-04-19T00:00:00	""	""	"2ª Travessa Otacilio de Azevedo, ""#*9"	Brejo de Beberibe	Nao Cadastrada	""	2022-04-19T00:00:00	Acoes de Porta-Porta				0
489	Planície	2022	ABRIL	2022-04-13T00:00:00	""	""	Rua Doutor Joao Lacerda, @}>	Cordeiro	Sem Localidade	""	2022-04-13T00:00:00	Acoes de Porta-Porta				0
490	Planície	2022	ABRIL	2022-04-13T00:00:00	""	""	Rua Doutor Joao Lacerda, 9<-%	Cordeiro	Sem Localidade	""	2022-04-13T00:00:00	Acoes de Porta-Porta				0
491	Planície	2022	ABRIL	2022-04-13T00:00:00	""	""	Rua Doutor Joao Lacerda, %$<!	Cordeiro	Sem Localidade	""	2022-04-13T00:00:00	Acoes de Porta-Porta				0
492	Planície	2022	ABRIL	2022-04-13T00:00:00	""	""	Rua Doutor Joao Lacerda, .<^&	Cordeiro	Sem Localidade	""	2022-04-13T00:00:00	Acoes de Porta-Porta				0
493	Planície	2022	ABRIL	2022-04-13T00:00:00	""	""	Rua Doutor Joao Lacerda, ^[{	Cordeiro	Sem Localidade	""	2022-04-13T00:00:00	Acoes de Porta-Porta				0
494	Planície	2022	ABRIL	2022-04-13T00:00:00	""	""	Rua Doutor Joao Lacerda, {})!	Cordeiro	Sem Localidade	""	2022-04-13T00:00:00	Acoes de Porta-Porta				0
495	Planície	2022	ABRIL	2022-04-13T00:00:00	""	""	Rua Doutor Joao Lacerda, $!>=	Cordeiro	Sem Localidade	""	2022-04-13T00:00:00	Acoes de Porta-Porta				0
496	Planície	2022	ABRIL	2022-04-13T00:00:00	""	""	Rua Doutor Joao Lacerda, #^>	Cordeiro	Sem Localidade	""	2022-04-13T00:00:00	Acoes de Porta-Porta				0
497	Planície	2022	ABRIL	2022-04-13T00:00:00	""	""	Rua Doutor Joao Lacerda, /@9=	Cordeiro	Sem Localidade	""	2022-04-13T00:00:00	Acoes de Porta-Porta				0
498	Planície	2022	ABRIL	2022-04-13T00:00:00	""	""	"Rua Doutor Joao Lacerda, +?""]"	Cordeiro	Sem Localidade	""	2022-04-13T00:00:00	Acoes de Porta-Porta				0
499	Planície	2022	ABRIL	2022-04-13T00:00:00	""	""	"Rua Doutor Joao Lacerda, #""#~"	Cordeiro	Sem Localidade	""	2022-04-13T00:00:00	Acoes de Porta-Porta				0
500	Planície	2022	ABRIL	2022-04-13T00:00:00	""	""	"Rua Doutor Joao Lacerda, +?""]"	Cordeiro	Sem Localidade	""	2022-04-13T00:00:00	Acoes de Porta-Porta				0
501	Planície	2022	ABRIL	2022-04-13T00:00:00	""	""	"Rua Doutor Joao Lacerda, ""#*9"	Cordeiro	Sem Localidade	""	2022-04-13T00:00:00	Acoes de Porta-Porta				0
502	Planície	2022	ABRIL	2022-04-13T00:00:00	""	""	Rua Doutor Joao Lacerda, #_|/	Cordeiro	Sem Localidade	""	2022-04-13T00:00:00	Acoes de Porta-Porta				0
503	Planície	2022	ABRIL	2022-04-13T00:00:00	""	""	Rua Doutor Joao Lacerda, ~|}[	Cordeiro	Sem Localidade	""	2022-04-13T00:00:00	Acoes de Porta-Porta				0
504	Planície	2022	ABRIL	2022-04-13T00:00:00	""	""	Rua Doutor Joao Lacerda, .[?	Cordeiro	Sem Localidade	""	2022-04-13T00:00:00	Acoes de Porta-Porta				0
505	Planície	2022	ABRIL	2022-04-13T00:00:00	""	""	Rua Doutor Joao Lacerda, >#'\	Cordeiro	Sem Localidade	""	2022-04-13T00:00:00	Acoes de Porta-Porta				0
506	Planície	2022	ABRIL	2022-04-13T00:00:00	""	""	Rua Doutor Joao Lacerda, `=-[	Cordeiro	Sem Localidade	""	2022-04-13T00:00:00	Acoes de Porta-Porta				0
507	Planície	2022	ABRIL	2022-04-13T00:00:00	""	""	Rua Doutor Joao Lacerda, ^[{	Cordeiro	Sem Localidade	""	2022-04-13T00:00:00	Acoes de Porta-Porta				0
508	Planície	2022	ABRIL	2022-04-13T00:00:00	""	""	Rua Doutor Joao Lacerda, .<^&	Cordeiro	Sem Localidade	""	2022-04-13T00:00:00	Acoes de Porta-Porta				0
509	Planície	2022	ABRIL	2022-04-13T00:00:00	""	""	Rua Doutor Joao Lacerda, %$<!	Cordeiro	Sem Localidade	""	2022-04-13T00:00:00	Acoes de Porta-Porta				0
510	Planície	2022	ABRIL	2022-04-13T00:00:00	""	""	Rua Doutor Joao Lacerda, 9<-%	Cordeiro	Sem Localidade	""	2022-04-13T00:00:00	Acoes de Porta-Porta				0
511	Planície	2022	ABRIL	2022-04-13T00:00:00	""	""	Rua Doutor Joao Lacerda, @}>	Cordeiro	Sem Localidade	""	2022-04-13T00:00:00	Acoes de Porta-Porta				0
512	Planície	2022	ABRIL	2022-04-13T00:00:00	""	""	Rua Doutor Joao Lacerda, $!>=	Cordeiro	Sem Localidade	""	2022-04-13T00:00:00	Acoes de Porta-Porta				0
513	Planície	2022	ABRIL	2022-04-13T00:00:00	""	""	Rua Doutor Joao Lacerda, ?_$.	Cordeiro	Sem Localidade	""	2022-04-13T00:00:00	Acoes de Porta-Porta				0
514	Planície	2022	ABRIL	2022-04-13T00:00:00	""	""	Rua Doutor Joao Lacerda, >#'\	Cordeiro	Sem Localidade	""	2022-04-13T00:00:00	Acoes de Porta-Porta				0
515	Planície	2022	ABRIL	2022-04-13T00:00:00	""	""	Rua Doutor Joao Lacerda, `=-[	Cordeiro	Sem Localidade	""	2022-04-13T00:00:00	Acoes de Porta-Porta				0
516	Planície	2022	ABRIL	2022-04-13T00:00:00	""	""	Rua Doutor Joao Lacerda, #$[	Cordeiro	Sem Localidade	""	2022-04-13T00:00:00	Acoes de Porta-Porta				0
517	Planície	2022	ABRIL	2022-04-13T00:00:00	""	""	Rua Doutor Joao Lacerda, .[?	Cordeiro	Sem Localidade	""	2022-04-13T00:00:00	Acoes de Porta-Porta				0
518	Planície	2022	ABRIL	2022-04-13T00:00:00	""	""	Rua Doutor Joao Lacerda, #_|/	Cordeiro	Sem Localidade	""	2022-04-13T00:00:00	Acoes de Porta-Porta				0
519	Planície	2022	ABRIL	2022-04-13T00:00:00	""	""	"Rua Doutor Joao Lacerda, ""#*9"	Cordeiro	Sem Localidade	""	2022-04-13T00:00:00	Acoes de Porta-Porta				0
520	Planície	2022	ABRIL	2022-04-13T00:00:00	""	""	Rua Travessa Odete Monteiro, .[?	Cordeiro	Sem Localidade	""	2022-04-13T00:00:00	Acoes de Porta-Porta				0
521	Planície	2022	ABRIL	2022-04-13T00:00:00	""	""	Rua Doutor Joao Lacerda, ?_$.	Cordeiro	Sem Localidade	""	2022-04-13T00:00:00	Acoes de Porta-Porta				0
522	Planície	2022	ABRIL	2022-04-13T00:00:00	""	""	Rua Doutor Joao Lacerda, {})!	Cordeiro	Sem Localidade	""	2022-04-13T00:00:00	Acoes de Porta-Porta				0
523	Planície	2022	ABRIL	2022-04-13T00:00:00	""	""	Rua Doutor Joao Lacerda, #$[	Cordeiro	Sem Localidade	""	2022-04-13T00:00:00	Acoes de Porta-Porta				0
524	Planície	2022	ABRIL	2022-04-13T00:00:00	""	""	Rua Doutor Joao Lacerda, ?_$.	Cordeiro	Sem Localidade	""	2022-04-13T00:00:00	Acoes de Porta-Porta				0
525	Planície	2022	ABRIL	2022-04-13T00:00:00	""	""	"Rua Doutor Joao Lacerda, #""#~"	Cordeiro	Sem Localidade	""	2022-04-13T00:00:00	Acoes de Porta-Porta				0
526	Planície	2022	ABRIL	2022-04-13T00:00:00	""	""	Rua Doutor Joao Lacerda, /@9=	Cordeiro	Sem Localidade	""	2022-04-13T00:00:00	Acoes de Porta-Porta				0
527	Planície	2022	ABRIL	2022-04-13T00:00:00	""	""	Rua Doutor Joao Lacerda, ~|}[	Cordeiro	Sem Localidade	""	2022-04-13T00:00:00	Acoes de Porta-Porta				0
528	Planície	2022	ABRIL	2022-04-13T00:00:00	""	""	Rua Doutor Joao Lacerda, #^>	Cordeiro	Sem Localidade	""	2022-04-13T00:00:00	Acoes de Porta-Porta				0
529	Planície	2022	ABRIL	2022-04-13T00:00:00	""	""	Rua Doutor Joao Lacerda, {})!	Cordeiro	Sem Localidade	""	2022-04-13T00:00:00	Acoes de Porta-Porta				0
530	Planície	2022	ABRIL	2022-04-13T00:00:00	""	""	Rua Doutor Joao Lacerda, ^[{	Cordeiro	Sem Localidade	""	2022-04-13T00:00:00	Acoes de Porta-Porta				0
531	Planície	2022	ABRIL	2022-04-13T00:00:00	""	""	Rua Doutor Joao Lacerda, `=-[	Cordeiro	Sem Localidade	""	2022-04-13T00:00:00	Acoes de Porta-Porta				0
532	Planície	2022	ABRIL	2022-04-13T00:00:00	""	""	Rua Doutor Joao Lacerda, .<^&	Cordeiro	Sem Localidade	""	2022-04-13T00:00:00	Acoes de Porta-Porta				0
533	Planície	2022	ABRIL	2022-04-13T00:00:00	""	""	Rua Doutor Joao Lacerda, 9<-%	Cordeiro	Sem Localidade	""	2022-04-13T00:00:00	Acoes de Porta-Porta				0
534	Planície	2022	ABRIL	2022-04-13T00:00:00	""	""	Rua Doutor Joao Lacerda, @}>	Cordeiro	Sem Localidade	""	2022-04-13T00:00:00	Acoes de Porta-Porta				0
535	Planície	2022	ABRIL	2022-04-13T00:00:00	""	""	Rua Doutor Joao Lacerda, $!>=	Cordeiro	Sem Localidade	""	2022-04-13T00:00:00	Acoes de Porta-Porta				0
536	Planície	2022	ABRIL	2022-04-13T00:00:00	""	""	Rua Doutor Joao Lacerda, >#'\	Cordeiro	Sem Localidade	""	2022-04-13T00:00:00	Acoes de Porta-Porta				0
537	Planície	2022	ABRIL	2022-04-13T00:00:00	""	""	Rua Doutor Joao Lacerda, ?_$.	Cordeiro	Sem Localidade	""	2022-04-13T00:00:00	Acoes de Porta-Porta				0
538	Planície	2022	ABRIL	2022-04-19T00:00:00	""	""	"2ª Travessa Otacilio de Azevedo, +?""]"	Brejo de Beberibe	Nao Cadastrada	""	2022-04-19T00:00:00	Acoes de Porta-Porta				0
539	Planície	2022	ABRIL	2022-04-13T00:00:00	""	""	Rua Doutor Joao Lacerda, %$<!	Cordeiro	Sem Localidade	""	2022-04-13T00:00:00	Acoes de Porta-Porta				0
540	Planície	2022	ABRIL	2022-04-13T00:00:00	""	""	Rua Doutor Joao Lacerda, `=-[	Cordeiro	Sem Localidade	""	2022-04-13T00:00:00	Acoes de Porta-Porta				0
541	Planície	2022	ABRIL	2022-04-13T00:00:00	""	""	Rua Doutor Joao Lacerda, #$[	Cordeiro	Sem Localidade	""	2022-04-13T00:00:00	Acoes de Porta-Porta				0
542	Planície	2022	ABRIL	2022-04-13T00:00:00	""	""	Rua Doutor Joao Lacerda, #_|/	Cordeiro	Sem Localidade	""	2022-04-13T00:00:00	Acoes de Porta-Porta				0
543	Planície	2022	ABRIL	2022-04-13T00:00:00	""	""	Rua Doutor Joao Lacerda, >#'\	Cordeiro	Sem Localidade	""	2022-04-13T00:00:00	Acoes de Porta-Porta				0
544	Planície	2022	ABRIL	2022-04-13T00:00:00	""	""	Rua Doutor Joao Lacerda, $!>=	Cordeiro	Sem Localidade	""	2022-04-13T00:00:00	Acoes de Porta-Porta				0
545	Planície	2022	ABRIL	2022-04-13T00:00:00	""	""	Rua Doutor Joao Lacerda, @}>	Cordeiro	Sem Localidade	""	2022-04-13T00:00:00	Acoes de Porta-Porta				0
546	Planície	2022	ABRIL	2022-04-13T00:00:00	""	""	Rua Doutor Joao Lacerda, 9<-%	Cordeiro	Sem Localidade	""	2022-04-13T00:00:00	Acoes de Porta-Porta				0
547	Planície	2022	ABRIL	2022-04-13T00:00:00	""	""	Rua Doutor Joao Lacerda, %$<!	Cordeiro	Sem Localidade	""	2022-04-13T00:00:00	Acoes de Porta-Porta				0
548	Planície	2022	ABRIL	2022-04-13T00:00:00	""	""	Rua Doutor Joao Lacerda, .<^&	Cordeiro	Sem Localidade	""	2022-04-13T00:00:00	Acoes de Porta-Porta				0
549	Planície	2022	ABRIL	2022-04-13T00:00:00	""	""	Rua Doutor Joao Lacerda, .[?	Cordeiro	Sem Localidade	""	2022-04-13T00:00:00	Acoes de Porta-Porta				0
550	Planície	2022	ABRIL	2022-04-13T00:00:00	""	""	Rua Doutor Joao Lacerda, ^[{	Cordeiro	Sem Localidade	""	2022-04-13T00:00:00	Acoes de Porta-Porta				0
551	Planície	2022	ABRIL	2022-04-13T00:00:00	""	""	Rua Doutor Joao Lacerda, #^>	Cordeiro	Sem Localidade	""	2022-04-13T00:00:00	Acoes de Porta-Porta				0
552	Planície	2022	ABRIL	2022-04-13T00:00:00	""	""	Rua Doutor Joao Lacerda, ~|}[	Cordeiro	Sem Localidade	""	2022-04-13T00:00:00	Acoes de Porta-Porta				0
553	Planície	2022	ABRIL	2022-04-13T00:00:00	""	""	Rua Doutor Joao Lacerda, /@9=	Cordeiro	Sem Localidade	""	2022-04-13T00:00:00	Acoes de Porta-Porta				0
554	Planície	2022	ABRIL	2022-04-13T00:00:00	""	""	"Rua Doutor Joao Lacerda, #""#~"	Cordeiro	Sem Localidade	""	2022-04-13T00:00:00	Acoes de Porta-Porta				0
555	Planície	2022	ABRIL	2022-04-13T00:00:00	""	""	"Rua Doutor Joao Lacerda, +?""]"	Cordeiro	Sem Localidade	""	2022-04-13T00:00:00	Acoes de Porta-Porta				0
556	Planície	2022	ABRIL	2022-04-13T00:00:00	""	""	"Rua Doutor Joao Lacerda, ""#*9"	Cordeiro	Sem Localidade	""	2022-04-13T00:00:00	Acoes de Porta-Porta				0
557	Planície	2022	ABRIL	2022-04-13T00:00:00	""	""	Rua Doutor Joao Lacerda, {})!	Cordeiro	Sem Localidade	""	2022-04-13T00:00:00	Acoes de Porta-Porta				0
558	Planície	2022	ABRIL	2022-04-13T00:00:00	""	""	Rua Travessa Odete Monteiro, #_|/	Cordeiro	Sem Localidade	""	2022-04-13T00:00:00	Acoes de Porta-Porta				0
559	Planície	2022	ABRIL	2022-04-13T00:00:00	""	""	Rua Doutor Joao Lacerda, #$[	Cordeiro	Sem Localidade	""	2022-04-13T00:00:00	Acoes de Porta-Porta				0
560	Planície	2022	ABRIL	2022-04-13T00:00:00	Imóveis com Danos / Risco	Vistoria em Imóveis	Avenida Conde da Boa Vista, >#'\	Boa Vista	Sem Localidade	""	2022-04-13T00:00:00	Analise Visual Estrutural				0
561	Planície	2022	ABRIL	2022-04-19T00:00:00	""	""	2ª Travessa Otacilio de Azevedo, .[?	Brejo de Beberibe	Nao Cadastrada	""	2022-04-19T00:00:00	Acoes de Porta-Porta				0
562	Planície	2022	ABRIL	2022-04-19T00:00:00	""	""	1ª Travessa Otacilio de Azevedo, #$[	Brejo de Beberibe	Nao Cadastrada	""	2022-04-19T00:00:00	Acoes de Porta-Porta				0
563	Planície	2022	ABRIL	2022-04-19T00:00:00	""	""	1ª Travessa Otacilio de Azevedo, `=-[	Brejo de Beberibe	Nao Cadastrada	""	2022-04-19T00:00:00	Acoes de Porta-Porta				0
564	Planície	2022	ABRIL	2022-04-13T00:00:00	""	""	Rua do Imperador Pedro II, %$<!	Santo Antonio	Sem Localidade	""	2022-04-13T00:00:00	atendimento social				0
565	Planície	2022	ABRIL	2022-04-13T00:00:00	""	""	Rua do Imperador Pedro II, .<^&	Santo Antonio	Sem Localidade	""	2022-04-13T00:00:00	Acoes de Porta-Porta				0
566	Planície	2022	ABRIL	2022-04-13T00:00:00	Imóveis com Danos / Risco	Vistoria em Imóveis	Rua do Imperador Pedro II, ^[{	Santo Antonio	Sem Localidade	""	2022-04-13T00:00:00	Analise Visual Estrutural				0
567	Planície	2022	ABRIL	2022-04-13T00:00:00	""	""	"Rua Travessa Odete Monteiro, +?""]"	Cordeiro	Sem Localidade	""	2022-04-13T00:00:00	Acoes de Porta-Porta				0
568	Planície	2022	ABRIL	2022-04-13T00:00:00	""	""	"Rua Doutor Joao Lacerda, #""#~"	Cordeiro	Sem Localidade	""	2022-04-13T00:00:00	Acoes de Porta-Porta				0
569	Planície	2022	ABRIL	2022-04-13T00:00:00	""	""	Rua Doutor Joao Lacerda, /@9=	Cordeiro	Sem Localidade	""	2022-04-13T00:00:00	Acoes de Porta-Porta				0
570	Planície	2022	ABRIL	2022-04-13T00:00:00	""	""	Rua Doutor Joao Lacerda, ~|}[	Cordeiro	Sem Localidade	""	2022-04-13T00:00:00	Acoes de Porta-Porta				0
571	Planície	2022	ABRIL	2022-04-13T00:00:00	""	""	Rua Doutor Joao Lacerda, #^>	Cordeiro	Sem Localidade	""	2022-04-13T00:00:00	Acoes de Porta-Porta				0
572	Planície	2022	ABRIL	2022-04-13T00:00:00	""	""	Rua Doutor Joao Lacerda, {})!	Cordeiro	Sem Localidade	""	2022-04-13T00:00:00	Acoes de Porta-Porta				0
573	Planície	2022	ABRIL	2022-04-13T00:00:00	""	""	Travessa Odete Monteiro, ^[{	Cordeiro	Sem Localidade	""	2022-04-13T00:00:00	Acoes de Porta-Porta				0
574	Planície	2022	ABRIL	2022-04-13T00:00:00	Imóveis com Danos / Risco	Vistoria em Imóveis	Rua do Imperador Pedro II, .<^&	Santo Antonio	Sem Localidade	""	2022-04-13T00:00:00	Analise Visual Estrutural				0
575	Planície	2022	ABRIL	2022-04-13T00:00:00	""	""	Avenida Conde da Boa Vista, {})!	Boa Vista	Sem Localidade	""	2022-04-13T00:00:00	atendimento social				0
576	Planície	2022	ABRIL	2022-04-13T00:00:00	Imóveis com Danos / Risco	Vistoria em Imóveis	Rua do Imperador Pedro II, %$<!	Santo Antonio	Sem Localidade	""	2022-04-13T00:00:00	Analise Visual Estrutural				0
577	Planície	2022	ABRIL	2022-04-13T00:00:00	Imóveis com Danos / Risco	Vistoria em Imóveis	Rua do Imperador Pedro II, 9<-%	Santo Antonio	Sem Localidade	""	2022-04-13T00:00:00	Analise Visual Estrutural				0
578	Planície	2022	ABRIL	2022-04-13T00:00:00	Imóveis com Danos / Risco	Vistoria em Imóveis	Rua da Uniao, $!>=	Boa Vista	Sem Localidade	""	2022-04-13T00:00:00	Analise Visual Estrutural				0
579	Planície	2022	ABRIL	2022-04-13T00:00:00	""	""	"Rua Travessa Odete Monteiro, ""#*9"	Cordeiro	Sem Localidade	""	2022-04-13T00:00:00	Acoes de Porta-Porta				0
580	Planície	2022	ABRIL	2022-04-13T00:00:00	""	""	Rua do Imperador Pedro II, ?_$.	Santo Antonio	Sem Localidade	""	2022-04-13T00:00:00	Acoes de Porta-Porta				0
581	Planície	2022	ABRIL	2022-04-13T00:00:00	""	""	Rua do Imperador Pedro II, `=-[	Santo Antonio	Sem Localidade	""	2022-04-13T00:00:00	Acoes de Porta-Porta				0
582	Planície	2022	ABRIL	2022-04-13T00:00:00	""	""	Rua do Imperador Pedro II, #$[	Santo Antonio	Sem Localidade	""	2022-04-13T00:00:00	Acoes de Porta-Porta				0
583	Planície	2022	ABRIL	2022-04-13T00:00:00	""	""	Rua da Uniao, #_|/	Boa Vista	Sem Localidade	""	2022-04-13T00:00:00	Acoes de Porta-Porta				0
584	Planície	2022	ABRIL	2022-04-13T00:00:00	""	""	"Avenida Conde da Boa Vista, ""#*9"	Boa Vista	Sem Localidade	""	2022-04-13T00:00:00	Acoes de Porta-Porta				0
585	Planície	2022	ABRIL	2022-04-13T00:00:00	""	""	"Rua do Imperador Pedro II, +?""]"	Santo Antonio	Sem Localidade	""	2022-04-13T00:00:00	atendimento social				0
586	Planície	2022	ABRIL	2022-04-13T00:00:00	""	""	"Rua do Imperador Pedro II, #""#~"	Santo Antonio	Sem Localidade	""	2022-04-13T00:00:00	atendimento social				0
587	Planície	2022	ABRIL	2022-04-13T00:00:00	""	""	Rua do Imperador Pedro II, /@9=	Santo Antonio	Sem Localidade	""	2022-04-13T00:00:00	atendimento social				0
588	Planície	2022	ABRIL	2022-04-13T00:00:00	""	""	Rua, ~|}[	Santo Antonio	Sem Localidade	""	2022-04-13T00:00:00	atendimento social				0
589	Planície	2022	ABRIL	2022-04-19T00:00:00	""	""	2ª Travessa Otacilio de Azevedo, #_|/	Brejo de Beberibe	Nao Cadastrada	""	2022-04-19T00:00:00	Acoes de Porta-Porta				0
590	Planície	2022	ABRIL	2022-04-13T00:00:00	""	""	Rua da Uniao, #^>	Boa Vista	Sem Localidade	""	2022-04-13T00:00:00	atendimento social				0
591	Oeste	2022	Abril	2022-04-11T00:00:00	""	""	Rua Alfredo Vieira de Melo, {})!	Jardim Sao Paulo	Jardim Sao Paulo	""	2022-04-11T00:00:00	Acoes de Porta-Porta				0
592	Oeste	2022	Abril	2022-04-11T00:00:00	""	Monitoramento	Travessa Engenho Titara, #_|/	Cohab	Ur 03	R3	2022-04-11T00:00:00	Mapeamento de Area de Risco				0
593	Oeste	2022	Abril	2022-04-11T00:00:00	""	Monitoramento	"Travessa Engenho Titara, ""#*9"	Cohab	Ur 03	R3	2022-04-11T00:00:00	Mapeamento de Area de Risco				0
594	Oeste	2022	Abril	2022-04-11T00:00:00	""	Monitoramento	"Travessa Engenho Titara, +?""]"	Cohab	Ur 03	R3	2022-04-11T00:00:00	Mapeamento de Area de Risco				0
595	Oeste	2022	Abril	2022-04-11T00:00:00	""	Monitoramento	"Travessa Engenho Titara, #""#~"	Cohab	Ur 03	R3	2022-04-11T00:00:00	Mapeamento de Area de Risco				0
596	Oeste	2022	Abril	2022-04-11T00:00:00	""	Monitoramento	Travessa Engenho Titara, /@9=	Cohab	Ur 03	R3	2022-04-11T00:00:00	Mapeamento de Area de Risco				0
597	Oeste	2022	Abril	2022-04-11T00:00:00	""	Monitoramento	Travessa Engenho Titara, ~|}[	Cohab	Ur 03	R3	2022-04-11T00:00:00	Mapeamento de Area de Risco				0
598	Oeste	2022	Abril	2022-04-11T00:00:00	""	Monitoramento	Travessa Engenho Titara, #^>	Cohab	Ur 03	R3	2022-04-11T00:00:00	Orientado a Sair do Imovel em Caso de Chuva				0
599	Oeste	2022	Abril	2022-04-11T00:00:00	""	Monitoramento	Travessa Engenho Titara, {})!	Cohab	Ur 03	R4	2022-04-11T00:00:00	Mapeamento de Area de Risco				0
600	Oeste	2022	Abril	2022-04-11T00:00:00	""	Monitoramento	Travessa Engenho Titara, ^[{	Cohab	Ur 03	R3	2022-04-11T00:00:00	Orientado a Sair do Imovel em Caso de Chuva				0
601	Oeste	2022	Abril	2022-04-11T00:00:00	""	Monitoramento	Travessa Engenho Titara, .<^&	Cohab	Ur 03	R4	2022-04-11T00:00:00	Mapeamento de Area de Risco				0
602	Oeste	2022	Abril	2022-04-11T00:00:00	""	Monitoramento	Travessa Engenho Titara, %$<!	Cohab	Ur 03	R3	2022-04-11T00:00:00	Mapeamento de Area de Risco				0
603	Oeste	2022	Abril	2022-04-11T00:00:00	""	Monitoramento	Travessa Engenho Titara, 9<-%	Cohab	Ur 03	R3	2022-04-11T00:00:00	Mapeamento de Area de Risco				0
604	Oeste	2022	Abril	2022-04-11T00:00:00	""	Monitoramento	Travessa Engenho Titara, @}>	Cohab	Ur 03	R3	2022-04-11T00:00:00	Mapeamento de Area de Risco				0
605	Oeste	2022	Abril	2022-04-11T00:00:00	""	Monitoramento	Travessa Engenho Titara, $!>=	Cohab	Ur 03	R3	2022-04-11T00:00:00	Mapeamento de Area de Risco				0
606	Oeste	2022	Abril	2022-04-11T00:00:00	""	Monitoramento	Travessa Engenho Titara, >#'\	Cohab	Ur 03	R3	2022-04-11T00:00:00	Mapeamento de Area de Risco				0
607	Oeste	2022	Abril	2022-04-11T00:00:00	""	Monitoramento	Travessa Engenho Titara, ?_$.	Cohab	Ur 03	R3	2022-04-11T00:00:00	Mapeamento de Area de Risco				0
608	Oeste	2022	Abril	2022-04-11T00:00:00	""	""	Travessa Engenho Titara, `=-[	Cohab	Ur 03	""	2022-04-11T00:00:00	Acoes de Porta-Porta				0
609	Oeste	2022	Abril	2022-04-11T00:00:00	""	""	Travessa Engenho Titara, #$[	Cohab	Ur 03	""	2022-04-11T00:00:00	Acoes de Porta-Porta				0
610	Oeste	2022	Abril	2022-04-11T00:00:00	""	""	Travessa Engenho Titara, .[?	Cohab	Ur 03	""	2022-04-11T00:00:00	Acoes de Porta-Porta				0
611	Oeste	2022	Abril	2022-04-11T00:00:00	""	Monitoramento	Travessa Engenho Titara, .[?	Cohab	Ur 03	R2	2022-04-11T00:00:00	Mapeamento de Area de Risco				0
612	Oeste	2022	Abril	2022-04-11T00:00:00	""	Monitoramento	Travessa Engenho Titara, #$[	Cohab	Ur 03	R2	2022-04-11T00:00:00	Mapeamento de Area de Risco				0
613	Oeste	2022	Abril	2022-04-11T00:00:00	""	Monitoramento	Travessa Engenho Titara, `=-[	Cohab	Ur 03	R3	2022-04-11T00:00:00	Orientado a Sair do Imovel em Caso de Chuva				0
614	Oeste	2022	Abril	2022-04-11T00:00:00	""	Monitoramento	Travessa Engenho Titara, ?_$.	Cohab	Ur 03	R3	2022-04-11T00:00:00	Mapeamento de Area de Risco				0
615	Oeste	2022	Abril	2022-04-11T00:00:00	""	""	Rua Alfredo Vieira de Melo, #^>	Jardim Sao Paulo	Jardim Sao Paulo	""	2022-04-11T00:00:00	Acoes de Porta-Porta				0
616	Oeste	2022	Abril	2022-04-11T00:00:00	""	""	Rua Alfredo Vieira de Melo, ~|}[	Jardim Sao Paulo	Jardim Sao Paulo	""	2022-04-11T00:00:00	Acoes de Porta-Porta				0
617	Oeste	2022	Abril	2022-04-11T00:00:00	""	""	Rua Alfredo Vieira de Melo, /@9=	Jardim Sao Paulo	Jardim Sao Paulo	""	2022-04-11T00:00:00	Acoes de Porta-Porta				0
618	Oeste	2022	Abril	2022-04-11T00:00:00	""	Monitoramento	Travessa Engenho Titara, .<^&	Cohab	Ur 03	""	2022-04-11T00:00:00	Mapeamento de Area de Risco				0
619	Oeste	2022	Abril	2022-04-11T00:00:00	""	""	"Rua Alfredo Vieira de Melo, #""#~"	Jardim Sao Paulo	Jardim Sao Paulo	""	2022-04-11T00:00:00	Acoes de Porta-Porta				0
620	Oeste	2022	Abril	2022-04-11T00:00:00	""	""	"Rua Alfredo Vieira de Melo, +?""]"	Jardim Sao Paulo	Jardim Sao Paulo	""	2022-04-11T00:00:00	Acoes de Porta-Porta				0
621	Oeste	2022	Abril	2022-04-11T00:00:00	""	Monitoramento	Travessa Engenho Titara, %$<!	Cohab	Ur 03	""	2022-04-11T00:00:00	Mapeamento de Area de Risco				0
622	Oeste	2022	Abril	2022-04-11T00:00:00	""	""	Rua Alfredo Vieira de Melo, #_|/	Jardim Sao Paulo	Jardim Sao Paulo	""	2022-04-11T00:00:00	Acoes de Porta-Porta				0
623	Oeste	2022	Abril	2022-04-11T00:00:00	""	""	Rua Alfredo Vieira de Melo, .[?	Jardim Sao Paulo	Jardim Sao Paulo	""	2022-04-11T00:00:00	Acoes de Porta-Porta				0
624	Oeste	2022	Abril	2022-04-11T00:00:00	""	Monitoramento	Travessa Engenho Titara, ^[{	Cohab	Ur 03	""	2022-04-11T00:00:00	Mapeamento de Area de Risco				0
625	Oeste	2022	Abril	2022-04-11T00:00:00	""	""	Rua Alfredo Vieira de Melo, #$[	Jardim Sao Paulo	Jardim Sao Paulo	""	2022-04-11T00:00:00	Acoes de Porta-Porta				0
626	Oeste	2022	Abril	2022-04-11T00:00:00	""	Monitoramento	Rua Alfredo Vieira de Melo, ?_$.	Jardim Sao Paulo	Jardim Sao Paulo	R2	2022-04-11T00:00:00	Mapeamento de Area de Risco				0
627	Oeste	2022	Abril	2022-04-11T00:00:00	""	Monitoramento	Rua Alfredo Vieira de Melo, >#'\	Jardim Sao Paulo	Jardim Sao Paulo	R2	2022-04-11T00:00:00	Mapeamento de Area de Risco				0
628	Oeste	2022	Abril	2022-04-11T00:00:00	""	Monitoramento	Rua Alfredo Vieira de Melo, $!>=	Jardim Sao Paulo	Jardim Sao Paulo	R2	2022-04-11T00:00:00	Mapeamento de Area de Risco				0
629	Oeste	2022	Abril	2022-04-11T00:00:00	""	Monitoramento	Rua Alfredo Vieira de Melo, @}>	Jardim Sao Paulo	Jardim Sao Paulo	R2	2022-04-11T00:00:00	Mapeamento de Area de Risco				0
630	Oeste	2022	Abril	2022-04-11T00:00:00	""	Monitoramento	Rua Alfredo Vieira de Melo, 9<-%	Jardim Sao Paulo	Jardim Sao Paulo	R2	2022-04-11T00:00:00	Mapeamento de Area de Risco				0
631	Oeste	2022	Abril	2022-04-11T00:00:00	""	Monitoramento	Travessa Engenho Titara, 9<-%	Cohab	Ur 03	R3	2022-04-11T00:00:00	Mapeamento de Area de Risco				0
632	Oeste	2022	Abril	2022-04-11T00:00:00	""	Monitoramento	Travessa Engenho Titara, @}>	Cohab	Ur 03	""	2022-04-11T00:00:00	Mapeamento de Area de Risco				0
633	Oeste	2022	Abril	2022-04-11T00:00:00	""	Monitoramento	Travessa Engenho Titara, $!>=	Cohab	Ur 03	R3	2022-04-11T00:00:00	Mapeamento de Area de Risco				0
634	Oeste	2022	Abril	2022-04-11T00:00:00	""	Monitoramento	Travessa Engenho Titara, >#'\	Cohab	Ur 03	""	2022-04-11T00:00:00	Mapeamento de Area de Risco				0
635	Oeste	2022	Abril	2022-04-11T00:00:00	""	Monitoramento	Rua Alfredo Vieira de Melo, `=-[	Jardim Sao Paulo	Jardim Sao Paulo	R1	2022-04-11T00:00:00	Mapeamento de Area de Risco				0
636	Oeste	2022	Abril	2022-04-11T00:00:00	""	""	"Rua Alfredo Vieira de Melo, ""#*9"	Jardim Sao Paulo	Jardim Sao Paulo	""	2022-04-11T00:00:00	Acoes de Porta-Porta				0
637	Sul	2022	Abril	2022-04-09T00:00:00	""	""	"Rua Guiru, +?""]"	Cohab	Tres Carneiros Baixo	""	2022-04-09T00:00:00	Acoes de Porta-Porta				0
638	Sul	2022	Abril	2022-04-09T00:00:00	""	""	Rua Guriu, %$<!	Cohab	Tres Carneiros Baixo	""	2022-04-09T00:00:00	Acoes de Porta-Porta				0
639	Sul	2022	Abril	2022-04-09T00:00:00	""	Monitoramento	Rua Guiru, @}>	Cohab	Tres Carneiros Baixo	R2	2022-04-09T00:00:00	Analise Visual Estrutural				0
640	Sul	2022	Abril	2022-04-09T00:00:00	""	""	Rua Guiru, 9<-%	Cohab	Tres Carneiros Baixo	""	2022-04-09T00:00:00	Acoes de Porta-Porta				0
641	Sul	2022	Abril	2022-04-09T00:00:00	""	Monitoramento	Rua Guiru, %$<!	Cohab	Tres Carneiros Baixo	R3	2022-04-09T00:00:00	Analise Visual Estrutural				0
642	Sul	2022	Abril	2022-04-09T00:00:00	""	Monitoramento	Rua Guiru, .<^&	Cohab	Tres Carneiros Baixo	R4	2022-04-09T00:00:00	Analise Visual Estrutural				0
643	Sul	2022	Abril	2022-04-09T00:00:00	""	Monitoramento	Rua Guiru, ^[{	Cohab	Tres Carneiros Baixo	R2	2022-04-09T00:00:00	Analise Visual Estrutural				0
644	Sul	2022	Abril	2022-04-09T00:00:00	""	Monitoramento	Rua Ibicoara, {})!	Cohab	Tres Carneiros Baixo	R3	2022-04-09T00:00:00	ANalise Visual Estrutural				0
645	Sul	2022	Abril	2022-04-09T00:00:00	""	Monitoramento	Rua Ibicoara, #^>	Cohab	Tres Carneiros Baixo	R3	2022-04-09T00:00:00	Analise Visual Estrutural				0
646	Sul	2022	Abril	2022-04-09T00:00:00	""	""	Rua Ibicoara, ~|}[	Cohab	Tres Carneiros Baixo	""	2022-04-09T00:00:00	Acoes de Porta-Porta				0
647	Sul	2022	Abril	2022-04-09T00:00:00	""	Monitoramento	Rua Ibicoara, /@9=	Cohab	Tres Carneiros Baixo	R2	2022-04-09T00:00:00	Analise Visual Estrutural				0
648	Sul	2022	Abril	2022-04-09T00:00:00	""	Monitoramento	"Rua Guiru, #""#~"	Cohab	Tres Carneiros Baixo	R2	2022-04-09T00:00:00	Analise Visual Estrutural				0
649	Oeste	2022	Abril	2022-04-11T00:00:00	""	Monitoramento	Rua Alfredo Vieira de Melo, %$<!	Jardim Sao Paulo	Jardim Sao Paulo	R1	2022-04-11T00:00:00	Mapeamento de Area de Risco				0
650	Sul	2022	Abril	2022-04-09T00:00:00	""	Monitoramento	Rua Guiru, $!>=	Cohab	Tres Carneiros Baixo	R3	2022-04-09T00:00:00	Analise Visual Estrutural				0
651	Oeste	2022	Abril	2022-04-11T00:00:00	""	Monitoramento	Rua Alfredo Vieira de Melo, .<^&	Jardim Sao Paulo	Jardim Sao Paulo	R1	2022-04-11T00:00:00	Mapeamento de Area de Risco				0
652	Oeste	2022	Abril	2022-04-11T00:00:00	""	Monitoramento	Rua Alfredo Vieira de Melo, {})!	Jardim Sao Paulo	Jardim Sao Paulo	R1	2022-04-11T00:00:00	Mapeamento de Area de Risco				0
653	Oeste	2022	Abril	2022-04-11T00:00:00	""	Monitoramento	Rua Alfredo Vieira de Melo, #^>	Jardim Sao Paulo	Jardim Sao Paulo	R2	2022-04-11T00:00:00	Mapeamento de Area de Risco				0
654	Sul	2022	Abril	2022-04-09T00:00:00	""	""	Rua Guiru, @}>	Cohab	Tres Carneiros Baixo	""	2022-04-09T00:00:00	Acoes de Porta-Porta				0
655	Sul	2022	Abril	2022-04-09T00:00:00	""	Monitoramento	Rua Guiru, $!>=	Cohab	Tres Carneiros Baixo	R2	2022-04-09T00:00:00	Analise Visual Estrutural				0
656	Sul	2022	Abril	2022-04-09T00:00:00	""	Monitoramento	Rua Guiru, >#'\	Cohab	Tres Carneiros Baixo	R2	2022-04-09T00:00:00	Analise Visual Estrutural				0
657	Sul	2022	Abril	2022-04-09T00:00:00	""	Monitoramento	Rua Guiru, ?_$.	Cohab	Tres Carneiros Baixo	R2	2022-04-09T00:00:00	Analise Visual Estrutural				0
658	Sul	2022	Abril	2022-04-09T00:00:00	""	Monitoramento	Rua Guiru, `=-[	Cohab	Tres Carneiros Baixo	R2	2022-04-09T00:00:00	Analise Visual Estrutural				0
659	Sul	2022	Abril	2022-04-09T00:00:00	""	Monitoramento	Rua Guiru, #$[	Cohab	Tres Carneiros Baixo	R2	2022-04-09T00:00:00	Analise Visual Estrutural				0
660	Sul	2022	Abril	2022-04-09T00:00:00	""	Monitoramento	Rua Guiru, .[?	Cohab	Tres Carneiros Baixo	R2	2022-04-09T00:00:00	Analise Visual Estrutural				0
661	Sul	2022	Abril	2022-04-09T00:00:00	""	""	Rua Guiru, #_|/	Cohab	Tres Carneiros Baixo	""	2022-04-09T00:00:00	Acoes de Porta-Porta				0
662	Sul	2022	Abril	2022-04-09T00:00:00	""	Monitoramento	"Rua Guiru, ""#*9"	Cohab	Tres Carneiros Baixo	R2	2022-04-09T00:00:00	Analise Visual Estrutural				0
663	Oeste	2022	Abril	2022-04-11T00:00:00	""	Monitoramento	Rua Alfredo Vieira de Melo, ^[{	Jardim Sao Paulo	Jardim Sao Paulo	R1	2022-04-11T00:00:00	Mapeamento de Area de Risco				0
664	Sul	2022	Abril	2022-04-09T00:00:00	""	Monitoramento	Rua Guriu, 9<-%	Cohab	Tres Carneiros Baixo	R3	2022-04-09T00:00:00	Analise Visual Estrutural				0
665	Sul	2022	Abril	2022-04-09T00:00:00	""	""	Rua Guiru, >#'\	Cohab	Tres Carneiros Baixo	""	2022-04-09T00:00:00	Acoes de Porta-Porta				0
666	Sul	2022	Abril	2022-04-09T00:00:00	""	Monitoramento	Rua Guriu, `=-[	Cohab	Tres Carneiros Baixo	R3	2022-04-09T00:00:00	Analise Visual Estrutural				0
667	Sul	2022	Abril	2022-04-09T00:00:00	""	Monitoramento	Rua Guriu, .<^&	Cohab	Tres Carneiros Baixo	R2	2022-04-09T00:00:00	Analise Visual Estrutural				0
668	Sul	2022	Abril	2022-04-09T00:00:00	""	Monitoramento	Rua Guriu, ^[{	Cohab	Tres Carneiros Baixo	R2	2022-04-09T00:00:00	Analise Visual Estrutural				0
669	Sul	2022	Abril	2022-04-09T00:00:00	""	""	Rua Guriu, {})!	Cohab	Tres Carneiros Baixo	""	2022-04-09T00:00:00	Acoes de Porta-Porta				0
670	Sul	2022	Abril	2022-04-09T00:00:00	""	Monitoramento	Rua Guriu, #^>	Cohab	Tres Carneiros Baixo	R2	2022-04-09T00:00:00	Analise Visual Estrutural				0
671	Sul	2022	Abril	2022-04-09T00:00:00	""	""	Rua Guriu, ~|}[	Cohab	Tres Carneiros Baixo	""	2022-04-09T00:00:00	Acoes de Porta-Porta				0
672	Norte	2022	Abril	2022-04-11T00:00:00	""	""	Rua Vertentes do Lerio, >#'\	Dois Unidos	Alto do Rosario	""	2022-04-11T00:00:00	Acoes de Porta-Porta				0
673	Norte	2022	Abril	2022-04-11T00:00:00	""	""	Rua Vertentes do Lerio, ?_$.	Dois Unidos	Alto do Rosario	""	2022-04-11T00:00:00	Acoes de Porta-Porta				0
674	Norte	2022	Abril	2022-04-11T00:00:00	""	""	Rua Vertentes do Lerio, `=-[	Dois Unidos	Alto do Rosario	""	2022-04-11T00:00:00	Acoes de Porta-Porta				0
675	Norte	2022	Abril	2022-04-11T00:00:00	""	""	Rua Vertentes do Lerio, #$[	Dois Unidos	Alto do Rosario	""	2022-04-11T00:00:00	Acoes de Porta-Porta				0
676	Norte	2022	Abril	2022-04-11T00:00:00	""	""	Rua Vertentes do Lerio, .[?	Dois Unidos	Alto do Rosario	""	2022-04-11T00:00:00	Acoes de Porta-Porta				0
677	Norte	2022	Abril	2022-04-11T00:00:00	""	""	Rua Vertentes do Lerio, #_|/	Dois Unidos	Alto do Rosario	""	2022-04-11T00:00:00	Acoes de Porta-Porta				0
678	Sul	2022	Abril	2022-04-09T00:00:00	""	Monitoramento	Rua Guiru, ?_$.	Cohab	Tres Carneiros Baixo	R2	2022-04-09T00:00:00	Analise Visual Estrutural				0
679	Norte	2022	Abril	2022-04-11T00:00:00	""	""	"Rua Vertentes do Lerio, ""#*9"	Dois Unidos	Alto do Rosario	""	2022-04-11T00:00:00	Acoes de Porta-Porta				0
680	Norte	2022	Abril	2022-04-11T00:00:00	""	""	"Rua Andre Bezerra, #""#~"	Cajueiro	Alto do Miramar	""	2022-04-11T00:00:00	Acoes de Porta-Porta				0
681	Norte	2022	Abril	2022-04-11T00:00:00	""	""	Rua Leoncio Rodrigues, /@9=	Dois Unidos	Corrego Leoncio Rodrigues	""	2022-04-11T00:00:00	Acoes de Porta-Porta				0
682	Norte	2022	Abril	2022-04-11T00:00:00	""	""	Rua Vertentes do Lerio, ~|}[	Dois Unidos	Alto do Rosario	""	2022-04-11T00:00:00	Rocagem				0
683	Sul	2022	Abril	2022-04-09T00:00:00	""	Monitoramento	Rua Guriu, /@9=	Cohab	Tres Carneiros Baixo	R3	2022-04-09T00:00:00	Analise Visual Estrutural				0
684	Sul	2022	Abril	2022-04-09T00:00:00	""	""	"Rua Guriu, #""#~"	Cohab	Tres Carneiros Baixo	""	2022-04-09T00:00:00	Acoes de Porta-Porta				0
685	Sul	2022	Abril	2022-04-09T00:00:00	""	Monitoramento	"Rua Guriu, +?""]"	Cohab	Tres Carneiros Baixo	R1	2022-04-09T00:00:00	Analise Visual Estrutural				0
686	Sul	2022	Abril	2022-04-09T00:00:00	""	Monitoramento	"Rua Guriu, ""#*9"	Cohab	Tres Carneiros Baixo	R2	2022-04-09T00:00:00	Analise Visual Estrutural				0
687	Sul	2022	Abril	2022-04-09T00:00:00	""	""	Rua Guriu, #_|/	Cohab	Tres Carneiros Baixo	""	2022-04-09T00:00:00	Acoes de Porta-Porta				0
688	Sul	2022	Abril	2022-04-09T00:00:00	""	Monitoramento	Rua Guriu, .[?	Cohab	Tres Carneiros Baixo	R2	2022-04-09T00:00:00	Analise Visual Estrutural				0
689	Oeste	2022	Abril	2022-04-11T00:00:00	""	""	Travessa Engenho Titara, #_|/	Cohab	Ur 03	""	2022-04-11T00:00:00	Acoes de Porta-Porta				0
690	Sul	2022	Abril	2022-04-09T00:00:00	""	Monitoramento	Rua Guriu, #$[	Cohab	Tres Carneiros Baixo	R3	2022-04-09T00:00:00	Analise Visual Estrutural				0
691	Norte	2022	Abril	2022-04-11T00:00:00	""	""	"Rua Goianopolis, +?""]"	Dois Unidos	Alto do Capitao	""	2022-04-11T00:00:00	Acoes de Porta-Porta				0
692	Oeste	2022	Abril	2022-04-11T00:00:00	""	""	"Travessa Engenho Titara, ""#*9"	Cohab	Ur 03	""	2022-04-11T00:00:00	Acoes de Porta-Porta				0
693	Sul	2022	Abril	2022-04-09T00:00:00	""	""	Rua Guiru, ~|}[	Cohab	Tres Carneiros Baixo	""	2022-04-09T00:00:00	Acoes de Porta-Porta				0
694	Oeste	2022	Abril	2022-04-11T00:00:00	""	""	"Travessa Engenho Titara, #""#~"	Cohab	Ur 03	""	2022-04-11T00:00:00	Acoes de Porta-Porta				0
695	Oeste	2022	Abril	2022-04-09T00:00:00	""	""	"Travessa Eng. Titara, ""#*9"	Cohab	Ur 03	""	2022-04-09T00:00:00	Acoes de Porta-Porta				0
696	Oeste	2022	Abril	2022-04-09T00:00:00	""	""	"Travessa Eng. Titara, +?""]"	Cohab	Ur 03	""	2022-04-09T00:00:00	Acoes de Porta-Porta				0
697	Oeste	2022	Abril	2022-04-09T00:00:00	""	""	"Travessa Eng. Titara, #""#~"	Cohab	Ur 03	""	2022-04-09T00:00:00	Acoes de Porta-Porta				0
698	Oeste	2022	Abril	2022-04-09T00:00:00	""	""	Travessa Eng. Titara, /@9=	Cohab	Ur 03	""	2022-04-09T00:00:00	Acoes de Porta-Porta				0
699	Oeste	2022	Abril	2022-04-09T00:00:00	""	""	Travessa Eng. Titara, ~|}[	Cohab	Ur 03	""	2022-04-09T00:00:00	Acoes de Porta-Porta				0
700	Oeste	2022	Abril	2022-04-09T00:00:00	""	""	Travessa Eng. Titara, #^>	Cohab	Ur 03	""	2022-04-09T00:00:00	Acoes de Porta-Porta				0
701	Oeste	2022	Abril	2022-04-09T00:00:00	""	""	Travessa Eng. Titara, {})!	Cohab	Ur 03	""	2022-04-09T00:00:00	Acoes de Porta-Porta				0
702	Oeste	2022	Abril	2022-04-09T00:00:00	""	""	Travessa Eng. Titara, ^[{	Cohab	Ur 03	""	2022-04-09T00:00:00	Acoes de Porta-Porta				0
703	Oeste	2022	Abril	2022-04-09T00:00:00	""	""	Travessa Eng. Titara, .<^&	Cohab	Ur 03	""	2022-04-09T00:00:00	Acoes de Porta-Porta				0
704	Oeste	2022	Abril	2022-04-09T00:00:00	""	""	Travessa Eng. Titara, %$<!	Cohab	Ur 03	""	2022-04-09T00:00:00	Acoes de Porta-Porta				0
705	Oeste	2022	Abril	2022-04-09T00:00:00	""	""	Travessa Eng. Titara, 9<-%	Cohab	Ur 03	""	2022-04-09T00:00:00	Acoes de Porta-Porta				0
706	Oeste	2022	Abril	2022-04-09T00:00:00	""	""	Travessa Eng. Titara, @}>	Cohab	Ur 03	""	2022-04-09T00:00:00	Acoes de Porta-Porta				0
707	Oeste	2022	Abril	2022-04-09T00:00:00	""	""	Travessa Eng. Titara, $!>=	Cohab	Ur 03	""	2022-04-09T00:00:00	Acoes de Porta-Porta				0
708	Oeste	2022	Abril	2022-04-09T00:00:00	""	""	Travessa Eng. Titara, >#'\	Cohab	Ur 03	""	2022-04-09T00:00:00	Acoes de Porta-Porta				0
709	Oeste	2022	Abril	2022-04-09T00:00:00	""	""	Travessa Eng. Titara, ?_$.	Cohab	Ur 03	""	2022-04-09T00:00:00	Acoes de Porta-Porta				0
710	Oeste	2022	Abril	2022-04-09T00:00:00	""	""	Travessa Eng. Titara, `=-[	Cohab	Ur 03	""	2022-04-09T00:00:00	Acoes de Porta-Porta				0
711	Oeste	2022	Abril	2022-04-09T00:00:00	""	""	Travessa Eng. Titara, #$[	Cohab	Ur 03	""	2022-04-09T00:00:00	Acoes de Porta-Porta				0
712	Sul	2022	Abril	2022-04-09T00:00:00	""	""	Rua Rio dos Cedros, .[?	Ibura	Ibura de Baixo	""	2022-04-09T00:00:00	Capinacao	1	10	5	50
713	Sul	2022	Abril	2022-04-09T00:00:00	""	""	Rua Joao Rio Branco de Lima, #_|/	Cohab	Ur 12	""	2022-04-09T00:00:00	Capinacao	1	25	2	50
714	Sul	2022	Abril	2022-04-09T00:00:00	""	""	"Rua da Goiabeira, ""#*9"	Cohab	Ur 12	""	2022-04-09T00:00:00	Capinacao	1	10	8	80
715	Sul	2022	Abril	2022-04-09T00:00:00	""	""	"Rua Escritora Duce Chacon, +?""]"	Cohab	Ur 12	""	2022-04-09T00:00:00	Capinacao	1	25	2	50
716	Sul	2022	Abril	2022-04-09T00:00:00	""	Monitoramento	"Rua Guriu, #""#~"	Cohab	Tres Carneiros Baixo	R2	2022-04-09T00:00:00	Analise Visual Estrutural				0
717	Sul	2022	Abril	2022-04-09T00:00:00	""	Monitoramento	Rua Guriu, /@9=	Cohab	Tres Carneiros Baixo	R2	2022-04-09T00:00:00	Analise Visual Estrutural				0
718	Sul	2022	Abril	2022-04-09T00:00:00	""	Monitoramento	Rua Guriu, ~|}[	Cohab	Tres Carneiros Baixo	R2	2022-04-09T00:00:00	Analise Visual Estrutural				0
719	Sul	2022	Abril	2022-04-09T00:00:00	""	Monitoramento	Rua Guiru, #^>	Cohab	Tres Carneiros Baixo	R2	2022-04-09T00:00:00	Analise Visual Estrutural				0
720	Sul	2022	Abril	2022-04-09T00:00:00	""	""	Rua Guiru, {})!	Cohab	Tres Carneiros Baixo	""	2022-04-09T00:00:00	Acoes de Porta-Porta				0
721	Sul	2022	Abril	2022-04-09T00:00:00	""	Monitoramento	Rua Guiru, ^[{	Cohab	Tres Carneiros Baixo	R2	2022-04-09T00:00:00	Analise Visual Estrutural				0
722	Sul	2022	Abril	2022-04-09T00:00:00	""	Monitoramento	Rua Guiru, .<^&	Cohab	Tres Carneiros Baixo	R3 	2022-04-09T00:00:00	Analise Visual Estrutural				0
723	Sul	2022	Abril	2022-04-09T00:00:00	""	""	Rua Guiru, %$<!	Cohab	Tres Carneiros Baixo	""	2022-04-09T00:00:00	Acoes de Porta-Porta				0
724	Oeste	2022	Abril	2022-04-09T00:00:00	""	""	Travessa Eng. Titara, #_|/	Cohab	Ur 03	""	2022-04-09T00:00:00	Acoes de Porta-Porta				0
725	Oeste	2022	Abril	2022-04-11T00:00:00	""	Monitoramento	Rua da Paz, @}>	Barro	Vila dos Milagres	R3	2022-04-11T00:00:00	Mapeamento de Area de Risco				0
726	Oeste	2022	Abril	2022-04-09T00:00:00	""	""	Travessa Eng. Titara, .[?	Cohab	Ur 03	""	2022-04-09T00:00:00	Acoes de Porta-Porta				0
727	Oeste	2022	Abril	2022-04-09T00:00:00	""	""	Travessa Eng. Titara, `=-[	Cohab	Ur 03	""	2022-04-09T00:00:00	Acoes de Porta-Porta				0
728	Oeste	2022	Abril	2022-04-09T00:00:00	""	""	Travessa Eng. Titara, #^>	Cohab	Ur 03	""	2022-04-09T00:00:00	Acoes de Porta-Porta				0
729	Oeste	2022	Abril	2022-04-09T00:00:00	""	""	Travessa Eng. Titara, {})!	Cohab	Ur 03	""	2022-04-09T00:00:00	Acoes de Porta-Porta				0
730	Oeste	2022	Abril	2022-04-09T00:00:00	""	""	Travessa Eng. Titara, ^[{	Cohab	Ur 03	""	2022-04-09T00:00:00	Acoes de Porta-Porta				0
731	Oeste	2022	Abril	2022-04-09T00:00:00	""	""	Travessa Eng. Titara, .<^&	Cohab	Ur 03	""	2022-04-09T00:00:00	Acoes de Porta-Porta				0
732	Oeste	2022	Abril	2022-04-09T00:00:00	""	""	Travessa Eng. Titara, %$<!	Cohab	Ur 03	""	2022-04-09T00:00:00	Acoes de Porta-Porta				0
733	Oeste	2022	Abril	2022-04-09T00:00:00	""	""	Travessa Eng. Titara, 9<-%	Cohab	Ur 03	""	2022-04-09T00:00:00	Acoes de Porta-Porta				0
734	Oeste	2022	Abril	2022-04-09T00:00:00	""	""	Travessa Eng. Titara, @}>	Cohab	Ur 03	""	2022-04-09T00:00:00	Acoes de Porta-Porta				0
735	Oeste	2022	Abril	2022-04-09T00:00:00	""	""	Travessa Eng. Titara, $!>=	Cohab	Ur 03	""	2022-04-09T00:00:00	Acoes de Porta-Porta				0
736	Oeste	2022	Abril	2022-04-09T00:00:00	""	""	Travessa Eng. Titara, >#'\	Cohab	Ur 03	""	2022-04-09T00:00:00	Acoes de Porta-Porta				0
737	Oeste	2022	Abril	2022-04-09T00:00:00	""	""	Travessa Eng. Titara, ?_$.	Cohab	Ur 03	""	2022-04-09T00:00:00	Acoes de Porta-Porta				0
738	Oeste	2022	Abril	2022-04-09T00:00:00	""	""	Travessa Eng. Titara, `=-[	Cohab	Ur 03	""	2022-04-09T00:00:00	Acoes de Porta-Porta				0
739	Oeste	2022	Abril	2022-04-09T00:00:00	""	""	Travessa Eng. Titara, #$[	Cohab	Ur 03	""	2022-04-09T00:00:00	Acoes de Porta-Porta				0
740	Oeste	2022	Abril	2022-04-09T00:00:00	""	""	Travessa Eng. Titara, .[?	Cohab	Ur 03	""	2022-04-09T00:00:00	Acoes de Porta-Porta				0
741	Oeste	2022	Abril	2022-04-09T00:00:00	""	""	Travessa Eng. Titara, #_|/	Cohab	Ur 03	""	2022-04-09T00:00:00	Acoes de Porta-Porta				0
742	Oeste	2022	Abril	2022-04-09T00:00:00	""	""	"Travessa Eng. Titara, ""#*9"	Cohab	Ur 03	""	2022-04-09T00:00:00	Acoes de Porta-Porta				0
743	Oeste	2022	Abril	2022-04-09T00:00:00	""	""	"Travessa Eng. Titara, +?""]"	Cohab	Ur 03	""	2022-04-09T00:00:00	Acoes de Porta-Porta				0
744	Oeste	2022	Abril	2022-04-09T00:00:00	""	""	"Travessa Eng. Titara, #""#~"	Cohab	Ur 03	""	2022-04-09T00:00:00	Acoes de Porta-Porta				0
745	Oeste	2022	Abril	2022-04-09T00:00:00	""	""	Travessa Eng. Titara, /@9=	Cohab	Ur 03	""	2022-04-09T00:00:00	Acoes de Porta-Porta				0
746	Oeste	2022	Abril	2022-04-09T00:00:00	""	""	Travessa Eng. Titara, ~|}[	Cohab	Ur 03	""	2022-04-09T00:00:00	Acoes de Porta-Porta				0
747	Oeste	2022	Abril	2022-04-09T00:00:00	""	""	Travessa Eng. Titara, #^>	Cohab	Ur 03	""	2022-04-09T00:00:00	Acoes de Porta-Porta				0
748	Oeste	2022	Abril	2022-04-09T00:00:00	""	""	Travessa Eng. Titara, {})!	Cohab	Ur 03	""	2022-04-09T00:00:00	Acoes de Porta-Porta				0
749	Oeste	2022	Abril	2022-04-09T00:00:00	""	""	Travessa Eng. Titara, ^[{	Cohab	Ur 03	""	2022-04-09T00:00:00	Acoes de Porta-Porta				0
750	Oeste	2022	Abril	2022-04-09T00:00:00	""	""	Travessa Eng. Titara, .<^&	Cohab	Ur 03	""	2022-04-09T00:00:00	Acoes de Porta-Porta				0
751	Oeste	2022	Abril	2022-04-09T00:00:00	""	""	Travessa Eng. Titara, %$<!	Cohab	Ur 03	""	2022-04-09T00:00:00	Acoes de Porta-Porta				0
752	Oeste	2022	Abril	2022-04-09T00:00:00	""	""	Travessa Eng. Titara, 9<-%	Cohab	Ur 03	""	2022-04-09T00:00:00	Acoes de Porta-Porta				0
753	Oeste	2022	Abril	2022-04-09T00:00:00	""	""	Travessa Eng. Titara, @}>	Cohab	Ur 03	""	2022-04-09T00:00:00	Acoes de Porta-Porta				0
754	Oeste	2022	Abril	2022-04-09T00:00:00	""	""	Travessa Eng. Titara, $!>=	Cohab	Ur 03	""	2022-04-09T00:00:00	Acoes de Porta-Porta				0
755	Oeste	2022	Abril	2022-04-09T00:00:00	""	""	Travessa Eng. Titara, >#'\	Cohab	Ur 03	""	2022-04-09T00:00:00	Acoes de Porta-Porta				0
756	Oeste	2022	Abril	2022-04-09T00:00:00	""	""	Travessa Eng. Titara, ?_$.	Cohab	Ur 03	""	2022-04-09T00:00:00	Acoes de Porta-Porta				0
757	Oeste	2022	Abril	2022-04-09T00:00:00	""	""	Travessa Eng. Titara, #$[	Cohab	Ur 03	""	2022-04-09T00:00:00	Acoes de Porta-Porta				0
758	Oeste	2022	Abril	2022-04-11T00:00:00	""	Monitoramento	Rua da Paz, 9<-%	Barro	Vila dos Milagres	R3	2022-04-11T00:00:00	Mapeamento de Area de Risco				0
759	Oeste	2022	Abril	2022-04-11T00:00:00	""	Monitoramento	Rua da Paz, %$<!	Barro	Vila dos Milagres	R2	2022-04-11T00:00:00	Mapeamento de Area de Risco				0
760	Oeste	2022	Abril	2022-04-11T00:00:00	""	Monitoramento	Rua da Paz, .<^&	Barro	Vila dos Milagres	R2	2022-04-11T00:00:00	Mapeamento de Area de Risco				0
761	Sul	2022	Abril	2022-04-09T00:00:00	""	Monitoramento	Rua Guiru, @}>	Cohab	Tres Carneiros Baixo	R3	2022-04-09T00:00:00	Analise Visual Estrutural				0
762	Sul	2022	Abril	2022-04-09T00:00:00	""	""	Rua Guiru, $!>=	Cohab	Tres Carneiros Baixo	""	2022-04-09T00:00:00	Acoes de Porta-Porta				0
763	Sul	2022	Abril	2022-04-09T00:00:00	""	Monitoramento	Rua Guiru, >#'\	Cohab	Tres Carneiros Baixo	R3	2022-04-09T00:00:00	Analise Visual Estrutural				0
764	Sul	2022	Abril	2022-04-09T00:00:00	""	""	Rua Guiru, ?_$.	Cohab	Tres Carneiros Baixo	""	2022-04-09T00:00:00	Acoes de Porta-Porta				0
765	Sul	2022	Abril	2022-04-09T00:00:00	""	Monitoramento	Rua Guiru, `=-[	Cohab	Tres Carneiros Baixo	R3	2022-04-09T00:00:00	Analise Visual Estrutural				0
766	Sul	2022	Abril	2022-04-09T00:00:00	""	""	Rua Guiru, #$[	Cohab	Tres Carneiros Baixo	""	2022-04-09T00:00:00	Acoes de Porta-Porta				0
767	Sul	2022	Abril	2022-04-09T00:00:00	""	Monitoramento	Rua Guiru, .[?	Cohab	Tres Carneiros Baixo	R3	2022-04-09T00:00:00	Analise Visual Estrutural				0
768	Sul	2022	Abril	2022-04-09T00:00:00	""	""	Rua Guiru, #_|/	Cohab	Tres Carneiros Baixo	""	2022-04-09T00:00:00	Acoes de Porta-Porta				0
769	Sul	2022	Abril	2022-04-09T00:00:00	""	Monitoramento	"Rua Guiru, ""#*9"	Cohab	Tres Carneiros Baixo	R3	2022-04-09T00:00:00	Analise Visual Estrutural				0
770	Sul	2022	Abril	2022-04-09T00:00:00	""	""	"Rua Guiru, +?""]"	Cohab	Tres Carneiros Baixo	""	2022-04-09T00:00:00	Acoes de Porta-Porta				0
771	Sul	2022	Abril	2022-04-09T00:00:00	""	Monitoramento	"Rua Guiru, #""#~"	Cohab	Tres Carneiros Baixo	R3	2022-04-09T00:00:00	Analise Visual Estrutural				0
772	Sul	2022	Abril	2022-04-09T00:00:00	""	Monitoramento	Rua Guiru, /@9=	Cohab	Tres Carneiros Baixo	R2	2022-04-09T00:00:00	Analise Visual Estrutural				0
773	Sul	2022	Abril	2022-04-09T00:00:00	""	Monitoramento	Rua Guiru, ~|}[	Cohab	Tres Carneiros Baixo	R2	2022-04-09T00:00:00	Analise Visual Estrutural				0
774	Sul	2022	Abril	2022-04-09T00:00:00	""	Monitoramento	Rua Guiru, #^>	Cohab	Tres Carneiros Baixo	R2	2022-04-09T00:00:00	Analise Visual Estrutural				0
775	Sul	2022	Abril	2022-04-09T00:00:00	""	Monitoramento	Rua Guiru, {})!	Cohab	Tres Carneiros Baixo	R2	2022-04-09T00:00:00	Analise Visual Estrutural				0
776	Sul	2022	Abril	2022-04-09T00:00:00	""	Monitoramento	Rua Guiru, ^[{	Cohab	Tres Carneiros Baixo	R2	2022-04-09T00:00:00	Analise Visual Estrutural				0
777	Sul	2022	Abril	2022-04-09T00:00:00	""	""	Rua Guiru, .<^&	Cohab	Tres Carneiros Baixo	""	2022-04-09T00:00:00	Acoes de Porta-Porta				0
778	Sul	2022	Abril	2022-04-09T00:00:00	""	Monitoramento	Rua Guiru, %$<!	Cohab	Tres Carneiros Baixo	R2	2022-04-09T00:00:00	Analise Visual Estrutural				0
779	Sul	2022	Abril	2022-04-09T00:00:00	""	Monitoramento	Rua Guiru, 9<-%	Cohab	Tres Carneiros Baixo	R2	2022-04-09T00:00:00	Analise Visual Estrutural				0
780	Oeste	2022	Abril	2022-04-11T00:00:00	""	""	Travessa Engenho Titara, $!>=	Cohab	Ur 03	""	2022-04-11T00:00:00	Acoes de Porta-Porta				0
781	Oeste	2022	Abril	2022-04-11T00:00:00	""	""	Travessa Engenho Titara, @}>	Cohab	Ur 03	""	2022-04-11T00:00:00	Acoes de Porta-Porta				0
782	Oeste	2022	Abril	2022-04-11T00:00:00	""	""	Travessa Engenho Titara, 9<-%	Cohab	Ur 03	""	2022-04-11T00:00:00	Acoes de Porta-Porta				0
783	Oeste	2022	Abril	2022-04-11T00:00:00	""	""	Travessa Engenho Titara, %$<!	Cohab	Ur 03	""	2022-04-11T00:00:00	Acoes de Porta-Porta				0
784	Oeste	2022	Abril	2022-04-11T00:00:00	""	""	Travessa Engenho Titara, .<^&	Cohab	Ur 03	""	2022-04-11T00:00:00	Acoes de Porta-Porta				0
785	Oeste	2022	Abril	2022-04-11T00:00:00	""	""	Travessa Engenho Titara, ^[{	Cohab	Ur 03	""	2022-04-11T00:00:00	Acoes de Porta-Porta				0
786	Oeste	2022	Abril	2022-04-11T00:00:00	""	""	Travessa Engenho Titara, {})!	Cohab	Ur 03	""	2022-04-11T00:00:00	Acoes de Porta-Porta				0
787	Oeste	2022	Abril	2022-04-11T00:00:00	""	""	Travessa Engenho Titara, #^>	Cohab	Ur 03	""	2022-04-11T00:00:00	Acoes de Porta-Porta				0
788	Oeste	2022	Abril	2022-04-11T00:00:00	""	""	Travessa Engenho Titara, ~|}[	Cohab	Ur 03	""	2022-04-11T00:00:00	Acoes de Porta-Porta				0
789	Oeste	2022	Abril	2022-04-11T00:00:00	""	""	Travessa Engenho Titara, /@9=	Cohab	Ur 03	""	2022-04-11T00:00:00	Acoes de Porta-Porta				0
790	Sul	2022	Abril	2022-04-09T00:00:00	""	""	Rua Guiru, 9<-%	Cohab	Tres Carneiros Baixo	""	2022-04-09T00:00:00	Acoes de Porta-Porta				0
791	Sul	2022	Abril	2022-04-09T00:00:00	""	Monitoramento	Rua Guiru, %$<!	Cohab	Tres Carneiros Baixo	R3	2022-04-09T00:00:00	Analise Visual Estrutural				0
792	Sul	2022	Abril	2022-04-09T00:00:00	""	""	Rua Guiru, .<^&	Cohab	Tres Carneiros Baixo	""	2022-04-09T00:00:00	Acoes de Porta-Porta				0
793	Sul	2022	Abril	2022-04-09T00:00:00	""	Monitoramento	Rua Guiru, ^[{	Cohab	Tres Carneiros Baixo	R3	2022-04-09T00:00:00	Analise Visual Estrutural				0
794	Oeste	2022	Abril	2022-04-11T00:00:00	""	Monitoramento	Rua Afonso Pena, ^[{	Barro	Pantanal	R3	2022-04-11T00:00:00	Mapeamento de Area de Risco				0
795	Oeste	2022	Abril	2022-04-11T00:00:00	""	Monitoramento	Rua Afonso Pena, {})!	Barro	Pantanal	R3	2022-04-11T00:00:00	Mapeamento de Area de Risco				0
796	Sul	2022	Abril	2022-04-09T00:00:00	""	""	Rua Guriu, @}>	Cohab	Tres Carneiros Baixo	""	2022-04-09T00:00:00	Acoes de Porta-Porta				0
797	Oeste	2022	Abril	2022-04-11T00:00:00	""	Monitoramento	Rua Afonso Pena, #^>	Barro	Pantanal	R3	2022-04-11T00:00:00	Mapeamento de Area de Risco				0
798	Oeste	2022	Abril	2022-04-11T00:00:00	""	Monitoramento	Rua Engenho Babilonia, ~|}[	Barro	Vila dos Milagres	R3	2022-04-11T00:00:00	Mapeamento de Area de Risco				0
799	Oeste	2022	Abril	2022-04-11T00:00:00	""	""	Travessa Engenho Titara, /@9=	Cohab	Ur 03	""	2022-04-11T00:00:00	Acoes de Porta-Porta				0
800	Oeste	2022	Abril	2022-04-11T00:00:00	""	""	"Travessa Engenho Titara, #""#~"	Cohab	Ur 03	""	2022-04-11T00:00:00	Acoes de Porta-Porta				0
801	Oeste	2022	Abril	2022-04-11T00:00:00	""	""	"Travessa Engenho Titara, +?""]"	Cohab	Ur 03	""	2022-04-11T00:00:00	Acoes de Porta-Porta				0
802	Oeste	2022	Abril	2022-04-11T00:00:00	""	""	"Travessa Engenho Titara, ""#*9"	Cohab	Ur 03	""	2022-04-11T00:00:00	Acoes de Porta-Porta				0
803	Oeste	2022	Abril	2022-04-11T00:00:00	""	""	Travessa Engenho Titara, #_|/	Cohab	Ur 03	""	2022-04-11T00:00:00	Acoes de Porta-Porta				0
804	Oeste	2022	Abril	2022-04-11T00:00:00	""	""	Travessa Engenho Titara, .[?	Cohab	Ur 03	""	2022-04-11T00:00:00	Acoes de Porta-Porta				0
805	Oeste	2022	Abril	2022-04-11T00:00:00	""	""	Travessa Engenho Titara, #$[	Cohab	Ur 03	""	2022-04-11T00:00:00	Acoes de Porta-Porta				0
806	Oeste	2022	Abril	2022-04-11T00:00:00	""	""	Travessa Engenho Titara, `=-[	Cohab	Ur 03	""	2022-04-11T00:00:00	Acoes de Porta-Porta				0
807	Oeste	2022	Abril	2022-04-11T00:00:00	""	""	Travessa Engenho Titara, ?_$.	Cohab	Ur 03	""	2022-04-11T00:00:00	Acoes de Porta-Porta				0
808	Oeste	2022	Abril	2022-04-11T00:00:00	""	""	"Travessa Engenho Titara, +?""]"	Cohab	Ur 03	""	2022-04-11T00:00:00	Acoes de Porta-Porta				0
809	Oeste	2022	Abril	2022-04-11T00:00:00	""	""	Travessa Engenho Titara, >#'\	Cohab	Ur 03	""	2022-04-11T00:00:00	Acoes de Porta-Porta				0
810	Sul	2022	Abril	2022-04-09T00:00:00	""	""	Rua Guiru, @}>	Cohab	Tres Carneiros Baixo	""	2022-04-09T00:00:00	Acoes de Porta-Porta				0
811	Sul	2022	Abril	2022-04-09T00:00:00	""	Monitoramento	Rua Guiru, $!>=	Cohab	Tres Carneiros Baixo	R3 	2022-04-09T00:00:00	Analise Visual Estrutural				0
812	Sul	2022	Abril	2022-04-09T00:00:00	""	""	Rua Guiru, >#'\	Cohab	Tres Carneiros Baixo	""	2022-04-09T00:00:00	Acoes de Porta-Porta				0
813	Sul	2022	Abril	2022-04-09T00:00:00	""	Monitoramento	Rua Guiru, ?_$.	Cohab	Tres Carneiros Baixo	R3	2022-04-09T00:00:00	Analise Visual Estrutural				0
814	Sul	2022	Abril	2022-04-09T00:00:00	""	Monitoramento	Rua Guiru, `=-[	Cohab	Tres Carneiros Baixo	R2	2022-04-09T00:00:00	Analise Visual Estrutural				0
815	Sul	2022	Abril	2022-04-09T00:00:00	""	Monitoramento	Rua Guiru, #$[	Cohab	Tres Carneiros Baixo	R3 	2022-04-09T00:00:00	Analise Visual Estrutural				0
816	Sul	2022	Abril	2022-04-09T00:00:00	""	""	Rua Guiru, .[?	Cohab	Tres Carneiros Baixo	""	2022-04-09T00:00:00	Acoes de Porta-Porta				0
817	Sul	2022	Abril	2022-04-09T00:00:00	""	Monitoramento	Rua Guiru, #_|/	Cohab	Tres Carneiros Baixo	R3	2022-04-09T00:00:00	Analise Visual Estrutural				0
818	Sul	2022	Abril	2022-04-09T00:00:00	""	Monitoramento	"Rua Guiru, ""#*9"	Cohab	Tres Carneiros Baixo	R3 	2022-04-09T00:00:00	Analise Visual Estrutural				0
819	Sul	2022	Abril	2022-04-09T00:00:00	""	Monitoramento	"Rua Guiru, +?""]"	Cohab	Tres Carneiros Baixo	R3 	2022-04-09T00:00:00	Analise Visual Estrutural				0
820	Sul	2022	Abril	2022-04-09T00:00:00	""	""	"Rua Guiru, #""#~"	Cohab	Tres Carneiros Baixo	""	2022-04-09T00:00:00	Acoes de Porta-Porta				0
821	Sul	2022	Abril	2022-04-09T00:00:00	""	Monitoramento	Rua Guiru, /@9=	Cohab	Tres Carneiros Baixo	R3 	2022-04-09T00:00:00	Analise Visual Estrutural				0
822	Sul	2022	Abril	2022-04-09T00:00:00	""	Monitoramento	Rua Guiru, #^>	Cohab	Tres Carneiros Baixo	R3	2022-04-09T00:00:00	Analise Visual Estrutural				0
823	Sul	2022	Abril	2022-04-09T00:00:00	""	""	Rua Guiru, {})!	Cohab	Tres Carneiros Baixo	""	2022-04-09T00:00:00	Acoes de Porta-Porta				0
824	Sul	2022	Abril	2022-04-09T00:00:00	""	Monitoramento	Rua Guiru, 9<-%	Cohab	Tres Carneiros Baixo	R3 	2022-04-09T00:00:00	Analise Visual Estrutural				0
825	Sul	2022	Abril	2022-04-09T00:00:00	""	Monitoramento	Rua Guriu, $!>=	Cohab	Tres Carneiros Baixo	R2	2022-04-09T00:00:00	Analise Visual Estrutural				0
826	Oeste	2022	Abril	2022-04-09T00:00:00	""	Colocação de Lonas Plásticas	Rua Sao Sebastiao, #^>	Barro	Vila dos Milagres	""	2022-04-09T00:00:00	""	2	20	8	320
827	Sul	2022	Abril	2022-04-09T00:00:00	""	Monitoramento	Rua Guriu, ?_$.	Cohab	Tres Carneiros Baixo	R2	2022-04-09T00:00:00	Analise Visual Estrutural				0
828	Noroeste	2022	Abril	2022-04-11T00:00:00	""	Monitoramento	Rua das Palmeiras, #$[	Nova Descoberta	Alto Jardim Progresso	R3	2022-04-11T00:00:00	Mapeamento de Area de Risco				0
829	Noroeste	2022	Abril	2022-04-11T00:00:00	""	Monitoramento	Rua das Palmeiras, `=-[	Nova Descoberta	Alto Jardim Progresso	R3	2022-04-11T00:00:00	Mapeamento de Area de Risco				0
830	Noroeste	2022	Abril	2022-04-11T00:00:00	""	Monitoramento	Rua Antonio Pinto Lapa, ?_$.	Vasco da Gama 	Alto Nossa Senhora de Fatima	R3	2022-04-11T00:00:00	Mapeamento de Area de Risco				0
831	Noroeste	2022	Abril	2022-04-11T00:00:00	""	Monitoramento	Rua Sao Bento, >#'\	Macaxeira 	Burity	R3	2022-04-11T00:00:00	Mapeamento de Area de Risco				0
832	Noroeste	2022	Abril	2022-04-11T00:00:00	""	Monitoramento	Rua Deputada Cristina Tavares, $!>=	Macaxeira 	Macaxeira	R3	2022-04-11T00:00:00	Mapeamento de Area de Risco				0
833	Noroeste	2022	Abril	2022-04-11T00:00:00	""	Monitoramento	Rua Alto Itauna, @}>	Alto Jose Bonifacio 	Alto Jose Bonifacio	R3	2022-04-11T00:00:00	Mapeamento de Area de Risco				0
834	Noroeste	2022	Abril	2022-04-11T00:00:00	""	Monitoramento	Rua Alto Doutor Caete, 9<-%	Nova Descoberta	Alto Dr. Caete	R3	2022-04-11T00:00:00	Mapeamento de Area de Risco				0
835	Noroeste	2022	Abril	2022-04-11T00:00:00	""	Monitoramento	3ª Travessa Damolandia, %$<!	Nova Descoberta	Alto Dr. Caete	R3	2022-04-11T00:00:00	Mapeamento de Area de Risco				0
836	Noroeste	2022	Abril	2022-04-11T00:00:00	""	Monitoramento	Avenida Joselia, .<^&	Nova Descoberta	Corrego da Joselia	R3	2022-04-11T00:00:00	Mapeamento de Area de Risco				0
837	Noroeste	2022	Abril	2022-04-11T00:00:00	""	Monitoramento	Rua Esplanada, ^[{	Nao Informado	Corrego Jose Grande	R3	2022-04-11T00:00:00	Mapeamento de Area de Risco				0
838	Noroeste	2022	Abril	2022-04-11T00:00:00	""	Monitoramento	4ª Subida do Comissario, {})!	Nova Descoberta	Corrego da Joselia	R3	2022-04-11T00:00:00	Mapeamento de Area de Risco				0
839	Noroeste	2022	Abril	2022-04-11T00:00:00	""	Monitoramento	2ª Subida do Comissario, #^>	Nova Descoberta	Corrego da Joselia	R3	2022-04-11T00:00:00	Mapeamento de Area de Risco				0
840	Noroeste	2022	Abril	2022-04-11T00:00:00	""	Monitoramento	Rua da Macaiba, ~|}[	Nao Informado	Alto Jose do Pinho	R3	2022-04-11T00:00:00	Mapeamento de Area de Risco				0
841	Noroeste	2022	Abril	2022-04-11T00:00:00	""	Monitoramento	Rua Uniao da Vitoria, /@9=	Nao Informado	Alto Jose do Pinho	R3	2022-04-11T00:00:00	Mapeamento de Area de Risco				0
842	Noroeste	2022	Abril	2022-04-11T00:00:00	""	Monitoramento	"Rua Hilca Machado, #""#~"	Nova Descoberta	Olho D'Agua	R3	2022-04-11T00:00:00	Mapeamento de Area de Risco				0
843	Noroeste	2022	Abril	2022-04-11T00:00:00	""	Monitoramento	5ª Travessa Monsenhor Teobaldo Rocha, .[?	Nova Descoberta	Nova Descoberta	R3	2022-04-11T00:00:00	Mapeamento de Area de Risco				0
844	Noroeste	2022	Abril	2022-04-11T00:00:00	""	Monitoramento	"Rua Brejo de Areia, +?""]"	Alto Jose Bonifacio 	Alto Jose Bonifacio	R3	2022-04-11T00:00:00	Mapeamento de Area de Risco				0
845	Noroeste	2022	Abril	2022-04-11T00:00:00	""	Monitoramento	Rua Alto Alegre, #_|/	Morro da Conceicao	Morro da Conceicao	R3	2022-04-11T00:00:00	Mapeamento de Area de Risco				0
846	Noroeste	2022	Abril	2022-04-11T00:00:00	""	Monitoramento	"Rua A, +?""]"	Nova Descoberta	Corrego do Eucalipto	R3	2022-04-11T00:00:00	Mapeamento de Area de Risco				0
847	Norte	2022	Abril	2022-04-11T00:00:00	""	Monitoramento	Rua Venus, .<^&	Bomba do Hemeterio	Corrego Antonio Rodrigues	""	2022-04-11T00:00:00	""				0
848	Norte	2022	Abril	2022-04-11T00:00:00	""	Monitoramento	Rua Tupanci, %$<!	Bomba do Hemeterio	Corrego Antonio Rodrigues	""	2022-04-11T00:00:00	""				0
849	Norte	2022	Abril	2022-04-11T00:00:00	""	Monitoramento	Rua Tupanci, 9<-%	Bomba do Hemeterio	Corrego Antonio Rodrigues	""	2022-04-11T00:00:00	""				0
850	Norte	2022	Abril	2022-04-11T00:00:00	""	Monitoramento	Rua Tupanci, @}>	Bomba do Hemeterio	Corrego Antonio Rodrigues	""	2022-04-11T00:00:00	""				0
851	Norte	2022	Abril	2022-04-11T00:00:00	""	Monitoramento	Rua Prof. Jose Amarino dos Reis, $!>=	Linha do Tiro	Corrego do Tiro	""	2022-04-11T00:00:00	""				0
852	Norte	2022	Abril	2022-04-11T00:00:00	""	Monitoramento	Rua Tenente Jose Antonio, >#'\	Linha do Tiro	Corrego do Tiro	""	2022-04-11T00:00:00	""				0
853	Norte	2022	Abril	2022-04-11T00:00:00	""	Monitoramento	Rua Vencedora, ?_$.	Linha do Tiro	Corrego do Tiro	""	2022-04-11T00:00:00	""				0
854	Norte	2022	Abril	2022-04-11T00:00:00	""	Monitoramento	Rua Corrego do Deodato, `=-[	Agua Fria	Corrego do Deodato	""	2022-04-11T00:00:00	""				0
855	Norte	2022	Abril	2022-04-11T00:00:00	""	Monitoramento	Rua Corrego do Deodato, #$[	Agua Fria	Corrego do Deodato	""	2022-04-11T00:00:00	""				0
856	Noroeste	2022	Abril	2022-04-11T00:00:00	""	Monitoramento	Rua Soldado Carlos Humberto, ^[{	Alto Jose Bonifacio 	Alto Jose Bonifacio	R2	2022-04-11T00:00:00	Mapeamento de Area de Risco				0
857	Noroeste	2022	Abril	2022-04-11T00:00:00	""	Monitoramento	Rua Soldado Carlos Humberto, {})!	Alto Jose Bonifacio 	Alto Jose Bonifacio	R2	2022-04-11T00:00:00	Mapeamento de Area de Risco				0
858	Noroeste	2022	Abril	2022-04-11T00:00:00	""	Monitoramento	Rua Soldado Carlos Humberto, #^>	Alto Jose Bonifacio 	Alto Jose Bonifacio	R2	2022-04-11T00:00:00	Mapeamento de Area de Risco				0
859	Noroeste	2022	Abril	2022-04-11T00:00:00	""	Monitoramento	Rua Soldado Carlos Humberto, ~|}[	Alto Jose Bonifacio 	Alto Jose Bonifacio	R2	2022-04-11T00:00:00	Mapeamento de Area de Risco				0
860	Noroeste	2022	Abril	2022-04-11T00:00:00	""	Monitoramento	Rua Soldado Carlos Humberto, /@9=	Alto Jose Bonifacio 	Alto Jose Bonifacio	R2	2022-04-11T00:00:00	Mapeamento de Area de Risco				0
861	Noroeste	2022	Abril	2022-04-11T00:00:00	""	Monitoramento	"Rua Nestor Tavares, #""#~"	Alto Jose Bonifacio 	Alto Jose Bonifacio	R2	2022-04-11T00:00:00	Mapeamento de Area de Risco				0
862	Noroeste	2022	Abril	2022-04-11T00:00:00	""	Monitoramento	"Rua A, ""#*9"	Nova Descoberta	Corrego do Eucalipto	R3	2022-04-11T00:00:00	Mapeamento de Area de Risco				0
863	Norte	2022	Abril	2022-04-11T00:00:00	""	Monitoramento	Rua Venus, ^[{	Bomba do Hemeterio	Corrego Antonio Rodrigues	""	2022-04-11T00:00:00	""				0
864	Noroeste	2022	Abril	2022-04-11T00:00:00	""	Monitoramento	"Rua Alto Itauna, ""#*9"	Alto Jose Bonifacio 	Alto Jose Bonifacio	R3	2022-04-11T00:00:00	Mapeamento de Area de Risco				0
865	Noroeste	2022	Abril	2022-04-11T00:00:00	""	Monitoramento	Rua Arare, .[?	Vasco da Gama 	Alto do Eucalipto	R3	2022-04-11T00:00:00	Mapeamento de Area de Risco				0
866	Norte	2022	Abril	2022-04-11T00:00:00	""	Monitoramento	Rua Vertentes do Lerio, ?_$.	Dois Unidos	Alto do Rosario	""	2022-04-11T00:00:00	""				0
867	Noroeste	2022	Abril	2022-04-11T00:00:00	""	Monitoramento	Rua Alto do Bambui, >#'\	Vasco da Gama 	Alto Nossa Senhora de Fatima	R3	2022-04-11T00:00:00	Mapeamento de Area de Risco				0
868	Noroeste	2022	Abril	2022-04-11T00:00:00	""	Monitoramento	Rua Itabora, $!>=	Vasco da Gama 	Vasco da Gama	R3	2022-04-11T00:00:00	Mapeamento de Area de Risco				0
869	Noroeste	2022	Abril	2022-04-11T00:00:00	""	Monitoramento	Subida Tereza Carneiro, @}>	Nova Descoberta	Corrego do Eucalipto	R3	2022-04-11T00:00:00	Mapeamento de Area de Risco				0
870	Noroeste	2022	Abril	2022-04-11T00:00:00	""	Monitoramento	Rua Angai, 9<-%	Nova Descoberta	Nova Descoberta	R3	2022-04-11T00:00:00	Mapeamento de Area de Risco				0
871	Noroeste	2022	Abril	2022-04-11T00:00:00	""	Monitoramento	Rua Humberto Carneiro, %$<!	Casa Amarela 	Alto Santa Isabel	R3	2022-04-11T00:00:00	Mapeamento de Area de Risco				0
872	Noroeste	2022	Abril	2022-04-11T00:00:00	""	Monitoramento	1ª Travessa Arandu, .<^&	Morro da Conceicao	Morro da Conceicao	R3	2022-04-11T00:00:00	Mapeamento de Area de Risco				0
873	Noroeste	2022	Abril	2022-04-11T00:00:00	""	Monitoramento	Rua Sao Domingos Savio, ^[{	Alto Jose Bonifacio 	Corrego Sao Domingos Savio	R3	2022-04-11T00:00:00	Mapeamento de Area de Risco				0
874	Noroeste	2022	Abril	2022-04-11T00:00:00	""	Monitoramento	Rua Jose Carneiro Lins, {})!	Nova Descoberta	Nova Descoberta	R3	2022-04-11T00:00:00	Mapeamento de Area de Risco				0
875	Noroeste	2022	Abril	2022-04-11T00:00:00	""	Monitoramento	Rua Diadema, #^>	Vasco da Gama 	Vasco da Gama	R3	2022-04-11T00:00:00	Mapeamento de Area de Risco				0
876	Noroeste	2022	Abril	2022-04-11T00:00:00	""	Monitoramento	Rua Francisco Gomes Machado, ~|}[	Nova Descoberta	Nova Descoberta	R3	2022-04-11T00:00:00	Mapeamento de Area de Risco				0
877	Noroeste	2022	Abril	2022-04-11T00:00:00	""	Monitoramento	Rua Taquaral, /@9=	Vasco da Gama 	Alto 13 de Maio	R3	2022-04-11T00:00:00	Mapeamento de Area de Risco				0
878	Noroeste	2022	Abril	2022-04-11T00:00:00	""	Monitoramento	"Rua Severino Barbosa, #""#~"	Nova Descoberta	Alto Jardim Progresso	R3	2022-04-11T00:00:00	Mapeamento de Area de Risco				0
879	Nordeste	2022	Abril	2022-04-11T00:00:00	""	""	"Rua Alto do Refugio, +?""]"	Nova Descoberta	Alto do Refugio	""	2022-04-11T00:00:00	Rocagem	1	20	10	200
880	Nordeste	2022	Abril	2022-04-11T00:00:00	""	""	"Rua Plinio Colho, ""#*9"	Nova Descoberta	Alto do Refugio	""	2022-04-11T00:00:00	Rocagem	1	25	10	250
881	Norte	2022	Abril	2022-04-11T00:00:00	""	Monitoramento	Rua Expedicionario Teodoro Sativa, >#'\	Dois Unidos	Alto do Maracana	""	2022-04-11T00:00:00	""				0
882	Noroeste	2022	Abril	2022-04-11T00:00:00	""	Monitoramento	Rua Eduardo Menezes, #_|/	Vasco da Gama 	Alto Resplendor	R3	2022-04-11T00:00:00	Mapeamento de Area de Risco				0
883	Norte	2022	Abril	2022-04-11T00:00:00	""	Monitoramento	Rua Expedicionario Teodoro Sativa, $!>=	Dois Unidos	Alto do Maracana	""	2022-04-11T00:00:00	""				0
884	Norte	2022	Abril	2022-04-11T00:00:00	""	Monitoramento	Rua Corrego Joao Carvoeiro, 9<-%	Agua Fria	Corrego Joao Carvoeiro	""	2022-04-11T00:00:00	""				0
885	Noroeste	2022	Abril	2022-04-11T00:00:00	""	Monitoramento	Rua Antonio Pinto Lapa, #$[	Vasco da Gama 	Vasco da Gama	R3	2022-04-11T00:00:00	Mapeamento de Area de Risco				0
886	Noroeste	2022	Abril	2022-04-11T00:00:00	""	Monitoramento	Rua Estreliana, `=-[	Nao Informado	Alto Jose do Pinho	R3	2022-04-11T00:00:00	Mapeamento de Area de Risco				0
887	Noroeste	2022	Abril	2022-04-11T00:00:00	""	Monitoramento	4ª Subida do Comissario, ?_$.	Nova Descoberta	Corrego da Joselia	R3	2022-04-11T00:00:00	Mapeamento de Area de Risco				0
888	Norte	2022	Abril	2022-04-11T00:00:00	""	Monitoramento	Rua Salutares, .[?	Agua Fria	Corrego do Deodato	""	2022-04-11T00:00:00	""				0
889	Norte	2022	Abril	2022-04-11T00:00:00	""	Monitoramento	Rua Corrego do Deodato, #_|/	Agua Fria	Corrego do Deodato	""	2022-04-11T00:00:00	""				0
890	Norte	2022	Abril	2022-04-11T00:00:00	""	Monitoramento	"Rua Corrego do Deodato, ""#*9"	Agua Fria	Corrego do Deodato	""	2022-04-11T00:00:00	""				0
891	Norte	2022	Abril	2022-04-11T00:00:00	""	Monitoramento	"Rua Corrego do Deodato, +?""]"	Agua Fria	Corrego do Deodato	""	2022-04-11T00:00:00	""				0
892	Norte	2022	Abril	2022-04-11T00:00:00	""	Monitoramento	"Rua Corrego do Deodato, #""#~"	Agua Fria	Corrego do Deodato	""	2022-04-11T00:00:00	""				0
893	Norte	2022	Abril	2022-04-11T00:00:00	""	Monitoramento	3ª Travessa Subida da Medalha Milagrosa, /@9=	Dois Unidos	Alto do Maracana	""	2022-04-11T00:00:00	""				0
894	Norte	2022	Abril	2022-04-11T00:00:00	""	Monitoramento	3ª Travessa Subida da Medalha Milagrosa, ~|}[	Dois Unidos	Alto do Maracana	""	2022-04-11T00:00:00	""				0
895	Norte	2022	Abril	2022-04-11T00:00:00	""	Monitoramento	3ª Travessa Subida da Medalha Milagrosa, #^>	Dois Unidos	Alto do Maracana	""	2022-04-11T00:00:00	""				0
896	Norte	2022	Abril	2022-04-11T00:00:00	""	Monitoramento	3ª Travessa Subida da Medalha Milagrosa, {})!	Dois Unidos	Alto do Maracana	""	2022-04-11T00:00:00	""				0
897	Norte	2022	Abril	2022-04-11T00:00:00	""	Monitoramento	3ª Travessa Subida da Medalha Milagrosa, ^[{	Dois Unidos	Alto do Maracana	""	2022-04-11T00:00:00	""				0
898	Norte	2022	Abril	2022-04-11T00:00:00	""	Monitoramento	Rua Corrego Joao Carvoeiro, .<^&	Agua Fria	Corrego Joao Carvoeiro	""	2022-04-11T00:00:00	""				0
899	Norte	2022	Abril	2022-04-11T00:00:00	""	Monitoramento	Rua Corrego Joao Carvoeiro, %$<!	Agua Fria	Corrego Joao Carvoeiro	""	2022-04-11T00:00:00	""				0
900	Norte	2022	Abril	2022-04-11T00:00:00	""	Monitoramento	Rua Artur Nogueira, @}>	Dois Unidos	Alto do Maracana	""	2022-04-11T00:00:00	""				0
901	Norte	2022	Abril	2022-04-11T00:00:00	""	Monitoramento	Rua Alcobaca, {})!	Agua Fria	Corrego do Deodato	""	2022-04-11T00:00:00	""				0
902	Norte	2022	Abril	2022-04-11T00:00:00	""	Monitoramento	Rua Alcobaca, #^>	Agua Fria	Corrego do Deodato	""	2022-04-11T00:00:00	""				0
903	Norte	2022	Abril	2022-04-11T00:00:00	""	Monitoramento	Rua Nossa Senhora de Fatima, ~|}[	Agua Fria	Corrego da Padaria	""	2022-04-11T00:00:00	""				0
904	Noroeste	2022	Abril	2022-04-11T00:00:00	""	Monitoramento	Rua Nestor Tavares, .<^&	Alto Jose Bonifacio 	Alto Jose Bonifacio	R1	2022-04-11T00:00:00	Mapeamento de Area de Risco				0
905	Noroeste	2022	Abril	2022-04-11T00:00:00	""	Monitoramento	Rua Nestor Tavares, ^[{	Alto Jose Bonifacio 	Alto Jose Bonifacio	R1	2022-04-11T00:00:00	Mapeamento de Area de Risco				0
906	Noroeste	2022	Abril	2022-04-11T00:00:00	""	Monitoramento	Rua Nestor Tavares, {})!	Alto Jose Bonifacio 	Alto Jose Bonifacio	R1	2022-04-11T00:00:00	Mapeamento de Area de Risco				0
907	Noroeste	2022	Abril	2022-04-11T00:00:00	""	Monitoramento	Rua Nestor Tavares, #^>	Alto Jose Bonifacio 	Alto Jose Bonifacio	R1	2022-04-11T00:00:00	Mapeamento de Area de Risco				0
908	Noroeste	2022	Abril	2022-04-11T00:00:00	""	Monitoramento	Rua Nestor Tavares, ~|}[	Alto Jose Bonifacio 	Alto Jose Bonifacio	R1	2022-04-11T00:00:00	Mapeamento de Area de Risco				0
909	Noroeste	2022	Abril	2022-04-11T00:00:00	""	Monitoramento	Rua Nestor Tavares, /@9=	Alto Jose Bonifacio 	Alto Jose Bonifacio	R1	2022-04-11T00:00:00	Mapeamento de Area de Risco				0
910	Noroeste	2022	Abril	2022-04-11T00:00:00	""	Monitoramento	"Rua Nestor Tavares, #""#~"	Alto Jose Bonifacio 	Alto Jose Bonifacio	R1	2022-04-11T00:00:00	Mapeamento de Area de Risco				0
911	Noroeste	2022	Abril	2022-04-11T00:00:00	""	Monitoramento	"Rua Nestor Tavares, +?""]"	Alto Jose Bonifacio 	Alto Jose Bonifacio	R3	2022-04-11T00:00:00	Mapeamento de Area de Risco				0
912	Noroeste	2022	Abril	2022-04-11T00:00:00	""	Monitoramento	"Rua Soldado Carlos Humberto, ""#*9"	Alto Jose Bonifacio 	Alto Jose Bonifacio	R2	2022-04-11T00:00:00	Mapeamento de Area de Risco				0
913	Noroeste	2022	Abril	2022-04-11T00:00:00	""	Monitoramento	Rua Soldado Carlos Humberto, #_|/	Alto Jose Bonifacio 	Alto Jose Bonifacio	R2	2022-04-11T00:00:00	Mapeamento de Area de Risco				0
914	Noroeste	2022	Abril	2022-04-11T00:00:00	""	Monitoramento	Rua Soldado Carlos Humberto, .[?	Alto Jose Bonifacio 	Alto Jose Bonifacio	R2	2022-04-11T00:00:00	Mapeamento de Area de Risco				0
915	Noroeste	2022	Abril	2022-04-11T00:00:00	""	Monitoramento	Rua Soldado Carlos Humberto, #$[	Alto Jose Bonifacio 	Alto Jose Bonifacio	R2	2022-04-11T00:00:00	Mapeamento de Area de Risco				0
916	Noroeste	2022	Abril	2022-04-11T00:00:00	""	Monitoramento	Rua Soldado Carlos Humberto, `=-[	Alto Jose Bonifacio 	Alto Jose Bonifacio	R2	2022-04-11T00:00:00	Mapeamento de Area de Risco				0
917	Noroeste	2022	Abril	2022-04-11T00:00:00	""	Monitoramento	Rua Soldado Carlos Humberto, ?_$.	Alto Jose Bonifacio 	Alto Jose Bonifacio	R2	2022-04-11T00:00:00	Mapeamento de Area de Risco				0
918	Noroeste	2022	Abril	2022-04-11T00:00:00	""	Monitoramento	Rua Soldado Carlos Humberto, >#'\	Alto Jose Bonifacio 	Alto Jose Bonifacio	R2	2022-04-11T00:00:00	Mapeamento de Area de Risco				0
919	Noroeste	2022	Abril	2022-04-11T00:00:00	""	Monitoramento	Rua Nestor Tavares, %$<!	Alto Jose Bonifacio 	Alto Jose Bonifacio	R1	2022-04-11T00:00:00	Mapeamento de Area de Risco				0
920	Noroeste	2022	Abril	2022-04-11T00:00:00	""	Monitoramento	Rua Albino Kross, $!>=	Alto Jose Bonifacio 	Alto Jose Bonifacio	R2	2022-04-11T00:00:00	Mapeamento de Area de Risco				0
921	Noroeste	2022	Abril	2022-04-11T00:00:00	""	Monitoramento	Rua Nestor Tavares, 9<-%	Alto Jose Bonifacio 	Alto Jose Bonifacio	R1	2022-04-11T00:00:00	Mapeamento de Area de Risco				0
922	Noroeste	2022	Abril	2022-04-11T00:00:00	""	Monitoramento	Rua Nestor Tavares, $!>=	Alto Jose Bonifacio 	Alto Jose Bonifacio	R1	2022-04-11T00:00:00	Mapeamento de Area de Risco				0
923	Norte	2022	Abril	2022-04-11T00:00:00	""	Monitoramento	Rua Vertentes do Lerio, .<^&	Dois Unidos	Alto do Rosario	R3	2022-04-11T00:00:00	""				0
924	Norte	2022	Abril	2022-04-11T00:00:00	""	Monitoramento	Rua Vertentes do Lerio, ^[{	Dois Unidos	Alto do Rosario	R3	2022-04-11T00:00:00	""				0
925	Norte	2022	Abril	2022-04-11T00:00:00	""	Monitoramento	Rua Vertentes do Lerio, {})!	Dois Unidos	Alto do Rosario	R3	2022-04-11T00:00:00	""				0
926	Norte	2022	Abril	2022-04-11T00:00:00	""	Vistoria	Rua Andre Bezerra, #^>	Cajueiro	Alto do Miramar	R3	2022-04-11T00:00:00	""				0
927	Norte	2022	Abril	2022-04-11T00:00:00	""	Vistoria	Rua Goianopolis, ~|}[	Dois Unidos	Alto do Capitao	R3	2022-04-11T00:00:00	""				0
928	Norte	2022	Abril	2022-04-11T00:00:00	""	Vistoria	2ª Travessa Tupiracaba, /@9=	Dois Unidos	Alto do Capitao	R3	2022-04-11T00:00:00	""				0
929	Norte	2022	Abril	2022-04-11T00:00:00	""	Vistoria	"Rua Leoncio Rodrigues, #""#~"	Dois Unidos	Corrego Leoncio Rodrigues	R3	2022-04-11T00:00:00	""				0
930	Noroeste	2022	Abril	2022-04-11T00:00:00	""	""	"Rua Camburiu, +?""]"	Vasco da Gama 	Vasco da Gama	""	2022-04-11T00:00:00	Rocagem	1	50	8	400
931	Noroeste	2022	Abril	2022-04-11T00:00:00	""	""	"Rua Dende, ""#*9"	Morro da Conceicao	Morro da Conceicao	""	2022-04-11T00:00:00	Rocagem	3	15	8	360
932	Noroeste	2022	Abril	2022-04-11T00:00:00	""	Monitoramento	Rua Nestor Tavares, #_|/	Alto Jose Bonifacio 	Alto Jose Bonifacio	R3	2022-04-11T00:00:00	Mapeamento de Area de Risco				0
933	Noroeste	2022	Abril	2022-04-11T00:00:00	""	Monitoramento	Rua Nestor Tavares, .[?	Alto Jose Bonifacio 	Alto Jose Bonifacio	R1	2022-04-11T00:00:00	Mapeamento de Area de Risco				0
934	Noroeste	2022	Abril	2022-04-11T00:00:00	""	Monitoramento	Rua Nestor Tavares, #$[	Alto Jose Bonifacio 	Alto Jose Bonifacio	R2	2022-04-11T00:00:00	Mapeamento de Area de Risco				0
935	Noroeste	2022	Abril	2022-04-11T00:00:00	""	Monitoramento	Rua Nestor Tavares, `=-[	Alto Jose Bonifacio 	Alto Jose Bonifacio	R1	2022-04-11T00:00:00	Mapeamento de Area de Risco				0
936	Noroeste	2022	Abril	2022-04-11T00:00:00	""	Monitoramento	Rua Nestor Tavares, ?_$.	Alto Jose Bonifacio 	Alto Jose Bonifacio	R1	2022-04-11T00:00:00	Mapeamento de Area de Risco				0
937	Noroeste	2022	Abril	2022-04-11T00:00:00	""	Monitoramento	Rua Nestor Tavares, >#'\	Alto Jose Bonifacio 	Alto Jose Bonifacio	R1	2022-04-11T00:00:00	Mapeamento de Area de Risco				0
938	Noroeste	2022	Abril	2022-04-11T00:00:00	""	Monitoramento	Rua Nestor Tavares, @}>	Alto Jose Bonifacio 	Alto Jose Bonifacio	R1	2022-04-11T00:00:00	Mapeamento de Area de Risco				0
939	Noroeste	2022	Abril	2022-04-11T00:00:00	""	Monitoramento	Rua Soldado Carlos Humberto, @}>	Alto Jose Bonifacio 	Alto Jose Bonifacio	R2	2022-04-11T00:00:00	Mapeamento de Area de Risco				0
940	Noroeste	2022	Abril	2022-04-11T00:00:00	""	Monitoramento	Rua Soldado Carlos Humberto, 9<-%	Alto Jose Bonifacio 	Alto Jose Bonifacio	R2	2022-04-11T00:00:00	Mapeamento de Area de Risco				0
941	Noroeste	2022	Abril	2022-04-11T00:00:00	""	Monitoramento	Rua Soldado Carlos Humberto, %$<!	Alto Jose Bonifacio 	Alto Jose Bonifacio	R2	2022-04-11T00:00:00	Mapeamento de Area de Risco				0
942	Norte	2022	Abril	2022-04-11T00:00:00	""	Monitoramento	Rua Vertentes do Lerio, .<^&	Dois Unidos	Alto do Rosario	R3	2022-04-11T00:00:00	""				0
943	Norte	2022	Abril	2022-04-11T00:00:00	""	Monitoramento	Rua Vertentes do Lerio, %$<!	Dois Unidos	Alto do Rosario	R3	2022-04-11T00:00:00	""				0
944	Norte	2022	Abril	2022-04-11T00:00:00	""	Monitoramento	Rua Vertentes do Lerio, 9<-%	Dois Unidos	Alto do Rosario	R3	2022-04-11T00:00:00	""				0
945	Norte	2022	Abril	2022-04-11T00:00:00	""	Monitoramento	Rua Vertentes do Lerio, @}>	Dois Unidos	Alto do Rosario	R3	2022-04-11T00:00:00	""				0
946	Norte	2022	Abril	2022-04-11T00:00:00	""	Monitoramento	Rua Vertentes do Lerio, $!>=	Dois Unidos	Alto do Rosario	R3	2022-04-11T00:00:00	""				0
947	Norte	2022	Abril	2022-04-11T00:00:00	""	Monitoramento	Rua Vertentes do Lerio, >#'\	Dois Unidos	Alto do Rosario	R3	2022-04-11T00:00:00	""				0
948	Norte	2022	Abril	2022-04-11T00:00:00	""	Monitoramento	Rua Vertentes do Lerio, ?_$.	Dois Unidos	Alto do Rosario	R3	2022-04-11T00:00:00	""				0
949	Norte	2022	Abril	2022-04-11T00:00:00	""	Monitoramento	Rua Vertentes do Lerio, `=-[	Dois Unidos	Alto do Rosario	R3	2022-04-11T00:00:00	""				0
950	Norte	2022	Abril	2022-04-11T00:00:00	""	Monitoramento	Rua Vertentes do Lerio, #$[	Dois Unidos	Alto do Rosario	R3	2022-04-11T00:00:00	""				0
951	Norte	2022	Abril	2022-04-11T00:00:00	""	Monitoramento	Rua Vertentes do Lerio, .[?	Dois Unidos	Alto do Rosario	R3	2022-04-11T00:00:00	""				0
952	Norte	2022	Abril	2022-04-11T00:00:00	""	Monitoramento	Rua Vertentes do Lerio, #_|/	Dois Unidos	Alto do Rosario	R3	2022-04-11T00:00:00	""				0
953	Norte	2022	Abril	2022-04-11T00:00:00	""	""	"Rua Paulo Brandao, ""#*9"	Beberibe	Porto da Madeira	""	2022-04-11T00:00:00	Corte de Arvores	1			0
954	Norte	2022	Abril	2022-04-11T00:00:00	""	Vistoria	"Rua Ladeira de Pedra, +?""]"	Agua Fria	Alto do Pascoal	R2	2022-04-11T00:00:00	""				0
955	Norte	2022	Abril	2022-04-11T00:00:00	""	Vistoria	"Rua Umuarama, #""#~"	Linha do Tiro	Corrego do Tiro	R3	2022-04-11T00:00:00	""				0
956	Norte	2022	Abril	2022-04-11T00:00:00	""	Vistoria	Rua Soldado Abelardo Rosa, /@9=	Agua Fria	Alto do Pascoal	R3	2022-04-11T00:00:00	""				0
957	Norte	2022	Abril	2022-04-11T00:00:00	""	Monitoramento	Rua Vertentes do Lerio, ^[{	Dois Unidos	Alto do Rosario	R3	2022-04-11T00:00:00	""				0
958	Norte	2022	Abril	2022-04-11T00:00:00	""	Monitoramento	Rua Vertentes do Lerio, {})!	Dois Unidos	Alto do Rosario	R3	2022-04-11T00:00:00	""				0
959	Norte	2022	Abril	2022-04-11T00:00:00	""	Monitoramento	Rua Vertentes do Lerio, #^>	Dois Unidos	Alto do Rosario	R3	2022-04-11T00:00:00	""				0
960	Norte	2022	Abril	2022-04-11T00:00:00	""	Monitoramento	Rua Vertentes do Lerio, ~|}[	Dois Unidos	Alto do Rosario	R3	2022-04-11T00:00:00	""				0
961	Noroeste	2022	Abril	2022-04-11T00:00:00	""	Monitoramento	Rua Soldado Carlos Humberto, .<^&	Alto Jose Bonifacio 	Alto Jose Bonifacio	R2	2022-04-11T00:00:00	Mapeamento de Area de Risco				0
962	Norte	2022	Abril	2022-04-11T00:00:00	""	Monitoramento	Rua Vertentes do Lerio, %$<!	Dois Unidos	Alto do Rosario	R3	2022-04-11T00:00:00	""				0
963	Norte	2022	Abril	2022-04-11T00:00:00	""	Monitoramento	Rua Vertentes do Lerio, 9<-%	Dois Unidos	Alto do Rosario	R3	2022-04-11T00:00:00	""				0
964	Norte	2022	Abril	2022-04-11T00:00:00	""	Monitoramento	Rua Vertentes do Lerio, @}>	Dois Unidos	Alto do Rosario	R3	2022-04-11T00:00:00	""				0
965	Norte	2022	Abril	2022-04-11T00:00:00	""	Monitoramento	Rua Vertentes do Lerio, $!>=	Dois Unidos	Alto do Rosario	R3	2022-04-11T00:00:00	""				0
966	Norte	2022	Abril	2022-04-11T00:00:00	""	Monitoramento	Rua Vertentes do Lerio, >#'\	Dois Unidos	Alto do Rosario	R3	2022-04-11T00:00:00	""				0
967	Norte	2022	Abril	2022-04-11T00:00:00	""	Monitoramento	Rua Vertentes do Lerio, ?_$.	Dois Unidos	Alto do Rosario	R3	2022-04-11T00:00:00	""				0
968	Nordeste	2022	Abril	2022-04-11T00:00:00	""	Monitoramento	Travessa Alto do Reservatorio, #_|/	Nova Descoberta	Alto do Reservatorio	R1	2022-04-11T00:00:00	Atendimento Social				0
969	Oeste	2022	Abril	2022-04-09T00:00:00	""	""	Travessa Eng. Titara, ~|}[	Cohab	Ur 03	""	2022-04-09T00:00:00	Acoes de Porta-Porta				0
970	Norte	2022	Abril	2022-04-11T00:00:00	""	Monitoramento	Rua Vertentes do Lerio, #$[	Dois Unidos	Alto do Rosario	R3	2022-04-11T00:00:00	""				0
971	Norte	2022	Abril	2022-04-11T00:00:00	""	Monitoramento	Rua Vertentes do Lerio, .[?	Dois Unidos	Alto do Rosario	R3	2022-04-11T00:00:00	""				0
972	Norte	2022	Abril	2022-04-11T00:00:00	""	Monitoramento	Rua Vertentes do Lerio, #_|/	Dois Unidos	Alto do Rosario	R3	2022-04-11T00:00:00	""				0
973	Norte	2022	Abril	2022-04-11T00:00:00	""	Monitoramento	"Rua Vertentes do Lerio, ""#*9"	Dois Unidos	Alto do Rosario	R3	2022-04-11T00:00:00	""				0
974	Norte	2022	Abril	2022-04-11T00:00:00	""	Monitoramento	"Rua Vertentes do Lerio, +?""]"	Dois Unidos	Alto do Rosario	R3	2022-04-11T00:00:00	""				0
975	Norte	2022	Abril	2022-04-11T00:00:00	""	Monitoramento	"Rua Vertentes do Lerio, #""#~"	Dois Unidos	Alto do Rosario	R3	2022-04-11T00:00:00	""				0
976	Norte	2022	Abril	2022-04-11T00:00:00	""	Monitoramento	Rua Vertentes do Lerio, /@9=	Dois Unidos	Alto do Rosario	R3	2022-04-11T00:00:00	""				0
977	Norte	2022	Abril	2022-04-11T00:00:00	""	Monitoramento	Rua Vertentes do Lerio, `=-[	Dois Unidos	Alto do Rosario	R3	2022-04-11T00:00:00	""				0
978	Sul	2022	Abril	2022-04-09T00:00:00	""	""	Rua Guriu, >#'\	Cohab	Tres Carneiros Baixo	""	2022-04-09T00:00:00	Acoes de Porta-Porta				0
979	Nordeste	2022	Abril	2022-04-11T00:00:00	""	Monitoramento	Rua Alto do Reservatorio, .[?	Nova Descoberta	Alto do Reservatorio	R2	2022-04-11T00:00:00	Atendimento Social				0
980	Nordeste	2022	Abril	2022-04-11T00:00:00	""	Monitoramento	Rua Antonio Dias Adorno, `=-[	Guabiraba	Corrego do Jenipapo	R2	2022-04-11T00:00:00	Atendimento Social				0
981	Norte	2022	Abril	2022-04-09T00:00:00	""	Colocação de Lonas Plásticas	Rua Vertentes do Lerio, 9<-%	Dois Unidos	Alto do Rosario	""	2022-04-09T00:00:00	""	3	20	8	480
982	Norte	2022	Abril	2022-04-09T00:00:00	""	Colocação de Lonas Plásticas	Rua Vertentes do Lerio, %$<!	Dois Unidos	Alto do Rosario	""	2022-04-09T00:00:00	""	1	10	8	80
983	Norte	2022	Abril	2022-04-09T00:00:00	""	Colocação de Lonas Plásticas	Rua Vertentes do Lerio, .<^&	Dois Unidos	Alto do Rosario	""	2022-04-09T00:00:00	""	4	15	8	480
984	Norte	2022	Abril	2022-04-09T00:00:00	""	Colocação de Lonas Plásticas	Rua Vertentes do Lerio, ^[{	Dois Unidos	Alto do Rosario	""	2022-04-09T00:00:00	""	2	15	8	240
985	Norte	2022	Abril	2022-04-09T00:00:00	""	Colocação de Lonas Plásticas	Rua Vertentes do Lerio, {})!	Dois Unidos	Alto do Rosario	""	2022-04-09T00:00:00	""	1	15	8	120
986	Norte	2022	Abril	2022-04-09T00:00:00	""	Colocação de Lonas Plásticas	Rua Vertentes do Lerio, #^>	Dois Unidos	Alto do Rosario	""	2022-04-09T00:00:00	""	3	20	8	480
987	Norte	2022	Abril	2022-04-09T00:00:00	""	Colocação de Lonas Plásticas	Rua Vertentes do Lerio, ~|}[	Dois Unidos	Alto do Rosario	""	2022-04-09T00:00:00	""	1	20	8	160
988	Norte	2022	Abril	2022-04-09T00:00:00	""	Colocação de Lonas Plásticas	Rua Vertentes do Lerio, /@9=	Dois Unidos	Alto do Rosario	""	2022-04-09T00:00:00	""	2	15	8	240
989	Norte	2022	Abril	2022-04-09T00:00:00	""	Colocação de Lonas Plásticas	"Rua Vertentes do Lerio, #""#~"	Dois Unidos	Alto do Rosario	""	2022-04-09T00:00:00	""	4	15	8	480
990	Noroeste	2022	Abril	2022-04-09T00:00:00	""	Colocação de Lonas Plásticas	"Rua Palmeiras, +?""]"	Nova Descoberta	Nova Descoberta	""	2022-04-09T00:00:00	""	2	15	8	240
991	Noroeste	2022	Abril	2022-04-09T00:00:00	""	Colocação de Lonas Plásticas	"Rua Felisburgo, ""#*9"	Nova Descoberta	Nova Descoberta	""	2022-04-09T00:00:00	""	3	15	8	360
992	Noroeste	2022	Abril	2022-04-09T00:00:00	""	Colocação de Lonas Plásticas	10ª Travessa Cristal, #_|/	Nova Descoberta	Nova Descoberta	""	2022-04-09T00:00:00	""	5	15	8	600
993	Noroeste	2022	Abril	2022-04-09T00:00:00	""	Colocação de Lonas Plásticas	Travessa Maripa, .[?	Vasco da Gama 	Alto 13 de Maio	""	2022-04-09T00:00:00	""	2	15	8	240
994	Noroeste	2022	Abril	2022-04-09T00:00:00	""	Colocação de Lonas Plásticas	Rua Antonio Pinto Lapa, #$[	Vasco da Gama 	Vasco da Gama	""	2022-04-09T00:00:00	""	1	15	8	120
995	Noroeste	2022	Abril	2022-04-09T00:00:00	""	Colocação de Lonas Plásticas	Travessa Maripa, `=-[	Vasco da Gama 	Alto 13 de Maio	""	2022-04-09T00:00:00	""	4	15	8	480
996	Norte	2022	Abril	2022-04-09T00:00:00	""	Colocação de Lonas Plásticas	Rua Vertentes do Lerio Proximo Ao, @}>	Dois Unidos	Alto do Rosario	""	2022-04-09T00:00:00	""	2	15	8	240
997	Noroeste	2022	Abril	2022-04-09T00:00:00	""	Colocação de Lonas Plásticas	Rua Alto Santa Helena, ?_$.	Nova Descoberta	Alto Antonio Felix	""	2022-04-09T00:00:00	""	2	15	8	240
998	Norte	2022	Abril	2022-04-09T00:00:00	""	Colocação de Lonas Plásticas	Rua Vertentes do Lerio Proximo Ao, $!>=	Dois Unidos	Alto do Rosario	""	2022-04-09T00:00:00	""	2	20	8	320
999	Oeste	2022	Abril	2022-04-09T00:00:00	""	Colocação de Lonas Plásticas	Rua Alto do Piquiri, ?_$.	Cohab	Jardim Monte Verde	""	2022-04-09T00:00:00	""	2	20	8	320
1000	Norte	2022	Abril	2022-04-11T00:00:00	""	""	Rua Vertentes do Lerio, .<^&	Dois Unidos	Alto do Rosario	""	2022-04-11T00:00:00	Acoes de Porta-Porta				0
1001	Norte	2022	Abril	2022-04-11T00:00:00	""	""	Rua Vertentes do Lerio, %$<!	Dois Unidos	Alto do Rosario	""	2022-04-11T00:00:00	Acoes de Porta-Porta				0
1002	Norte	2022	Abril	2022-04-11T00:00:00	""	""	Rua Vertentes do Lerio, 9<-%	Dois Unidos	Alto do Rosario	""	2022-04-11T00:00:00	Acoes de Porta-Porta				0
1003	Norte	2022	Abril	2022-04-11T00:00:00	""	""	Rua Vertentes do Lerio, @}>	Dois Unidos	Alto do Rosario	""	2022-04-11T00:00:00	Acoes de Porta-Porta				0
1004	Norte	2022	Abril	2022-04-11T00:00:00	""	""	Rua Vertentes do Lerio, $!>=	Dois Unidos	Alto do Rosario	""	2022-04-11T00:00:00	Acoes de Porta-Porta				0
1005	Oeste	2022	Abril	2022-04-09T00:00:00	""	Colocação de Lonas Plásticas	Rua Sao Sebastiao, {})!	Barro	Vila dos Milagres	""	2022-04-09T00:00:00	""	2	20	8	320
1006	Oeste	2022	Abril	2022-04-09T00:00:00	""	Colocação de Lonas Plásticas	Rua Monte Pascoal, ~|}[	Cohab	Jardim Monte Verde	""	2022-04-09T00:00:00	""	1	20	8	160
1007	Oeste	2022	Abril	2022-04-09T00:00:00	""	Colocação de Lonas Plásticas	Rua Monte Pascoal, /@9=	Cohab	Jardim Monte Verde	""	2022-04-09T00:00:00	""	3	20	8	480
1008	Oeste	2022	Abril	2022-04-09T00:00:00	""	Colocação de Lonas Plásticas	"Rua Vitoria, #""#~"	Cohab	Jardim Monte Verde	""	2022-04-09T00:00:00	Rocagem	3	20	8	480
1009	Oeste	2022	Abril	2022-04-09T00:00:00	""	Colocação de Lonas Plásticas	"Rua Vitoria, +?""]"	Cohab	Jardim Monte Verde	""	2022-04-09T00:00:00	""	3	20	8	480
1010	Oeste	2022	Abril	2022-04-09T00:00:00	""	Colocação de Lonas Plásticas	"Rua Santa Helena, ""#*9"	Cohab	Jardim Monte Verde	""	2022-04-09T00:00:00	""	1	20	8	160
1011	Oeste	2022	Abril	2022-04-09T00:00:00	""	Colocação de Lonas Plásticas	Rua Santa Helena, #_|/	Cohab	Jardim Monte Verde	""	2022-04-09T00:00:00	""	1	20	8	160
1012	Oeste	2022	Abril	2022-04-09T00:00:00	""	Colocação de Lonas Plásticas	Rua Santa Helena, .[?	Cohab	Jardim Monte Verde	""	2022-04-09T00:00:00	Rocagem	2	20	8	320
1013	Oeste	2022	Abril	2022-04-09T00:00:00	""	Colocação de Lonas Plásticas	Rua Alto do Piquiri, #$[	Cohab	Jardim Monte Verde	""	2022-04-09T00:00:00	""	3	20	8	480
1014	Oeste	2022	Abril	2022-04-09T00:00:00	""	Colocação de Lonas Plásticas	Rua Alto do Piquiri, `=-[	Cohab	Jardim Monte Verde	""	2022-04-09T00:00:00	""	4	20	8	640
1015	Oeste	2022	Abril	2022-04-09T00:00:00	""	Colocação de Lonas Plásticas	Rua Alto do Piquiri, >#'\	Cohab	Jardim Monte Verde	""	2022-04-09T00:00:00	""	1	20	8	160
1016	Norte	2022	Abril	2022-04-11T00:00:00	""	""	Rua Vertentes do Lerio, ^[{	Dois Unidos	Alto do Rosario	""	2022-04-11T00:00:00	Acoes de Porta-Porta				0
1017	Noroeste	2022	Abril	2022-04-09T00:00:00	""	Colocação de Lonas Plásticas	Rua Nom Fim, >#'\	Nova Descoberta	Alto Antonio Felix	""	2022-04-09T00:00:00	""	1	15	8	120
1018	Noroeste	2022	Abril	2022-04-09T00:00:00	""	Colocação de Lonas Plásticas	Rua Enedina, @}>	Nova Descoberta	Alto Antonio Felix	""	2022-04-09T00:00:00	""	1	20	8	160
1019	Sul	2022	Abril	2022-04-09T00:00:00	""	Monitoramento	Rua Ibicoara, 9<-%	Cohab	Tres Carneiros Baixo	R2	2022-04-09T00:00:00	Analise Visual Estrutural				0
1020	Sul	2022	Abril	2022-04-09T00:00:00	""	""	Rua Ibicoara, %$<!	Cohab	Tres Carneiros Baixo	""	2022-04-09T00:00:00	Acoes de Porta-Porta				0
1021	Sul	2022	Abril	2022-04-09T00:00:00	""	Monitoramento	Rua Ibicoara, .<^&	Cohab	Tres Carneiros Baixo	R2	2022-04-09T00:00:00	Analise Visual Estrutural				0
1022	Sul	2022	Abril	2022-04-09T00:00:00	""	""	Rua Ibicoara, ^[{	Cohab	Tres Carneiros Baixo	""	2022-04-09T00:00:00	Acoes de Porta-Porta				0
1023	Sul	2022	Abril	2022-04-09T00:00:00	""	Monitoramento	Rua Ibicoara, {})!	Cohab	Tres Carneiros Baixo	R2	2022-04-09T00:00:00	Analise Visual Estrutural				0
1024	Sul	2022	Abril	2022-04-09T00:00:00	""	""	Rua Ibicoara, #^>	Cohab	Tres Carneiros Baixo	""	2022-04-09T00:00:00	Acoes de Porta-Porta				0
1025	Sul	2022	Abril	2022-04-09T00:00:00	""	Monitoramento	Rua Ibicoara, ~|}[	Cohab	Tres Carneiros Baixo	R2	2022-04-09T00:00:00	Analise Visual Estrutural				0
1026	Sul	2022	Abril	2022-04-09T00:00:00	""	Monitoramento	Rua Ibicoara, /@9=	Cohab	Tres Carneiros Baixo	R2	2022-04-09T00:00:00	Analise Visual Estrutural				0
1027	Sul	2022	Abril	2022-04-09T00:00:00	""	Monitoramento	"Rua Ibicoara, #""#~"	Cohab	Tres Carneiros Baixo	R3	2022-04-09T00:00:00	Analise Visual Estrutural				0
1028	Sul	2022	Abril	2022-04-09T00:00:00	""	Monitoramento	"Rua Ibicoara, +?""]"	Cohab	Tres Carneiros Baixo	R2	2022-04-09T00:00:00	Analise Visual Estrutural				0
1029	Sul	2022	Abril	2022-04-09T00:00:00	""	""	"Rua Ibicoara, ""#*9"	Cohab	Tres Carneiros Baixo	""	2022-04-09T00:00:00	Acoes de Porta-Porta				0
1030	Sul	2022	Abril	2022-04-09T00:00:00	""	Monitoramento	Rua Ibicoara, #_|/	Cohab	Tres Carneiros Baixo	R3	2022-04-09T00:00:00	Analise Visual Estrutural				0
1031	Sul	2022	Abril	2022-04-09T00:00:00	""	Monitoramento	Rua Ibicoara, .[?	Cohab	Tres Carneiros Baixo	R3	2022-04-09T00:00:00	Analise Visual Estrutural				0
1032	Sul	2022	Abril	2022-04-09T00:00:00	""	Monitoramento	Rua Ibicoara, #$[	Cohab	Tres Carneiros Baixo	R3	2022-04-09T00:00:00	Analise Visual Estrutural				0
1033	Sul	2022	Abril	2022-04-09T00:00:00	""	""	Rua Guriu, `=-[	Cohab	Tres Carneiros Baixo	""	2022-04-09T00:00:00	Acoes de Porta-Porta				0
1034	Sul	2022	Abril	2022-04-09T00:00:00	""	""	Rua Ibicoara, @}>	Cohab	Tres Carneiros Baixo	""	2022-04-09T00:00:00	Acoes de Porta-Porta				0
1035	Noroeste	2022	Abril	2022-04-09T00:00:00	""	Colocação de Lonas Plásticas	Rua Nom Fim, $!>=	Nova Descoberta	Alto Antonio Felix	""	2022-04-09T00:00:00	""	1	15	8	120
1036	Sul	2022	Abril	2022-04-09T00:00:00	""	Monitoramento	Rua Guriu, $!>=	Cohab	Tres Carneiros Baixo	R3	2022-04-09T00:00:00	Analise Visual Estrutural				0
1037	Nordeste	2022	Abril	2022-04-09T00:00:00	""	Colocação de Lonas Plásticas	2ª Travessa So Nos Dois, ?_$.	Passarinho	Alto So Nos Dois	""	2022-04-09T00:00:00	""	4	15	8	480
1038	Noroeste	2022	Abril	2022-04-09T00:00:00	""	Colocação de Lonas Plásticas	Rua Enedina, 9<-%	Nova Descoberta	Alto Antonio Felix	""	2022-04-09T00:00:00	""	3	15	8	360
1039	Noroeste	2022	Abril	2022-04-09T00:00:00	""	Colocação de Lonas Plásticas	Rua Enedina, %$<!	Nova Descoberta	Alto Antonio Felix	""	2022-04-09T00:00:00	""	1	35	8	280
1040	Noroeste	2022	Abril	2022-04-09T00:00:00	""	Colocação de Lonas Plásticas	Ruaarypeter, .<^&	Vasco da Gama 	Vasco da Gama	""	2022-04-09T00:00:00	""	1	70	8	560
1041	Nordeste	2022	Abril	2022-04-09T00:00:00	""	Colocação de Lonas Plásticas	2ª Travessa Dom Feliciano, ^[{	Nova Descoberta	Alto do Reservatorio	""	2022-04-09T00:00:00	""	1	20	8	160
1042	Nordeste	2022	Abril	2022-04-09T00:00:00	""	Colocação de Lonas Plásticas	Rua Rosal, {})!	Nova Descoberta	Alto do Reservatorio	""	2022-04-09T00:00:00	""	1	1	680	680
1043	Nordeste	2022	Abril	2022-04-09T00:00:00	""	Colocação de Lonas Plásticas	Rua Rosal, #^>	Nova Descoberta	Alto do Reservatorio	""	2022-04-09T00:00:00	""	5	15	8	600
1044	Nordeste	2022	Abril	2022-04-09T00:00:00	""	Colocação de Lonas Plásticas	Rua Herval Seco, ~|}[	Nova Descoberta	Alto do Reservatorio	""	2022-04-09T00:00:00	""	5	15	8	600
1045	Nordeste	2022	Abril	2022-04-09T00:00:00	""	Colocação de Lonas Plásticas	Rua Dom Feliciano, /@9=	Nova Descoberta	Alto do Reservatorio	""	2022-04-09T00:00:00	""	3	15	8	360
1046	Nordeste	2022	Abril	2022-04-09T00:00:00	""	Colocação de Lonas Plásticas	"Rua Joao Llimoeiro, #""#~"	Dois Irmaos	Corrego da Fortuna	""	2022-04-09T00:00:00	""	2	15	8	240
1047	Nordeste	2022	Abril	2022-04-09T00:00:00	""	Colocação de Lonas Plásticas	"1ª Travessa Alto da Mata, +?""]"	Dois Irmaos	Corrego da Fortuna	""	2022-04-09T00:00:00	""	1	20	8	160
1048	Nordeste	2022	Abril	2022-04-09T00:00:00	""	Colocação de Lonas Plásticas	"Rua Joao Limoeiro, ""#*9"	Dois Irmaos	Corrego da Fortuna	""	2022-04-09T00:00:00	""	3	15	8	360
1049	Nordeste	2022	Abril	2022-04-09T00:00:00	""	Colocação de Lonas Plásticas	1ª Travessa Plinio Coelho, #_|/	Nova Descoberta	Alto do Refugio	""	2022-04-09T00:00:00	""	2	15	8	240
1050	Nordeste	2022	Abril	2022-04-09T00:00:00	""	Colocação de Lonas Plásticas	Rua Olimpio, .[?	Nova Descoberta	Corrego da Areia	""	2022-04-09T00:00:00	""	2	15	8	240
1051	Nordeste	2022	Abril	2022-04-09T00:00:00	""	Colocação de Lonas Plásticas	1ª Travessa Plinio Coelho, #$[	Nova Descoberta	Alto do Refugio	""	2022-04-09T00:00:00	""	5	15	8	600
1052	Nordeste	2022	Abril	2022-04-09T00:00:00	""	Colocação de Lonas Plásticas	1ª Subida Corrego do Carroceiro, `=-[	Passarinho	Corrego Manoel Carroceiro	""	2022-04-09T00:00:00	""	3	15	8	360
1053	Sul	2022	Abril	2022-04-09T00:00:00	""	""	Rua Guriu, >#'\	Cohab	Tres Carneiros Baixo	R3	2022-04-09T00:00:00	Acoes de Porta-Porta				0
1054	Norte	2022	Abril	2022-04-11T00:00:00	""	""	Rua Vertentes do Lerio, {})!	Dois Unidos	Alto do Rosario	""	2022-04-11T00:00:00	Acoes de Porta-Porta				0
1055	Norte	2022	Abril	2022-04-11T00:00:00	""	""	Rua Vertentes do Lerio, #^>	Dois Unidos	Alto do Rosario	""	2022-04-11T00:00:00	Acoes de Porta-Porta				0
1056	Norte	2022	Abril	2022-04-11T00:00:00	""	""	Rua Vertentes do Lerio, ~|}[	Dois Unidos	Alto do Rosario	""	2022-04-11T00:00:00	Acoes de Porta-Porta				0
1057	Nordeste	2022	Abril	2022-04-11T00:00:00	""	Monitoramento	Alto do Reservatorio, ?_$.	Nova Descoberta	Alto do Reservatorio	R3	2022-04-11T00:00:00	Atendimento Social				0
1058	Nordeste	2022	Abril	2022-04-11T00:00:00	""	Monitoramento	Alto do Reservatorio, >#'\	Nova Descoberta	Alto do Reservatorio	R3	2022-04-11T00:00:00	Atendimento Social				0
1059	Nordeste	2022	Abril	2022-04-11T00:00:00	""	Monitoramento	2ª Travessa Alvares Florense, $!>=	Guabiraba	Corrego do Jenipapo	R2	2022-04-11T00:00:00	Atendimento Social				0
1060	Nordeste	2022	Abril	2022-04-11T00:00:00	""	Monitoramento	2ª Travessa Alvares Florense, @}>	Guabiraba	Corrego do Jenipapo	R2	2022-04-11T00:00:00	Atendimento Social				0
1061	Nordeste	2022	Abril	2022-04-11T00:00:00	""	Monitoramento	Rua Erundina Negreiro de Araujo, 9<-%	Guabiraba	Corrego do Jenipapo	R2	2022-04-11T00:00:00	Atendimento Social				0
1062	Nordeste	2022	Abril	2022-04-11T00:00:00	""	Monitoramento	Rua Erundina Negreiro de Araujo, %$<!	Guabiraba	Corrego do Jenipapo	R2	2022-04-11T00:00:00	Atendimento Social				0
1063	Nordeste	2022	Abril	2022-04-11T00:00:00	""	Monitoramento	Rua Erundina Negreiro de Araujo, .<^&	Guabiraba	Corrego do Jenipapo	R2	2022-04-11T00:00:00	Atendimento Social				0
1064	Nordeste	2022	Abril	2022-04-11T00:00:00	""	Vistoria	Rua Erundina Negreiro de Araujo, ^[{	Guabiraba	Corrego do Jenipapo	R2	2022-04-11T00:00:00	Atendimento Social				0
1065	Nordeste	2022	Abril	2022-04-11T00:00:00	""	Vistoria	Rua Erundina Negreiro de Araujo, {})!	Guabiraba	Corrego do Jenipapo	R2	2022-04-11T00:00:00	Atendimento Social				0
1066	Nordeste	2022	Abril	2022-04-11T00:00:00	""	Vistoria	Rua Erundina Negreiro de Araujo, #^>	Guabiraba	Corrego do Jenipapo	R2	2022-04-11T00:00:00	Atendimento Social				0
1067	Nordeste	2022	Abril	2022-04-11T00:00:00	""	Monitoramento	Travessa Sao Sebastiao, ~|}[	Guabiraba	Corrego do Jenipapo	R2	2022-04-11T00:00:00	Atendimento Social				0
1068	Nordeste	2022	Abril	2022-04-11T00:00:00	""	Monitoramento	Travessa Sao Sebastiao, /@9=	Guabiraba	Corrego do Jenipapo	R2	2022-04-11T00:00:00	Atendimento Social				0
1069	Nordeste	2022	Abril	2022-04-11T00:00:00	""	Monitoramento	"Travessa Sao Sebastiao, #""#~"	Guabiraba	Corrego do Jenipapo	R2	2022-04-11T00:00:00	Atendimento Social				0
1070	Nordeste	2022	Abril	2022-04-11T00:00:00	""	Monitoramento	"Travessa Sao Sebastiao, +?""]"	Guabiraba	Corrego do Jenipapo	R2	2022-04-11T00:00:00	Atendimento Social				0
1071	Nordeste	2022	Abril	2022-04-11T00:00:00	""	Vistoria	"Travessa Sao Sebastiao, ""#*9"	Guabiraba	Corrego do Jenipapo	R3	2022-04-11T00:00:00	Atendimento Social				0
1072	Nordeste	2022	Abril	2022-04-11T00:00:00	""	Monitoramento	Alto do Reservatorio, `=-[	Nova Descoberta	Alto do Reservatorio	R3	2022-04-11T00:00:00	Atendimento Social				0
1073	Nordeste	2022	Abril	2022-04-11T00:00:00	""	Monitoramento	Rua Cunha Pora, #_|/	Nova Descoberta	Corrego do Joaquim	R3	2022-04-11T00:00:00	Atendimento Social				0
1074	Nordeste	2022	Abril	2022-04-11T00:00:00	""	Monitoramento	Alto do Venancio, #$[	Nova Descoberta	Alto do Venancio	R3	2022-04-11T00:00:00	Atendimento Social				0
1075	Nordeste	2022	Abril	2022-04-11T00:00:00	""	Monitoramento	Rua Subida do Joaquim, #_|/	Nova Descoberta	Alto do Reservatorio	R2	2022-04-11T00:00:00	Atendimento Social				0
1076	Nordeste	2022	Abril	2022-04-11T00:00:00	""	Monitoramento	Rua Antonio Dias Adorno, ?_$.	Guabiraba	Corrego do Jenipapo	R3	2022-04-11T00:00:00	Atendimento Social				0
1077	Nordeste	2022	Abril	2022-04-11T00:00:00	""	Monitoramento	Rua Antonio Dias Adorno, >#'\	Guabiraba	Corrego do Jenipapo	R3	2022-04-11T00:00:00	Atendimento Social				0
1078	Nordeste	2022	Abril	2022-04-11T00:00:00	""	Monitoramento	Rua Alto da Loura, $!>=	Guabiraba	Alto da Loura	R2	2022-04-11T00:00:00	Atendimento Social				0
1079	Nordeste	2022	Abril	2022-04-11T00:00:00	""	Monitoramento	Rua Alto da Loura, @}>	Guabiraba	Alto da Loura	R2	2022-04-11T00:00:00	Atendimento Social				0
1080	Nordeste	2022	Abril	2022-04-11T00:00:00	""	Monitoramento	Rua Alto da Loura, 9<-%	Guabiraba	Alto da Loura	R2	2022-04-11T00:00:00	Atendimento Social				0
1081	Nordeste	2022	Abril	2022-04-11T00:00:00	""	Monitoramento	Rua Rosal, %$<!	Nova Descoberta	Alto do Reservatorio	R2	2022-04-11T00:00:00	Atendimento Social				0
1082	Nordeste	2022	Abril	2022-04-11T00:00:00	""	Monitoramento	2ª Travessa Alvares Florense, .<^&	Guabiraba	Corrego do Jenipapo	R3	2022-04-11T00:00:00	Atendimento Social				0
1083	Nordeste	2022	Abril	2022-04-11T00:00:00	""	Monitoramento	2ª Travessa Alvares Florense, ^[{	Guabiraba	Corrego do Jenipapo	R3	2022-04-11T00:00:00	Atendimento Social				0
1084	Nordeste	2022	Abril	2022-04-11T00:00:00	""	Monitoramento	2ª Travessa Alvares Florense, {})!	Guabiraba	Corrego do Jenipapo	R3	2022-04-11T00:00:00	Atendimento Social				0
1085	Nordeste	2022	Abril	2022-04-11T00:00:00	""	Monitoramento	Rua Antonio Dias Adorno, #^>	Guabiraba	Corrego do Jenipapo	R3	2022-04-11T00:00:00	Atendimento Social				0
1086	Nordeste	2022	Abril	2022-04-11T00:00:00	""	Monitoramento	Rua Antonio Dias Adorno, ~|}[	Guabiraba	Corrego do Jenipapo	R3	2022-04-11T00:00:00	Atendimento Social				0
1087	Nordeste	2022	Abril	2022-04-11T00:00:00	""	Monitoramento	Rua Antonio Dias Adorno, /@9=	Guabiraba	Corrego do Jenipapo	R3	2022-04-11T00:00:00	Atendimento Social				0
1088	Nordeste	2022	Abril	2022-04-11T00:00:00	""	Monitoramento	"Rua Antonio Dias Adorno, #""#~"	Guabiraba	Corrego do Jenipapo	R3	2022-04-11T00:00:00	Atendimento Social				0
1089	Nordeste	2022	Abril	2022-04-11T00:00:00	""	Monitoramento	"Rua Corrego da Loura, +?""]"	Guabiraba	Corrego da Loura	R3	2022-04-11T00:00:00	Atendimento Social				0
1090	Nordeste	2022	Abril	2022-04-11T00:00:00	""	Monitoramento	"Rua Corrego da Loura, ""#*9"	Guabiraba	Corrego da Loura	R3	2022-04-11T00:00:00	Atendimento Social				0
1091	Nordeste	2022	Abril	2022-04-11T00:00:00	""	Monitoramento	Alto do Venancio, .[?	Nova Descoberta	Alto do Venancio	R3	2022-04-11T00:00:00	Atendimento Social				0
1092	Nordeste	2022	Abril	2022-04-11T00:00:00	""	Monitoramento	Rua Cunha Pora, .[?	Nova Descoberta	Corrego do Joaquim	R3	2022-04-11T00:00:00	Atendimento Social				0
1093	Nordeste	2022	Abril	2022-04-11T00:00:00	""	Monitoramento	Rua Cunha Pora, #$[	Nova Descoberta	Corrego do Joaquim	R3	2022-04-11T00:00:00	Atendimento Social				0
1094	Nordeste	2022	Abril	2022-04-11T00:00:00	""	Monitoramento	Rua Cunha Pora, `=-[	Nova Descoberta	Corrego do Joaquim	R3	2022-04-11T00:00:00	Atendimento Social				0
1095	Sul	2022	Abril	2022-04-09T00:00:00	""	Colocação de Lonas Plásticas	Rua Santa Leolpodina, >#'\	Ibura	Ibura de Baixo	""	2022-04-09T00:00:00	Mapeamento de Area de Risco	1	15	8	120
1096	Sul	2022	Abril	2022-04-09T00:00:00	""	Colocação de Lonas Plásticas	Rua Rio dos Cedros, $!>=	Ibura	Ibura de Baixo	""	2022-04-09T00:00:00	Mapeamento de Area de Risco	3	15	8	360
1097	Sul	2022	Abril	2022-04-09T00:00:00	""	Colocação de Lonas Plásticas	Rua Rio dos Cedros, @}>	Ibura	Ibura de Baixo	""	2022-04-09T00:00:00	Mapeamento de Area de Risco	3	15	8	360
1098	Sul	2022	Abril	2022-04-09T00:00:00	""	Colocação de Lonas Plásticas	Rua da Goiabeira, 9<-%	Cohab	Ur 12	""	2022-04-09T00:00:00	Mapeamento de Area de Risco	1	15	8	120
1099	Sul	2022	Abril	2022-04-09T00:00:00	""	Colocação de Lonas Plásticas	Rua da Goiabeira, %$<!	Cohab	Ur 12	""	2022-04-09T00:00:00	Mapeamento de Area de Risco	3	15	8	360
1100	Sul	2022	Abril	2022-04-09T00:00:00	""	Colocação de Lonas Plásticas	Rua da Goiabeira, .<^&	Cohab	Ur 12	""	2022-04-09T00:00:00	Mapeamento de Area de Risco	3	15	8	360
1101	Oeste	2022	Abril	2022-04-09T00:00:00	""	Colocação de Lonas Plásticas	Rua Sao Sebastiao, ^[{	Barro	Vila dos Milagres	""	2022-04-09T00:00:00	""	2	20	8	320
1102	Norte	2022	Abril	2022-04-11T00:00:00	""	""	Rua Vertentes do Lerio, `=-[	Dois Unidos	Alto do Rosario	""	2022-04-11T00:00:00	Acoes de Porta-Porta				0
1103	Norte	2022	Abril	2022-04-11T00:00:00	""	""	Rua Vertentes do Lerio, #$[	Dois Unidos	Alto do Rosario	""	2022-04-11T00:00:00	Acoes de Porta-Porta				0
1104	Norte	2022	Abril	2022-04-11T00:00:00	""	""	Rua Vertentes do Lerio, .[?	Dois Unidos	Alto do Rosario	""	2022-04-11T00:00:00	Acoes de Porta-Porta				0
1105	Norte	2022	Abril	2022-04-11T00:00:00	""	""	Rua Vertentes do Lerio, #_|/	Dois Unidos	Alto do Rosario	""	2022-04-11T00:00:00	Acoes de Porta-Porta				0
1106	Norte	2022	Abril	2022-04-11T00:00:00	""	""	"Rua Vertentes do Lerio, ""#*9"	Dois Unidos	Alto do Rosario	""	2022-04-11T00:00:00	Acoes de Porta-Porta				0
1107	Norte	2022	Abril	2022-04-11T00:00:00	""	""	"Rua Vertentes do Lerio, +?""]"	Dois Unidos	Alto do Rosario	""	2022-04-11T00:00:00	Acoes de Porta-Porta				0
1108	Norte	2022	Abril	2022-04-11T00:00:00	""	""	"Rua Vertentes do Lerio, #""#~"	Dois Unidos	Alto do Rosario	""	2022-04-11T00:00:00	Acoes de Porta-Porta				0
1109	Norte	2022	Abril	2022-04-11T00:00:00	""	""	Rua Vertentes do Lerio, /@9=	Dois Unidos	Alto do Rosario	""	2022-04-11T00:00:00	Acoes de Porta-Porta				0
1110	Sul	2022	Abril	2022-04-09T00:00:00	""	Colocação de Lonas Plásticas	Rua Joao Rio Branco de Lima, ?_$.	Cohab	Ur 12	""	2022-04-09T00:00:00	Mapeamento de Area de Risco	3	15	8	360
1111	Sul	2022	Abril	2022-04-09T00:00:00	""	Colocação de Lonas Plásticas	Rua da Goiabeira, `=-[	Cohab	Ur 12	""	2022-04-09T00:00:00	Mapeamento de Area de Risco	6	15	8	720
1112	Sul	2022	Abril	2022-04-09T00:00:00	""	Colocação de Lonas Plásticas	Rua da Salvacao, #$[	Cohab	Ur 12	""	2022-04-09T00:00:00	Mapeamento de Area de Risco	2	15	8	240
1113	Sul	2022	Abril	2022-04-09T00:00:00	""	Colocação de Lonas Plásticas	Rua Entremontes, .[?	Cohab	Ur 12	""	2022-04-09T00:00:00	Mapeamento de Area de Risco	2	15	8	240
1114	Nordeste	2022	Abril	2022-04-11T00:00:00	""	Monitoramento	Rua Cunha Pora, ?_$.	Nova Descoberta	Corrego do Joaquim	R3	2022-04-11T00:00:00	Atendimento Social				0
1115	Nordeste	2022	Abril	2022-04-11T00:00:00	""	Monitoramento	1ª Subida do Joaquim, >#'\	Nova Descoberta	Corrego do Joaquim	R3	2022-04-11T00:00:00	Atendimento Social				0
1116	Nordeste	2022	Abril	2022-04-11T00:00:00	""	Monitoramento	1ª Subida do Joaquim, $!>=	Nova Descoberta	Corrego do Joaquim	R3	2022-04-11T00:00:00	Atendimento Social				0
1117	Nordeste	2022	Abril	2022-04-11T00:00:00	""	Monitoramento	1ª Subida do Joaquim, @}>	Nova Descoberta	Corrego do Joaquim	R3	2022-04-11T00:00:00	Atendimento Social				0
1118	Nordeste	2022	Abril	2022-04-11T00:00:00	""	Monitoramento	1ª Subida do Joaquim, 9<-%	Nova Descoberta	Corrego do Joaquim	R3	2022-04-11T00:00:00	Atendimento Social				0
1119	Nordeste	2022	Abril	2022-04-11T00:00:00	""	Monitoramento	Subida da Assembleia, %$<!	Nova Descoberta	Alto da Brasileira	R3	2022-04-11T00:00:00	Atendimento Social				0
1120	Nordeste	2022	Abril	2022-04-11T00:00:00	""	Monitoramento	Subida da Assembleia, .<^&	Nova Descoberta	Alto da Brasileira	R3	2022-04-11T00:00:00	Atendimento Social				0
1121	Nordeste	2022	Abril	2022-04-11T00:00:00	""	Monitoramento	Rua Antonio Dias Adorno, #$[	Guabiraba	Corrego do Jenipapo	R2	2022-04-11T00:00:00	Atendimento Social				0
1122	Nordeste	2022	Abril	2022-04-11T00:00:00	""	Monitoramento	Subida da Assembleia, ^[{	Nova Descoberta	Alto da Brasileira	R3	2022-04-11T00:00:00	Atendimento Social				0
1123	Nordeste	2022	Abril	2022-04-11T00:00:00	""	""	Rua do Amor, #^>	Guabiraba	Vila Boa Vista	""	2022-04-11T00:00:00	Atendimento Social				0
1124	Nordeste	2022	Abril	2022-04-11T00:00:00	""	""	Rua do Amor, ~|}[	Guabiraba	Vila Boa Vista	""	2022-04-11T00:00:00	Atendimento Social				0
1125	Nordeste	2022	Abril	2022-04-11T00:00:00	""	""	Rua do Amor, /@9=	Guabiraba	Vila Boa Vista	""	2022-04-11T00:00:00	Atendimento Social				0
1126	Nordeste	2022	Abril	2022-04-11T00:00:00	""	""	"Rua do Amor, #""#~"	Guabiraba	Vila Boa Vista	""	2022-04-11T00:00:00	Atendimento Social				0
1127	Nordeste	2022	Abril	2022-04-11T00:00:00	""	""	"4ª Travessa do Tadeu, +?""]"	Nova Descoberta	Corrego do Joaquim	""	2022-04-11T00:00:00	Atendimento Social				0
1128	Nordeste	2022	Abril	2022-04-11T00:00:00	""	""	"4ª Travessa do Tadeu, ""#*9"	Nova Descoberta	Corrego do Joaquim	""	2022-04-11T00:00:00	Atendimento Social				0
1129	Sul	2022	Abril	2022-04-09T00:00:00	""	Colocação de Lonas Plásticas	Rua Escritora Duce Chacon, #_|/	Cohab	Ur 12	""	2022-04-09T00:00:00	Mapeamento de Area de Risco	2	15	8	240
1130	Nordeste	2022	Abril	2022-04-11T00:00:00	""	""	Rua do Amor, {})!	Guabiraba	Vila Boa Vista	""	2022-04-11T00:00:00	Atendimento Social				0
1131	Oeste	2022	Abril	2022-04-09T00:00:00	""	""	Travessa Eng. Titara, /@9=	Cohab	Ur 03	""	2022-04-09T00:00:00	Acoes de Porta-Porta				0
1132	Norte	2022	Abril	2022-04-09T00:00:00	""	""	"Rua Vertentes do Lerio, +?""]"	Dois Unidos	Alto do Rosario	""	2022-04-09T00:00:00	Acoes de Porta-Porta				0
1133	Oeste	2022	Abril	2022-04-09T00:00:00	""	""	"Travessa Eng. Titara, +?""]"	Cohab	Ur 03	""	2022-04-09T00:00:00	Acoes de Porta-Porta				0
1134	Oeste	2022	Abril	2022-04-08T00:00:00	""	""	Rua Sao Sebastiao, {})!	Barro	Vila dos Milagres	""	2022-04-08T00:00:00	Acoes de Porta-Porta				0
1135	Oeste	2022	Abril	2022-04-08T00:00:00	""	""	Rua Sao Sebastiao, #^>	Barro	Vila dos Milagres	""	2022-04-08T00:00:00	Acoes de Porta-Porta				0
1136	Oeste	2022	Abril	2022-04-08T00:00:00	""	""	Rua Sao Sebastiao, ~|}[	Barro	Vila dos Milagres	""	2022-04-08T00:00:00	Acoes de Porta-Porta				0
1137	Oeste	2022	Abril	2022-04-08T00:00:00	""	""	Rua Sao Sebastiao, /@9=	Barro	Vila dos Milagres	""	2022-04-08T00:00:00	Acoes de Porta-Porta				0
1138	Oeste	2022	Abril	2022-04-08T00:00:00	""	""	"Rua Sao Sebastiao, #""#~"	Barro	Vila dos Milagres	""	2022-04-08T00:00:00	Acoes de Porta-Porta				0
1139	Oeste	2022	Abril	2022-04-08T00:00:00	""	""	"Rua Sao Sebastiao, +?""]"	Barro	Vila dos Milagres	""	2022-04-08T00:00:00	Acoes de Porta-Porta				0
1140	Oeste	2022	Abril	2022-04-08T00:00:00	""	""	"Rua Sao Sebastiao, ""#*9"	Barro	Vila dos Milagres	""	2022-04-08T00:00:00	Acoes de Porta-Porta				0
1141	Oeste	2022	Abril	2022-04-08T00:00:00	""	""	3ª Travessa Jaguaruna, #_|/	Cohab	Ur 01	""	2022-04-08T00:00:00	Acoes de Porta-Porta				0
1142	Oeste	2022	Abril	2022-04-08T00:00:00	""	""	3ª Travessa Jaguaruna, .[?	Cohab	Ur 01	""	2022-04-08T00:00:00	Acoes de Porta-Porta				0
1143	Oeste	2022	Abril	2022-04-08T00:00:00	""	""	3ª Travessa Jaguaruna, #$[	Cohab	Ur 01	""	2022-04-08T00:00:00	Acoes de Porta-Porta				0
1144	Oeste	2022	Abril	2022-04-08T00:00:00	""	""	Rua Sao Sebastiao, ^[{	Barro	Vila dos Milagres	""	2022-04-08T00:00:00	Acoes de Porta-Porta				0
1145	Oeste	2022	Abril	2022-04-08T00:00:00	""	""	3ª Travessa Jaguaruna, `=-[	Cohab	Ur 01	""	2022-04-08T00:00:00	Acoes de Porta-Porta				0
1146	Oeste	2022	Abril	2022-04-08T00:00:00	""	""	3ª Travessa Jaguaruna, >#'\	Cohab	Ur 01	""	2022-04-08T00:00:00	Acoes de Porta-Porta				0
1147	Oeste	2022	Abril	2022-04-08T00:00:00	""	""	2ª Travessa Jaguaruna, $!>=	Cohab	Ur 01	""	2022-04-08T00:00:00	Acoes de Porta-Porta				0
1148	Oeste	2022	Abril	2022-04-08T00:00:00	""	""	2ª Travessa Jaguaruna, @}>	Cohab	Ur 01	""	2022-04-08T00:00:00	Acoes de Porta-Porta				0
1149	Oeste	2022	Abril	2022-04-08T00:00:00	""	""	1ª Travessa Jaguaruna, 9<-%	Cohab	Ur 01	""	2022-04-08T00:00:00	Acoes de Porta-Porta				0
1150	Oeste	2022	Abril	2022-04-08T00:00:00	""	""	1ª Travessa Jaguaruna, %$<!	Cohab	Ur 01	""	2022-04-08T00:00:00	Acoes de Porta-Porta				0
1151	Oeste	2022	Abril	2022-04-08T00:00:00	""	""	1ª Travessa Jaguaruna, .<^&	Cohab	Ur 01	""	2022-04-08T00:00:00	Acoes de Porta-Porta				0
1152	Oeste	2022	Abril	2022-04-08T00:00:00	""	""	1ª Travessa Jaguaruna, ^[{	Cohab	Ur 01	""	2022-04-08T00:00:00	Acoes de Porta-Porta				0
1153	Oeste	2022	Abril	2022-04-08T00:00:00	""	""	1ª Travessa Jaguaruna, {})!	Cohab	Ur 01	""	2022-04-08T00:00:00	Acoes de Porta-Porta				0
1154	Oeste	2022	Abril	2022-04-08T00:00:00	""	Monitoramento	Rua Sao Sebastiao, #^>	Barro	Vila dos Milagres	R2	2022-04-08T00:00:00	Mapeamento de Area de Risco				0
1155	Oeste	2022	Abril	2022-04-08T00:00:00	""	Monitoramento	Rua Sao Sebastiao, ~|}[	Barro	Vila dos Milagres	R2	2022-04-08T00:00:00	Mapeamento de Area de Risco				0
1156	Oeste	2022	Abril	2022-04-08T00:00:00	""	""	3ª Travessa Jaguaruna, ?_$.	Cohab	Ur 01	""	2022-04-08T00:00:00	Acoes de Porta-Porta				0
1157	Oeste	2022	Abril	2022-04-08T00:00:00	""	""	Rua Sao Sebastiao, .<^&	Barro	Vila dos Milagres	""	2022-04-08T00:00:00	Acoes de Porta-Porta				0
1158	Oeste	2022	Abril	2022-04-08T00:00:00	""	""	Rua Sao Sebastiao, %$<!	Barro	Vila dos Milagres	""	2022-04-08T00:00:00	Acoes de Porta-Porta				0
1159	Oeste	2022	Abril	2022-04-08T00:00:00	""	""	Rua Sao Sebastiao, 9<-%	Barro	Vila dos Milagres	""	2022-04-08T00:00:00	Acoes de Porta-Porta				0
1160	Sul	2022	Abril	2022-04-08T00:00:00	""	Vistoria	3ª Travessa Camocim, ?_$.	Jordao	Jordao Baixo	R3	2022-04-08T00:00:00	Analise Visual Estrutural				0
1161	Sul	2022	Abril	2022-04-08T00:00:00	""	""	Rua Ministro Dilson Funaro, >#'\	Jordao	Jordao Baixo	""	2022-04-08T00:00:00	Atendimento Social				0
1162	Sul	2022	Abril	2022-04-08T00:00:00	""	Vistoria	Rua Ministro Dilson Funaaro, $!>=	Jordao	Jordao Baixo	R3	2022-04-08T00:00:00	Analise Visual Estrutural				0
1163	Sul	2022	Abril	2022-04-08T00:00:00	""	""	2ª Travessa Flores do Oriente, @}>	Jordao	Alto da Jaqueira	""	2022-04-08T00:00:00	Atendimento Social				0
1164	Sul	2022	Abril	2022-04-08T00:00:00	""	Vistoria	2ª Travessa Flores do Oriente, 9<-%	Jordao	Alto da Jaqueira	R3	2022-04-08T00:00:00	Analise Visual Estrutural				0
1165	Sul	2022	Abril	2022-04-08T00:00:00	""	""	2ª Travessa Doutor Moacir Sales, %$<!	Cohab	Lagoa Encantada	""	2022-04-08T00:00:00	Remocao de Entulhos	1			0
1166	Sul	2022	Abril	2022-04-08T00:00:00	""	""	2ª Travessa Doutor Moacir Sales, .<^&	Cohab	Lagoa Encantada	""	2022-04-08T00:00:00	Corte de Arvores	1			0
1167	Sul	2022	Abril	2022-04-08T00:00:00	""	""	3ª Travessa Camocim, ^[{	Jordao	Jordao Alto	""	2022-04-08T00:00:00	Capinacao				0
1168	Sul	2022	Abril	2022-04-08T00:00:00	""	""	Rua Petrolandia, {})!	Jordao	Jordao Alto	""	2022-04-08T00:00:00	Capinacao				0
1169	Sul	2022	Abril	2022-04-08T00:00:00	""	""	Rua Conego Marinho, #^>	Ibura	Ibura de Baixo	""	2022-04-08T00:00:00	Capinacao				0
1170	Planície	2022	Abril	2022-04-08T00:00:00	""	""	Rua da Concordia, ~|}[	Sao Jose	Sem Localidade	""	2022-04-08T00:00:00	Encaminhamentos aos Parceiros				0
1171	Planície	2022	Abril	2022-04-08T00:00:00	""	""	Rua da Concorduia, /@9=	Sao Jose	Sem Localidade	""	2022-04-08T00:00:00	Encaminhamentos aos Parceiros				0
1172	Planície	2022	Abril	2022-04-08T00:00:00	""	""	"Rua da Barra, #""#~"	Cacote	Sem Localidade	""	2022-04-08T00:00:00	atendimento Social				0
1173	Planície	2022	Abril	2022-04-08T00:00:00	""	""	"Rua da Barra, +?""]"	Cacote	Sem Localidade	""	2022-04-08T00:00:00	Acoes de Porta-Porta				0
1174	Planície	2022	Abril	2022-04-08T00:00:00	Imóveis com Danos / Risco	Vistoria em Imóveis	"Rua da Barra, ""#*9"	Cacote	Sem Localidade	""	2022-04-08T00:00:00	Analise Visual Estrutural				0
1175	Planície	2022	Abril	2022-04-08T00:00:00	""	""	Rua Eliza Gomes Ferreira, #_|/	Imbiribeira	Sem Localidade	""	2022-04-08T00:00:00	atendimento Social				0
1176	Planície	2022	Abril	2022-04-08T00:00:00	""	""	Rua Eliza Gomes Ferreira, .[?	Imbiribeira	Sem Localidade	""	2022-04-08T00:00:00	Acoes de Porta-Porta				0
1177	Planície	2022	Abril	2022-04-08T00:00:00	""	""	Rua Cel Urbano Vieira de Sena, #$[	Fundao	Sem Localidade	""	2022-04-08T00:00:00	atendimento Social				0
1178	Planície	2022	Abril	2022-04-08T00:00:00	Imóveis com Danos / Risco	Vistoria em Imóveis	Rua Eliza Gomes Ferreira, `=-[	Imbiribeira	Sem Localidade	""	2022-04-08T00:00:00	Analise Visual Estrutural				0
1179	Oeste	2022	Abril	2022-04-08T00:00:00	""	""	Rua Sao Sebastiao, ?_$.	Barro	Vila dos Milagres	""	2022-04-08T00:00:00	Acoes de Porta-Porta				0
1180	Oeste	2022	Abril	2022-04-08T00:00:00	""	""	Rua Sao Sebastiao, >#'\	Barro	Vila dos Milagres	""	2022-04-08T00:00:00	Acoes de Porta-Porta				0
1181	Oeste	2022	Abril	2022-04-08T00:00:00	""	""	Rua Sao Sebastiao, $!>=	Barro	Vila dos Milagres	""	2022-04-08T00:00:00	Acoes de Porta-Porta				0
1182	Oeste	2022	Abril	2022-04-08T00:00:00	""	""	Rua Sao Sebastiao, @}>	Barro	Vila dos Milagres	""	2022-04-08T00:00:00	Acoes de Porta-Porta				0
1183	Oeste	2022	Abril	2022-04-08T00:00:00	""	Monitoramento	Rua Sao Sebastiao, /@9=	Barro	Vila dos Milagres	R2	2022-04-08T00:00:00	Mapeamento de Area de Risco				0
1184	Oeste	2022	Abril	2022-04-08T00:00:00	""	Monitoramento	"Rua Sao Sebastiao, #""#~"	Barro	Vila dos Milagres	R2	2022-04-08T00:00:00	Mapeamento de Area de Risco				0
1185	Oeste	2022	Abril	2022-04-08T00:00:00	""	Monitoramento	"Rua Sao Sebastiao, +?""]"	Barro	Vila dos Milagres	R2	2022-04-08T00:00:00	Mapeamento de Area de Risco				0
1186	Oeste	2022	Abril	2022-04-08T00:00:00	""	Monitoramento	"Rua Sao Sebastiao, ""#*9"	Barro	Vila dos Milagres	R3	2022-04-08T00:00:00	Mapeamento de Area de Risco				0
1187	Oeste	2022	Abril	2022-04-08T00:00:00	""	Monitoramento	Rua Sao Sebastiao, 9<-%	Barro	Vila dos Milagres	R3	2022-04-08T00:00:00	Mapeamento de Area de Risco				0
1188	Oeste	2022	Abril	2022-04-08T00:00:00	""	Monitoramento	Rua Sao Sebastiao, %$<!	Barro	Vila dos Milagres	R3	2022-04-08T00:00:00	Orientado a Sair do Imovel em Caso de Chuva				0
1189	Oeste	2022	Abril	2022-04-08T00:00:00	""	Monitoramento	Rua Sao Sebastiao, .<^&	Barro	Vila dos Milagres	R3	2022-04-08T00:00:00	Mapeamento de Area de Risco				0
1190	Oeste	2022	Abril	2022-04-08T00:00:00	""	Monitoramento	Rua Sao Sebastiao, ^[{	Barro	Vila dos Milagres	R3	2022-04-08T00:00:00	Mapeamento de Area de Risco				0
1191	Oeste	2022	Abril	2022-04-08T00:00:00	""	Monitoramento	Rua Sao Sebastiao, {})!	Barro	Vila dos Milagres	R3	2022-04-08T00:00:00	Mapeamento de Area de Risco				0
1192	Oeste	2022	Abril	2022-04-08T00:00:00	""	Monitoramento	Rua Sao Sebastiao, #^>	Barro	Vila dos Milagres	R3	2022-04-08T00:00:00	Mapeamento de Area de Risco				0
1193	Oeste	2022	Abril	2022-04-08T00:00:00	""	Monitoramento	3ª Travessa Jaguaruna, ~|}[	Cohab	Ur 01	R3	2022-04-08T00:00:00	Mapeamento de Area de Risco				0
1194	Oeste	2022	Abril	2022-04-08T00:00:00	""	Monitoramento	3ª Travessa Jaguaruna, /@9=	Cohab	Ur 01	R3	2022-04-08T00:00:00	Orientado a Sair do Imovel em Caso de Chuva				0
1195	Oeste	2022	Abril	2022-04-08T00:00:00	""	Monitoramento	"3ª Travessa Jaguaruna, #""#~"	Cohab	Ur 01	R3	2022-04-08T00:00:00	Mapeamento de Area de Risco				0
1196	Oeste	2022	Abril	2022-04-08T00:00:00	""	Monitoramento	"3ª Travessa Jaguaruna, +?""]"	Cohab	Ur 01	R3	2022-04-08T00:00:00	Mapeamento de Area de Risco				0
1197	Oeste	2022	Abril	2022-04-08T00:00:00	""	Monitoramento	"3ª Travessa Jaguaruna, ""#*9"	Cohab	Ur 01	R2	2022-04-08T00:00:00	Mapeamento de Area de Risco				0
1198	Oeste	2022	Abril	2022-04-08T00:00:00	""	Monitoramento	3ª Travessa Jaguaruna, #_|/	Cohab	Ur 01	R2	2022-04-08T00:00:00	Mapeamento de Area de Risco				0
1199	Oeste	2022	Abril	2022-04-08T00:00:00	""	Monitoramento	3ª Travessa Jaguaruna, .[?	Cohab	Ur 01	R2	2022-04-08T00:00:00	Mapeamento de Area de Risco				0
1200	Oeste	2022	Abril	2022-04-08T00:00:00	""	Monitoramento	3ª Travessa Jaguaruna, #$[	Cohab	Ur 01	R2	2022-04-08T00:00:00	Mapeamento de Area de Risco				0
1201	Oeste	2022	Abril	2022-04-08T00:00:00	""	Monitoramento	3ª Travessa Jaguaruna, `=-[	Cohab	Ur 01	R2	2022-04-08T00:00:00	Mapeamento de Area de Risco				0
1202	Oeste	2022	Abril	2022-04-08T00:00:00	""	Monitoramento	3ª Travessa Jaguaruna, ?_$.	Cohab	Ur 01	R2	2022-04-08T00:00:00	Mapeamento de Area de Risco				0
1203	Oeste	2022	Abril	2022-04-08T00:00:00	""	Monitoramento	2ª Travessa Jaguaruna, >#'\	Cohab	Ur 01	R2	2022-04-08T00:00:00	Mapeamento de Area de Risco				0
1204	Oeste	2022	Abril	2022-04-08T00:00:00	""	Monitoramento	2ª Travessa Jaguaruna, $!>=	Cohab	Ur 01	R2	2022-04-08T00:00:00	Mapeamento de Area de Risco				0
1205	Oeste	2022	Abril	2022-04-08T00:00:00	""	Monitoramento	2ª Travessa Jaguaruna, @}>	Cohab	Ur 01	R2	2022-04-08T00:00:00	Mapeamento de Area de Risco				0
1206	Oeste	2022	Abril	2022-04-08T00:00:00	""	Monitoramento	2ª Travessa Jaguaruna, 9<-%	Cohab	Ur 01	R3	2022-04-08T00:00:00	Mapeamento de Area de Risco				0
1207	Oeste	2022	Abril	2022-04-08T00:00:00	""	Monitoramento	2ª Travessa Jaguaruna, %$<!	Cohab	Ur 01	R3	2022-04-08T00:00:00	Mapeamento de Area de Risco				0
1208	Oeste	2022	Abril	2022-04-08T00:00:00	""	Monitoramento	2ª Travessa Jaguaruna, .<^&	Cohab	Ur 01	R3	2022-04-08T00:00:00	Mapeamento de Area de Risco				0
1209	Oeste	2022	Abril	2022-04-08T00:00:00	""	Monitoramento	2ª Travessa Jaguaruna, ^[{	Cohab	Ur 01	R2	2022-04-08T00:00:00	Mapeamento de Area de Risco				0
1210	Oeste	2022	Abril	2022-04-08T00:00:00	""	Monitoramento	Rua Sao Sebastiao, @}>	Barro	Vila dos Milagres	R3	2022-04-08T00:00:00	Mapeamento de Area de Risco				0
1211	Sul	2022	Abril	2022-04-08T00:00:00	""	""	3ª Travessa Camocim, `=-[	Jordao	Jordao Baixo	""	2022-04-08T00:00:00	Atendimento Social				0
1212	Oeste	2022	Abril	2022-04-08T00:00:00	""	Monitoramento	Rua Sao Sebastiao, $!>=	Barro	Vila dos Milagres	R3	2022-04-08T00:00:00	Mapeamento de Area de Risco				0
1213	Oeste	2022	Abril	2022-04-08T00:00:00	""	Monitoramento	Rua Sao Sebastiao, ?_$.	Barro	Vila dos Milagres	R3	2022-04-08T00:00:00	Mapeamento de Area de Risco				0
1214	Oeste	2022	Abril	2022-04-08T00:00:00	""	Monitoramento	Rua Sao Sebastiao, #_|/	Barro	Vila dos Milagres	R3	2022-04-08T00:00:00	Mapeamento de Area de Risco				0
1215	Oeste	2022	Abril	2022-04-08T00:00:00	""	Monitoramento	Rua Sao Sebastiao, .[?	Barro	Vila dos Milagres	R3	2022-04-08T00:00:00	Mapeamento de Area de Risco				0
1216	Oeste	2022	Abril	2022-04-08T00:00:00	""	Monitoramento	Rua Sao Sebastiao, #$[	Barro	Vila dos Milagres	R3	2022-04-08T00:00:00	Mapeamento de Area de Risco				0
1217	Oeste	2022	Abril	2022-04-08T00:00:00	""	Monitoramento	Rua Sao Sebastiao, `=-[	Barro	Vila dos Milagres	R3	2022-04-08T00:00:00	Mapeamento de Area de Risco				0
1218	Oeste	2022	Abril	2022-04-08T00:00:00	""	Monitoramento	Rua Sao Sebastiao, ?_$.	Barro	Vila dos Milagres	R3	2022-04-08T00:00:00	Mapeamento de Area de Risco				0
1219	Oeste	2022	Abril	2022-04-08T00:00:00	""	Monitoramento	Rua Sao Sebastiao, >#'\	Barro	Vila dos Milagres	R3	2022-04-08T00:00:00	Mapeamento de Area de Risco				0
1220	Oeste	2022	Abril	2022-04-08T00:00:00	""	Monitoramento	Rua Sao Sebastiao, $!>=	Barro	Vila dos Milagres	R3	2022-04-08T00:00:00	Mapeamento de Area de Risco				0
1221	Oeste	2022	Abril	2022-04-08T00:00:00	""	Monitoramento	Rua Sao Sebastiao, @}>	Barro	Vila dos Milagres	R3	2022-04-08T00:00:00	Mapeamento de Area de Risco				0
1222	Oeste	2022	Abril	2022-04-08T00:00:00	""	Monitoramento	Rua Sao Sebastiao, 9<-%	Barro	Vila dos Milagres	R3	2022-04-08T00:00:00	Mapeamento de Area de Risco				0
1223	Oeste	2022	Abril	2022-04-08T00:00:00	""	Monitoramento	Rua Sao Sebastiao, %$<!	Barro	Vila dos Milagres	R3	2022-04-08T00:00:00	Mapeamento de Area de Risco				0
1224	Oeste	2022	Abril	2022-04-08T00:00:00	""	Monitoramento	Rua Sao Sebastiao, .<^&	Barro	Vila dos Milagres	R3	2022-04-08T00:00:00	Mapeamento de Area de Risco				0
1225	Oeste	2022	Abril	2022-04-08T00:00:00	""	Monitoramento	Rua Sao Sebastiao, ^[{	Barro	Vila dos Milagres	R3	2022-04-08T00:00:00	Mapeamento de Area de Risco				0
1226	Oeste	2022	Abril	2022-04-08T00:00:00	""	Monitoramento	Rua Sao Sebastiao, {})!	Barro	Vila dos Milagres	R3	2022-04-08T00:00:00	Mapeamento de Area de Risco				0
1227	Oeste	2022	Abril	2022-04-08T00:00:00	""	Monitoramento	Rua Sao Sebastiao, #^>	Barro	Vila dos Milagres	R3	2022-04-08T00:00:00	Mapeamento de Area de Risco				0
1228	Oeste	2022	Abril	2022-04-08T00:00:00	""	Monitoramento	Rua Sao Sebastiao, ~|}[	Barro	Vila dos Milagres	R3	2022-04-08T00:00:00	Mapeamento de Area de Risco				0
1229	Oeste	2022	Abril	2022-04-08T00:00:00	""	Monitoramento	Rua Sao Sebastiao, /@9=	Barro	Vila dos Milagres	R3	2022-04-08T00:00:00	Mapeamento de Area de Risco				0
1230	Oeste	2022	Abril	2022-04-08T00:00:00	""	Monitoramento	"Rua Sao Sebastiao, #""#~"	Barro	Vila dos Milagres	R3	2022-04-08T00:00:00	Mapeamento de Area de Risco				0
1231	Oeste	2022	Abril	2022-04-08T00:00:00	""	Monitoramento	"Rua Sao Sebastiao, +?""]"	Barro	Vila dos Milagres	R3	2022-04-08T00:00:00	Mapeamento de Area de Risco				0
1232	Oeste	2022	Abril	2022-04-08T00:00:00	""	Monitoramento	"Rua Sao Sebastiao, ""#*9"	Barro	Vila dos Milagres	R3	2022-04-08T00:00:00	Mapeamento de Area de Risco				0
1233	Oeste	2022	Abril	2022-04-08T00:00:00	""	Monitoramento	Rua Sao Sebastiao, #_|/	Barro	Vila dos Milagres	R3	2022-04-08T00:00:00	Mapeamento de Area de Risco				0
1234	Oeste	2022	Abril	2022-04-08T00:00:00	""	Monitoramento	Rua Sao Sebastiao, .[?	Barro	Vila dos Milagres	R3	2022-04-08T00:00:00	Mapeamento de Area de Risco				0
1235	Oeste	2022	Abril	2022-04-08T00:00:00	""	Monitoramento	Rua Sao Sebastiao, #$[	Barro	Vila dos Milagres	R3	2022-04-08T00:00:00	Mapeamento de Area de Risco				0
1236	Oeste	2022	Abril	2022-04-08T00:00:00	""	Monitoramento	Rua Sao Sebastiao, `=-[	Barro	Vila dos Milagres	R3	2022-04-08T00:00:00	Mapeamento de Area de Risco				0
1237	Oeste	2022	Abril	2022-04-08T00:00:00	""	Monitoramento	Rua Sao Sebastiao, >#'\	Barro	Vila dos Milagres	R3	2022-04-08T00:00:00	Mapeamento de Area de Risco				0
1238	Oeste	2022	Abril	2022-04-08T00:00:00	""	Monitoramento	2ª Travessa Jaguaruna, {})!	Cohab	Ur 01	R2	2022-04-08T00:00:00	Mapeamento de Area de Risco				0
1239	Sul	2022	Abril	2022-04-08T00:00:00	""	Vistoria	Rua Pedro Malazart, #$[	Cohab	Ur 04	""	2022-04-08T00:00:00	Orientado a Sair do Imovel em Caso de Chuva				0
1240	Sul	2022	Abril	2022-04-08T00:00:00	""	Vistoria	Rua Parambu, #_|/	Jordao	Jordao Alto	R2	2022-04-08T00:00:00	Analise Visual Estrutural				0
1241	Norte	2022	Abril	2022-04-08T00:00:00	""	Colocação de Lonas Plásticas	"Avenida Chagas Ferreira, +?""]"	Dois Unidos	Chagas Ferreira	""	2022-04-08T00:00:00	""	3	30	8	720
1242	Norte	2022	Abril	2022-04-08T00:00:00	""	Colocação de Lonas Plásticas	"Rua Lidia Rodrigues Alves, ""#*9"	Agua Fria	Alto do Pascoal	""	2022-04-08T00:00:00	""	2	15	8	240
1243	Norte	2022	Abril	2022-04-08T00:00:00	""	Colocação de Lonas Plásticas	Rua Lidia Rodrigues Alves, #_|/	Agua Fria	Alto do Pascoal	""	2022-04-08T00:00:00	""	3	15	8	360
1244	Noroeste	2022	Abril	2022-04-08T00:00:00	""	Colocação de Lonas Plásticas	Geop, .[?	Nao Informado	Nao Cadastrada	""	2022-04-08T00:00:00	""	1	35	8	280
1245	Noroeste	2022	Abril	2022-04-08T00:00:00	""	Colocação de Lonas Plásticas	Rua Jornalista Saneiva Vasconcelos, #$[	Nova Descoberta	Nova Descoberta	""	2022-04-08T00:00:00	""	1	35	8	280
1246	Noroeste	2022	Abril	2022-04-08T00:00:00	""	Colocação de Lonas Plásticas	Rua Francisco Passos, `=-[	Nova Descoberta	Nova Descoberta	""	2022-04-08T00:00:00	""	3	20	8	480
1247	Noroeste	2022	Abril	2022-04-08T00:00:00	""	Colocação de Lonas Plásticas	Rua Francisco Passos, ?_$.	Nova Descoberta	Nova Descoberta	""	2022-04-08T00:00:00	""	2	20	8	320
1248	Noroeste	2022	Abril	2022-04-08T00:00:00	""	Colocação de Lonas Plásticas	Rua Carolina, >#'\	Vasco da Gama 	Vasco da Gama	""	2022-04-08T00:00:00	""	1	40	8	320
1249	Noroeste	2022	Abril	2022-04-08T00:00:00	""	Colocação de Lonas Plásticas	Rua Ceara Mirin, $!>=	Morro da Conceicao	Morro da Conceicao	""	2022-04-08T00:00:00	""	2	15	8	240
1250	Noroeste	2022	Abril	2022-04-08T00:00:00	""	Colocação de Lonas Plásticas	Rua Demene, @}>	Nova Descoberta	Nova Descoberta	""	2022-04-08T00:00:00	""	2	20	8	320
1251	Norte	2022	Abril	2022-04-08T00:00:00	""	Colocação de Lonas Plásticas	"Rua Beatriz, #""#~"	Agua Fria	Alto do Pascoal	""	2022-04-08T00:00:00	""	3	15	8	360
1252	Noroeste	2022	Abril	2022-04-08T00:00:00	""	Colocação de Lonas Plásticas	Rua Demene, 9<-%	Nova Descoberta	Nova Descoberta	""	2022-04-08T00:00:00	""	1	70	8	560
1253	Noroeste	2022	Abril	2022-04-08T00:00:00	""	Colocação de Lonas Plásticas	2ª Travessa Alto do Brasil, ^[{	Alto Jose Bonifacio 	Alto Jose Bonifacio	""	2022-04-08T00:00:00	""	1	50	8	400
1254	Noroeste	2022	Abril	2022-04-08T00:00:00	""	Colocação de Lonas Plásticas	Rua Alto do Brasil, {})!	Alto Jose Bonifacio 	Alto Jose Bonifacio	""	2022-04-08T00:00:00	""	3	15	8	360
1255	Nordeste	2022	Abril	2022-04-08T00:00:00	""	Colocação de Lonas Plásticas	Rua Corrego do Fernandinho, #^>	Guabiraba	Corrego do Jenipapo	""	2022-04-08T00:00:00	""	1	1	520	520
1256	Nordeste	2022	Abril	2022-04-08T00:00:00	""	Colocação de Lonas Plásticas	Rua Corrego do Fernandinho, ~|}[	Guabiraba	Corrego do Jenipapo	""	2022-04-08T00:00:00	""	1	1	680	680
1257	Nordeste	2022	Abril	2022-04-08T00:00:00	""	Colocação de Lonas Plásticas	Rua Lontras, /@9=	Nova Descoberta	Alto da Brasileira	""	2022-04-08T00:00:00	""	3	15	8	360
1258	Nordeste	2022	Abril	2022-04-08T00:00:00	""	Colocação de Lonas Plásticas	"Rua Corrego do Carroceiro, #""#~"	Passarinho	Corrego Manoel Carroceiro	""	2022-04-08T00:00:00	""	3	15	8	360
1259	Nordeste	2022	Abril	2022-04-08T00:00:00	""	Colocação de Lonas Plásticas	"Rua Corrego do Carroceiro, +?""]"	Passarinho	Corrego Manoel Carroceiro	""	2022-04-08T00:00:00	""	4	15	8	480
1260	Nordeste	2022	Abril	2022-04-08T00:00:00	""	Colocação de Lonas Plásticas	"Rua Corrego do Carroceiro, ""#*9"	Passarinho	Corrego Manoel Carroceiro	""	2022-04-08T00:00:00	""	1	1	560	560
1261	Nordeste	2022	Abril	2022-04-08T00:00:00	""	Colocação de Lonas Plásticas	Rua Corrego do Carroceiro, #_|/	Passarinho	Corrego Manoel Carroceiro	""	2022-04-08T00:00:00	""	1	1	520	520
1262	Nordeste	2022	Abril	2022-04-08T00:00:00	""	Colocação de Lonas Plásticas	1ª Travessa Plinio Coelho, .[?	Nova Descoberta	Alto do Refugio	""	2022-04-08T00:00:00	""	3	15	8	360
1263	Noroeste	2022	Abril	2022-04-08T00:00:00	""	Colocação de Lonas Plásticas	Rua Demene, %$<!	Nova Descoberta	Nova Descoberta	""	2022-04-08T00:00:00	""	1	80	8	640
1264	Norte	2022	Abril	2022-04-08T00:00:00	""	Colocação de Lonas Plásticas	Rua Beatriz, /@9=	Agua Fria	Alto do Pascoal	""	2022-04-08T00:00:00	""	2	20	8	320
1265	Norte	2022	Abril	2022-04-08T00:00:00	""	Colocação de Lonas Plásticas	Rua da Felicidade, ~|}[	Dois Unidos	Vale do Senhor	""	2022-04-08T00:00:00	""	1	15	8	120
1266	Norte	2022	Abril	2022-04-08T00:00:00	""	Colocação de Lonas Plásticas	Rua da Felicidade, #^>	Dois Unidos	Vale do Senhor	""	2022-04-08T00:00:00	""	4	20	8	640
1267	Sul	2022	Abril	2022-04-08T00:00:00	""	Colocação de Lonas Plásticas	Rua Conego Marinho, %$<!	Ibura	Ibura de Baixo	""	2022-04-08T00:00:00	Mapeamento de Area de Risco	2	15	8	240
1268	Oeste	2022	Abril	2022-04-08T00:00:00	""	Colocação de Lonas Plásticas	Rua Jose Antonio Costa Filho, .<^&	Varzea	Jardim Teresopolis	""	2022-04-08T00:00:00	""	4	20	8	640
1269	Oeste	2022	Abril	2022-04-08T00:00:00	""	Colocação de Lonas Plásticas	Rua Jose Antonio Costa Filho, ^[{	Varzea	Jardim Teresopolis	""	2022-04-08T00:00:00	""	3	20	8	480
1270	Oeste	2022	Abril	2022-04-08T00:00:00	""	Colocação de Lonas Plásticas	Rua Jose Antonio Costa Filho, {})!	Varzea	Jardim Teresopolis	""	2022-04-08T00:00:00	Rocagem	5	20	8	800
1271	Oeste	2022	Abril	2022-04-08T00:00:00	""	Colocação de Lonas Plásticas	Avenida Padre Cicero, #^>	Barro	Vila dos Milagres	""	2022-04-08T00:00:00	""	5	20	8	800
1272	Oeste	2022	Abril	2022-04-08T00:00:00	""	Colocação de Lonas Plásticas	Avenida Padre Cicero, ~|}[	Barro	Vila dos Milagres	""	2022-04-08T00:00:00	""	5	20	8	800
1273	Oeste	2022	Abril	2022-04-08T00:00:00	""	Colocação de Lonas Plásticas	Avenida Padre Cicero, /@9=	Barro	Vila dos Milagres	""	2022-04-08T00:00:00	""	5	20	8	800
1274	Oeste	2022	Abril	2022-04-08T00:00:00	""	Colocação de Lonas Plásticas	"Rua Pico da Neblina, #""#~"	Cohab	Jardim Monte Verde	""	2022-04-08T00:00:00	""	2	20	8	320
1275	Oeste	2022	Abril	2022-04-08T00:00:00	""	Colocação de Lonas Plásticas	"Rua Pico da Neblina, +?""]"	Cohab	Jardim Monte Verde	""	2022-04-08T00:00:00	""	2	20	8	320
1276	Oeste	2022	Abril	2022-04-08T00:00:00	""	Colocação de Lonas Plásticas	"Rua Pico da Neblina, ""#*9"	Cohab	Jardim Monte Verde	""	2022-04-08T00:00:00	Rocagem	2	20	8	320
1277	Oeste	2022	Abril	2022-04-08T00:00:00	""	Colocação de Lonas Plásticas	Rua Pico da Neblina, #_|/	Cohab	Jardim Monte Verde	""	2022-04-08T00:00:00	""	2	20	8	320
1278	Oeste	2022	Abril	2022-04-08T00:00:00	""	Colocação de Lonas Plásticas	Rua Pico da Neblina, .[?	Cohab	Jardim Monte Verde	""	2022-04-08T00:00:00	""	2	20	8	320
1279	Oeste	2022	Abril	2022-04-08T00:00:00	""	Colocação de Lonas Plásticas	Rua Pico da Neblina, #$[	Cohab	Jardim Monte Verde	""	2022-04-08T00:00:00	""	2	20	8	320
1280	Norte	2022	Abril	2022-04-08T00:00:00	""	Colocação de Lonas Plásticas	Rua Vale do Senhor, `=-[	Dois Unidos	Vale do Senhor	""	2022-04-08T00:00:00	""	1	20	8	160
1281	Norte	2022	Abril	2022-04-08T00:00:00	""	Colocação de Lonas Plásticas	Rua Vale do Senhor, ?_$.	Dois Unidos	Vale do Senhor	""	2022-04-08T00:00:00	""	2	15	8	240
1282	Norte	2022	Abril	2022-04-08T00:00:00	""	Colocação de Lonas Plásticas	Rua Vale do Senhor, >#'\	Dois Unidos	Vale do Senhor	""	2022-04-08T00:00:00	""	1	25	8	200
1283	Norte	2022	Abril	2022-04-08T00:00:00	""	Colocação de Lonas Plásticas	Rua Vale do Senhor, $!>=	Dois Unidos	Vale do Senhor	""	2022-04-08T00:00:00	""	1	20	8	160
1284	Norte	2022	Abril	2022-04-08T00:00:00	""	Colocação de Lonas Plásticas	Rua Vale do Senhor, @}>	Dois Unidos	Vale do Senhor	""	2022-04-08T00:00:00	""	1	15	8	120
1285	Norte	2022	Abril	2022-04-08T00:00:00	""	Colocação de Lonas Plásticas	Rua Vale do Senhor, 9<-%	Dois Unidos	Vale do Senhor	""	2022-04-08T00:00:00	""	1	25	8	200
1286	Norte	2022	Abril	2022-04-08T00:00:00	""	Colocação de Lonas Plásticas	Rua Vale do Senhor, %$<!	Dois Unidos	Vale do Senhor	""	2022-04-08T00:00:00	""	1	15	8	120
1287	Norte	2022	Abril	2022-04-08T00:00:00	""	Colocação de Lonas Plásticas	Rua Vale do Senhor, .<^&	Dois Unidos	Vale do Senhor	""	2022-04-08T00:00:00	""	1	25	8	200
1288	Norte	2022	Abril	2022-04-08T00:00:00	""	Colocação de Lonas Plásticas	Rua Eng Celi de Carli, ^[{	Dois Unidos	Sitio do Rosario	""	2022-04-08T00:00:00	""	3	15	8	360
1289	Norte	2022	Abril	2022-04-08T00:00:00	""	Colocação de Lonas Plásticas	Rua Vale do Senhor, {})!	Dois Unidos	Vale do Senhor	""	2022-04-08T00:00:00	""	2	15	8	240
1290	Nordeste	2022	Abril	2022-04-08T00:00:00	""	Colocação de Lonas Plásticas	1ª Travessa Plinio Coelho, #$[	Nova Descoberta	Alto do Refugio	""	2022-04-08T00:00:00	""	5	15	8	600
1291	Nordeste	2022	Abril	2022-04-08T00:00:00	""	Colocação de Lonas Plásticas	Rua Plinio Coelho, `=-[	Nova Descoberta	Corrego da Areia	""	2022-04-08T00:00:00	""	1	1	800	800
1292	Nordeste	2022	Abril	2022-04-08T00:00:00	""	Colocação de Lonas Plásticas	Rua Corrego do Carroceiro, ?_$.	Nova Descoberta	Corrego do Inacio	""	2022-04-08T00:00:00	""	1	1	640	640
1293	Nordeste	2022	Abril	2022-04-08T00:00:00	""	Colocação de Lonas Plásticas	Rua Senador Oscar Passos, >#'\	Nova Descoberta	Alto do Refugio	""	2022-04-08T00:00:00	""	4	15	8	480
1294	Sul	2022	Abril	2022-04-08T00:00:00	""	Monitoramento	Rua Guairaca, ~|}[	Cohab	Tres Carneiros Baixo 	R3	2022-04-08T00:00:00	Analise Visual Estrutural				0
1295	Sul	2022	Abril	2022-04-08T00:00:00	""	Monitoramento	Rua Guairaca, /@9=	Cohab	Tres Carneiros Baixo 	R3	2022-04-08T00:00:00	Analise Visual Estrutural				0
1296	Sul	2022	Abril	2022-04-08T00:00:00	""	Monitoramento	"Rua Guairaca, #""#~"	Cohab	Tres Carneiros Baixo 	R3	2022-04-08T00:00:00	Analise Visual Estrutural				0
1297	Sul	2022	Abril	2022-04-08T00:00:00	""	Monitoramento	"Rua Guairaca, +?""]"	Cohab	Tres Carneiros Baixo 	R2	2022-04-08T00:00:00	Analise Visual Estrutural				0
1298	Sul	2022	Abril	2022-04-08T00:00:00	""	Monitoramento	Rua Guairaca, #_|/	Cohab	Tres Carneiros Baixo 	R2	2022-04-08T00:00:00	Analise Visual Estrutural				0
1299	Sul	2022	Abril	2022-04-08T00:00:00	""	Monitoramento	Rua Guairaca, .[?	Cohab	Tres Carneiros Baixo 	R1	2022-04-08T00:00:00	Analise Visual Estrutural				0
1300	Sul	2022	Abril	2022-04-08T00:00:00	""	Monitoramento	Rua Guairaca, #$[	Cohab	Tres Carneiros Baixo 	""	2022-04-08T00:00:00	Analise Visual Estrutural				0
1301	Sul	2022	Abril	2022-04-08T00:00:00	""	Monitoramento	Rua Guairaca, `=-[	Cohab	Tres Carneiros Baixo 	R1	2022-04-08T00:00:00	Analise Visual Estrutural				0
1302	Sul	2022	Abril	2022-04-08T00:00:00	""	Monitoramento	Rua Guairaca, ?_$.	Cohab	Tres Carneiros Baixo 	R2	2022-04-08T00:00:00	Analise Visual Estrutural				0
1303	Sul	2022	Abril	2022-04-08T00:00:00	""	""	Rua Ibiracu, >#'\	Cohab	Tres Carneiros Alto	""	2022-04-08T00:00:00	Atendimento Social				0
1304	Sul	2022	Abril	2022-04-08T00:00:00	""	""	Rua Britania, $!>=	Jordao	Jordao Baixo	""	2022-04-08T00:00:00	Atendimento Social				0
1305	Sul	2022	Abril	2022-04-08T00:00:00	""	""	Psdre Cicero, @}>	Cohab	Tres Carneiros Alto	""	2022-04-08T00:00:00	Atendimento Social				0
1306	Sul	2022	Abril	2022-04-08T00:00:00	""	""	Rua do Sitio, 9<-%	Cohab	Ur 10	""	2022-04-08T00:00:00	Atendimento Social				0
1307	Sul	2022	Abril	2022-04-08T00:00:00	""	""	Rua Pederneiras, %$<!	Jordao	Jordao Baixo	""	2022-04-08T00:00:00	Distribuicao de Cestas Basicas				0
1308	Sul	2022	Abril	2022-04-08T00:00:00	""	""	Rua Jornalista Nelson Rodrigues, .<^&	Cohab	Asa Branca 	""	2022-04-08T00:00:00	Atendimento Social				0
1309	Sul	2022	Abril	2022-04-08T00:00:00	""	Monitoramento	Rua Jornalista Nelson Rodrigues, ^[{	Cohab	Asa Branca 	""	2022-04-08T00:00:00	Analise Visual Estrutural				0
1310	Sul	2022	Abril	2022-04-08T00:00:00	""	""	Rua Serra Dourada, {})!	Jordao	Jordao Alto	""	2022-04-08T00:00:00	Atendimento Social				0
1311	Sul	2022	Abril	2022-04-08T00:00:00	""	Monitoramento	Rua Serra Dourada, #^>	Jordao	Jordao Alto	""	2022-04-08T00:00:00	Analise Visual Estrutural				0
1312	Sul	2022	Abril	2022-04-08T00:00:00	""	""	Rua Flor de Maria, ~|}[	Cohab	Ur 12	""	2022-04-08T00:00:00	Atendimento Social				0
1313	Sul	2022	Abril	2022-04-08T00:00:00	""	Monitoramento	Rua Flor de Maria, /@9=	Cohab	Ur 12	R2	2022-04-08T00:00:00	Analise Visual Estrutural				0
1314	Sul	2022	Abril	2022-04-08T00:00:00	""	""	"Rua Candido Mendes, #""#~"	Ibura	Ibura de Baixo	R3	2022-04-08T00:00:00	Atendimento Social				0
1315	Sul	2022	Abril	2022-04-08T00:00:00	""	Vistoria	"Rua Candido Mendes, +?""]"	Ibura	Ibura de Baixo	R3	2022-04-08T00:00:00	Analise Visual Estrutural				0
1316	Sul	2022	Abril	2022-04-08T00:00:00	""	""	"Rua Parambu, ""#*9"	Jordao	Jordao Alto	R2	2022-04-08T00:00:00	Atendimento Social				0
1317	Sul	2022	Abril	2022-04-08T00:00:00	""	Monitoramento	Rua Guairaca, #^>	Cohab	Tres Carneiros Baixo 	R2	2022-04-08T00:00:00	Analise Visual Estrutural				0
1318	Sul	2022	Abril	2022-04-08T00:00:00	""	""	Rua Pedro Malazart, .[?	Cohab	Ur 04	""	2022-04-08T00:00:00	Atendimento Social				0
1319	Sul	2022	Abril	2022-04-08T00:00:00	""	Monitoramento	Rua Guairaca, {})!	Cohab	Tres Carneiros Baixo 	R2	2022-04-08T00:00:00	Analise Visual Estrutural				0
1320	Sul	2022	Abril	2022-04-08T00:00:00	""	Monitoramento	Rua Guairaca, .<^&	Cohab	Tres Carneiros Baixo 	R2	2022-04-08T00:00:00	Analise Visual Estrutural				0
1321	Sul	2022	Abril	2022-04-08T00:00:00	""	Monitoramento	Rua Candido Mendes, $!>=	Ibura 	Ibura de Baixo	""	2022-04-08T00:00:00	Analise Visual Estrutural				0
1322	Sul	2022	Abril	2022-04-08T00:00:00	""	Monitoramento	Rua Candido Mendes, @}>	Ibura 	Ibura de Baixo	""	2022-04-08T00:00:00	Analise Visual Estrutural				0
1323	Sul	2022	Abril	2022-04-08T00:00:00	""	Monitoramento	Rua Candido Mendes, 9<-%	Ibura 	Ibura de Baixo	""	2022-04-08T00:00:00	Analise Visual Estrutural				0
1324	Sul	2022	Abril	2022-04-08T00:00:00	""	""	Rua Candido Mendes, %$<!	Ibura 	Ibura de Baixo	""	2022-04-08T00:00:00	Acoes de Porta-Porta				0
1325	Sul	2022	Abril	2022-04-08T00:00:00	""	""	Rua Candido Mendes, .<^&	Ibura 	Ibura de Baixo	""	2022-04-08T00:00:00	Acoes de Porta-Porta				0
1326	Sul	2022	Abril	2022-04-08T00:00:00	""	""	Rua Candido Mendes, ^[{	Ibura 	Ibura de Baixo	""	2022-04-08T00:00:00	Acoes de Porta-Porta				0
1327	Sul	2022	Abril	2022-04-08T00:00:00	""	""	Rua Candido Mendes, {})!	Ibura 	Ibura de Baixo	""	2022-04-08T00:00:00	Acoes de Porta-Porta				0
1328	Sul	2022	Abril	2022-04-08T00:00:00	""	""	Rua Guairaca, #^>	Cohab	Tres Carneiros Baixo 	""	2022-04-08T00:00:00	Acoes de Porta-Porta				0
1329	Sul	2022	Abril	2022-04-08T00:00:00	""	""	Rua Guairaca, ~|}[	Cohab	Tres Carneiros Baixo 	""	2022-04-08T00:00:00	Acoes de Porta-Porta				0
1330	Sul	2022	Abril	2022-04-08T00:00:00	""	""	Rua Guairaca, /@9=	Cohab	Tres Carneiros Baixo 	""	2022-04-08T00:00:00	Acoes de Porta-Porta				0
1331	Sul	2022	Abril	2022-04-08T00:00:00	""	""	"Rua Guairaca, #""#~"	Cohab	Tres Carneiros Baixo 	""	2022-04-08T00:00:00	Acoes de Porta-Porta				0
1332	Sul	2022	Abril	2022-04-08T00:00:00	""	""	"Rua Guairaca, +?""]"	Cohab	Tres Carneiros Baixo 	""	2022-04-08T00:00:00	Acoes de Porta-Porta				0
1333	Sul	2022	Abril	2022-04-08T00:00:00	""	""	"Rua Guairaca, ""#*9"	Cohab	Tres Carneiros Baixo 	""	2022-04-08T00:00:00	Acoes de Porta-Porta				0
1334	Sul	2022	Abril	2022-04-08T00:00:00	""	""	Rua Guairaca, #_|/	Cohab	Tres Carneiros Baixo 	""	2022-04-08T00:00:00	Acoes de Porta-Porta				0
1335	Sul	2022	Abril	2022-04-08T00:00:00	""	""	Rua Guairaca, .[?	Cohab	Tres Carneiros Baixo 	""	2022-04-08T00:00:00	Acoes de Porta-Porta				0
1336	Sul	2022	Abril	2022-04-08T00:00:00	""	""	Rua Guairaca, #$[	Cohab	Tres Carneiros Baixo 	""	2022-04-08T00:00:00	Acoes de Porta-Porta				0
1337	Sul	2022	Abril	2022-04-08T00:00:00	""	""	Rua Guairaca, `=-[	Cohab	Tres Carneiros Baixo 	""	2022-04-08T00:00:00	Acoes de Porta-Porta				0
1338	Sul	2022	Abril	2022-04-08T00:00:00	""	Monitoramento	Rua Entremontes, ?_$.	Cohab	Tres Carneiros Baixo 	R2	2022-04-08T00:00:00	Analise Visual Estrutural				0
1339	Sul	2022	Abril	2022-04-08T00:00:00	""	Monitoramento	Rua Entremontes, >#'\	Cohab	Tres Carneiros Baixo 	R2	2022-04-08T00:00:00	Analise Visual Estrutural				0
1340	Sul	2022	Abril	2022-04-08T00:00:00	""	Monitoramento	Rua Entremontes, $!>=	Cohab	Tres Carneiros Baixo 	R2	2022-04-08T00:00:00	Analise Visual Estrutural				0
1341	Sul	2022	Abril	2022-04-08T00:00:00	""	Monitoramento	Rua Entremontes, @}>	Cohab	Tres Carneiros Baixo 	R3	2022-04-08T00:00:00	Analise Visual Estrutural				0
1342	Sul	2022	Abril	2022-04-08T00:00:00	""	Monitoramento	Rua Guairaca, 9<-%	Cohab	Tres Carneiros Baixo 	R3	2022-04-08T00:00:00	Analise Visual Estrutural				0
1343	Sul	2022	Abril	2022-04-08T00:00:00	""	Monitoramento	Rua Guairaca, %$<!	Cohab	Tres Carneiros Baixo 	R2	2022-04-08T00:00:00	Analise Visual Estrutural				0
1344	Sul	2022	Abril	2022-04-08T00:00:00	""	Monitoramento	Rua Guairaca, ^[{	Cohab	Tres Carneiros Baixo 	R2	2022-04-08T00:00:00	Analise Visual Estrutural				0
1345	Sul	2022	Abril	2022-04-08T00:00:00	""	Colocação de Lonas Plásticas	Rua Segio Rocha, 9<-%	Cohab	Ur 10	""	2022-04-08T00:00:00	Mapeamento de Area de Risco	3	15	8	360
1346	Oeste	2022	Abril	2022-04-08T00:00:00	""	Monitoramento	2ª Travessa Jaguaruna, #^>	Cohab	Ur 01	R2	2022-04-08T00:00:00	Mapeamento de Area de Risco				0
1347	Oeste	2022	Abril	2022-04-08T00:00:00	""	Monitoramento	2ª Travessa Jaguaruna, /@9=	Cohab	Ur 01	R2	2022-04-08T00:00:00	Mapeamento de Area de Risco				0
1348	Norte	2022	Abril	2022-04-08T00:00:00	""	Monitoramento	"Travessa Epitacio Pessoa, +?""]"	Agua Fria	Corrego do Deodato	R2	2022-04-08T00:00:00	""				0
1349	Norte	2022	Abril	2022-04-08T00:00:00	""	Monitoramento	"Travessa Epitacio Pessoa, ""#*9"	Agua Fria	Corrego do Deodato	R2	2022-04-08T00:00:00	""				0
1350	Norte	2022	Abril	2022-04-08T00:00:00	""	Monitoramento	Travessa Epitacio Pessoa, #_|/	Agua Fria	Corrego do Deodato	R2	2022-04-08T00:00:00	""				0
1351	Norte	2022	Abril	2022-04-08T00:00:00	""	Monitoramento	Travessa Epitacio Pessoa, .[?	Agua Fria	Corrego do Deodato	R2	2022-04-08T00:00:00	""				0
1352	Norte	2022	Abril	2022-04-08T00:00:00	""	Monitoramento	Travessa Epitacio Pessoa, #$[	Agua Fria	Corrego do Deodato	R2	2022-04-08T00:00:00	""				0
1353	Norte	2022	Abril	2022-04-08T00:00:00	""	Monitoramento	Travessa Epitacio Pessoa, `=-[	Agua Fria	Corrego do Deodato	R2	2022-04-08T00:00:00	""				0
1354	Norte	2022	Abril	2022-04-08T00:00:00	""	Monitoramento	Rua Epitacio Pessoa, ?_$.	Agua Fria	Corrego do Deodato	R1	2022-04-08T00:00:00	""				0
1355	Norte	2022	Abril	2022-04-08T00:00:00	""	Monitoramento	Rua Epitacio Pessoa, >#'\	Agua Fria	Corrego do Deodato	R1	2022-04-08T00:00:00	""				0
1356	Norte	2022	Abril	2022-04-08T00:00:00	""	Monitoramento	Rua Epitacio Pessoa, $!>=	Agua Fria	Corrego do Deodato	R1	2022-04-08T00:00:00	""				0
1357	Norte	2022	Abril	2022-04-08T00:00:00	""	Monitoramento	Rua Epitacio Pessoa, @}>	Agua Fria	Corrego do Deodato	R1	2022-04-08T00:00:00	""				0
1358	Norte	2022	Abril	2022-04-08T00:00:00	""	Monitoramento	"Travessa Epitacio Pessoa, #""#~"	Agua Fria	Corrego do Deodato	R1	2022-04-08T00:00:00	""				0
1359	Norte	2022	Abril	2022-04-08T00:00:00	""	Monitoramento	Rua Epitacio Pessoa, 9<-%	Agua Fria	Corrego do Deodato	R1	2022-04-08T00:00:00	""				0
1360	Norte	2022	Abril	2022-04-08T00:00:00	""	Monitoramento	Rua Epitacio Pessoa, .<^&	Agua Fria	Corrego do Deodato	R1	2022-04-08T00:00:00	""				0
1361	Norte	2022	Abril	2022-04-08T00:00:00	""	Monitoramento	Rua Epitacio Pessoa, ^[{	Agua Fria	Corrego do Deodato	R1	2022-04-08T00:00:00	""				0
1362	Norte	2022	Abril	2022-04-08T00:00:00	""	""	Rua Belo Jardim, {})!	Agua Fria	Corrego Sao Sebastiao	""	2022-04-08T00:00:00	Distribuicao de Cestas Basicas	1			0
1363	Norte	2022	Abril	2022-04-08T00:00:00	""	Vistoria	Rua Vertentes do Lerio, #^>	Dois Unidos	Alto do Rosario	R3	2022-04-08T00:00:00	Orientado a Sair do Imovel em Caso de Chuva				0
1364	Norte	2022	Abril	2022-04-08T00:00:00	""	Vistoria	Rua Vertentes do Lerio, ~|}[	Dois Unidos	Alto do Rosario	R3	2022-04-08T00:00:00	Orientado a Sair do Imovel em Caso de Chuva				0
1365	Noroeste	2022	Abril	2022-04-08T00:00:00	""	""	Rua Francisco Passos, /@9=	Nova Descoberta	Nova Descoberta	""	2022-04-08T00:00:00	Rocagem	2	20	8	320
1366	Noroeste	2022	Abril	2022-04-08T00:00:00	""	Monitoramento	"Rua Olimpio, #""#~"	Nova Descoberta	Nova Descoberta	R2	2022-04-08T00:00:00	Mapeamento de Area de Risco				0
1367	Noroeste	2022	Abril	2022-04-08T00:00:00	""	Monitoramento	"Rua Olimpio, +?""]"	Nova Descoberta	Nova Descoberta	R2	2022-04-08T00:00:00	Mapeamento de Area de Risco				0
1368	Noroeste	2022	Abril	2022-04-08T00:00:00	""	Monitoramento	"Rua Olimpio, ""#*9"	Nova Descoberta	Nova Descoberta	R2	2022-04-08T00:00:00	Mapeamento de Area de Risco				0
1369	Noroeste	2022	Abril	2022-04-08T00:00:00	""	Monitoramento	Rua Olimpio, #_|/	Nova Descoberta	Nova Descoberta	R2	2022-04-08T00:00:00	Mapeamento de Area de Risco				0
1370	Norte	2022	Abril	2022-04-08T00:00:00	""	Monitoramento	Rua Epitacio Pessoa, %$<!	Agua Fria	Corrego do Deodato	R1	2022-04-08T00:00:00	""				0
1371	Norte	2022	Abril	2022-04-08T00:00:00	""	Monitoramento	Travessa Epitacio Pessoa, /@9=	Agua Fria	Corrego do Deodato	R1	2022-04-08T00:00:00	""				0
1372	Norte	2022	Abril	2022-04-08T00:00:00	""	Monitoramento	Travessa Epitacio Pessoa, ~|}[	Agua Fria	Corrego do Deodato	R2	2022-04-08T00:00:00	""				0
1373	Norte	2022	Abril	2022-04-08T00:00:00	""	Monitoramento	Travessa Epitacio Pessoa, #^>	Agua Fria	Corrego do Deodato	R2	2022-04-08T00:00:00	""				0
1374	Norte	2022	Abril	2022-04-08T00:00:00	""	Monitoramento	Rua Altolandia, %$<!	Agua Fria	Corrego do Deodato	R1	2022-04-08T00:00:00	""				0
1375	Norte	2022	Abril	2022-04-08T00:00:00	""	Monitoramento	Rua Altolandia, .<^&	Agua Fria	Corrego do Deodato	R1	2022-04-08T00:00:00	""				0
1376	Norte	2022	Abril	2022-04-08T00:00:00	""	Monitoramento	Rua Altolandia, ^[{	Agua Fria	Corrego do Deodato	R1	2022-04-08T00:00:00	""				0
1377	Norte	2022	Abril	2022-04-08T00:00:00	""	Monitoramento	Rua Altolandia, {})!	Agua Fria	Corrego do Deodato	R1	2022-04-08T00:00:00	""				0
1378	Norte	2022	Abril	2022-04-08T00:00:00	""	Monitoramento	Rua Altolandia, #^>	Agua Fria	Corrego do Deodato	R1	2022-04-08T00:00:00	""				0
1379	Norte	2022	Abril	2022-04-08T00:00:00	""	Monitoramento	Rua Altolandia, ~|}[	Agua Fria	Corrego do Deodato	R1	2022-04-08T00:00:00	""				0
1380	Norte	2022	Abril	2022-04-08T00:00:00	""	Monitoramento	Rua Altolandia, /@9=	Agua Fria	Corrego do Deodato	R1	2022-04-08T00:00:00	""				0
1381	Norte	2022	Abril	2022-04-08T00:00:00	""	Monitoramento	"Rua Altolandia, #""#~"	Agua Fria	Corrego do Deodato	R1	2022-04-08T00:00:00	""				0
1382	Norte	2022	Abril	2022-04-08T00:00:00	""	Monitoramento	"Rua Altolandia, +?""]"	Agua Fria	Corrego do Deodato	R1	2022-04-08T00:00:00	""				0
1383	Norte	2022	Abril	2022-04-08T00:00:00	""	Monitoramento	"Rua Altolandia, ""#*9"	Agua Fria	Corrego do Deodato	R1	2022-04-08T00:00:00	""				0
1384	Norte	2022	Abril	2022-04-08T00:00:00	""	Monitoramento	Rua Altolandia, #_|/	Agua Fria	Corrego do Deodato	R1	2022-04-08T00:00:00	""				0
1385	Norte	2022	Abril	2022-04-08T00:00:00	""	Monitoramento	Rua Altolandia, .[?	Agua Fria	Corrego do Deodato	R1	2022-04-08T00:00:00	""				0
1386	Norte	2022	Abril	2022-04-08T00:00:00	""	Monitoramento	Rua Altolandia, #$[	Agua Fria	Corrego do Deodato	R1	2022-04-08T00:00:00	""				0
1387	Norte	2022	Abril	2022-04-08T00:00:00	""	Monitoramento	Rua Altolandia, `=-[	Agua Fria	Corrego do Deodato	R1	2022-04-08T00:00:00	""				0
1388	Norte	2022	Abril	2022-04-08T00:00:00	""	Monitoramento	Rua Altolandia, ?_$.	Agua Fria	Corrego do Deodato	R1	2022-04-08T00:00:00	""				0
1389	Norte	2022	Abril	2022-04-08T00:00:00	""	Monitoramento	Rua Altolandia, >#'\	Agua Fria	Corrego do Deodato	R1	2022-04-08T00:00:00	""				0
1390	Norte	2022	Abril	2022-04-08T00:00:00	""	Monitoramento	Travessa Epitacio Pessoa, $!>=	Agua Fria	Corrego do Deodato	R2	2022-04-08T00:00:00	""				0
1391	Norte	2022	Abril	2022-04-08T00:00:00	""	Monitoramento	Travessa Epitacio Pessoa, @}>	Agua Fria	Corrego do Deodato	R2	2022-04-08T00:00:00	""				0
1392	Norte	2022	Abril	2022-04-08T00:00:00	""	Monitoramento	Travessa Epitacio Pessoa, 9<-%	Agua Fria	Corrego do Deodato	R3	2022-04-08T00:00:00	""				0
1393	Norte	2022	Abril	2022-04-08T00:00:00	""	Monitoramento	Travessa Epitacio Pessoa, %$<!	Agua Fria	Corrego do Deodato	R2	2022-04-08T00:00:00	""				0
1394	Norte	2022	Abril	2022-04-08T00:00:00	""	Monitoramento	Travessa Epitacio Pessoa, .<^&	Agua Fria	Corrego do Deodato	R2	2022-04-08T00:00:00	""				0
1395	Norte	2022	Abril	2022-04-08T00:00:00	""	Monitoramento	Travessa Epitacio Pessoa, ^[{	Agua Fria	Corrego do Deodato	R2	2022-04-08T00:00:00	""				0
1396	Norte	2022	Abril	2022-04-08T00:00:00	""	Monitoramento	Travessa Epitacio Pessoa, {})!	Agua Fria	Corrego do Deodato	R2	2022-04-08T00:00:00	""				0
1397	Noroeste	2022	Abril	2022-04-08T00:00:00	""	Monitoramento	Rua Olimpio, .[?	Nova Descoberta	Nova Descoberta	R1	2022-04-08T00:00:00	Mapeamento de Area de Risco				0
1398	Noroeste	2022	Abril	2022-04-08T00:00:00	""	Monitoramento	Rua Olimpio, #$[	Nova Descoberta	Nova Descoberta	R2	2022-04-08T00:00:00	Mapeamento de Area de Risco				0
1399	Noroeste	2022	Abril	2022-04-08T00:00:00	""	Monitoramento	Rua Olimpio, `=-[	Nova Descoberta	Nova Descoberta	R2	2022-04-08T00:00:00	Mapeamento de Area de Risco				0
1400	Noroeste	2022	Abril	2022-04-08T00:00:00	""	Monitoramento	Rua Olimpio, ?_$.	Nova Descoberta	Nova Descoberta	R2	2022-04-08T00:00:00	Mapeamento de Area de Risco				0
1401	Noroeste	2022	Abril	2022-04-08T00:00:00	""	Monitoramento	Rua Alto Alegre, #^>	Morro da Conceicao	Morro da Conceicao	R3	2022-04-08T00:00:00	Mapeamento de Area de Risco				0
1402	Noroeste	2022	Abril	2022-04-08T00:00:00	""	Monitoramento	5ª Travessa Monsenhor Teobaldo Rocha, ~|}[	Nova Descoberta	Nova Descoberta	R3	2022-04-08T00:00:00	Mapeamento de Area de Risco				0
1403	Noroeste	2022	Abril	2022-04-08T00:00:00	""	Monitoramento	Rua das Palmeiras, /@9=	Nova Descoberta	Alto Jardim Progresso	R3	2022-04-08T00:00:00	Mapeamento de Area de Risco				0
1404	Noroeste	2022	Abril	2022-04-08T00:00:00	""	Monitoramento	"Rua das Palmeiras, #""#~"	Nova Descoberta	Alto Jardim Progresso	R3	2022-04-08T00:00:00	Mapeamento de Area de Risco				0
1405	Noroeste	2022	Abril	2022-04-08T00:00:00	""	Monitoramento	"Rua Antonio Pinto Lapa, +?""]"	Vasco da Gama 	Alto Nossa Senhora de Fatima	R3	2022-04-08T00:00:00	Mapeamento de Area de Risco				0
1406	Noroeste	2022	Abril	2022-04-08T00:00:00	""	Monitoramento	"Rua Sao Bento, ""#*9"	Macaxeira 	Burity	R3	2022-04-08T00:00:00	Mapeamento de Area de Risco				0
1407	Noroeste	2022	Abril	2022-04-08T00:00:00	""	Monitoramento	Rua Deputada Cristina Tavares, #_|/	Macaxeira 	Macaxeira	R3	2022-04-08T00:00:00	Mapeamento de Area de Risco				0
1408	Noroeste	2022	Abril	2022-04-08T00:00:00	""	Monitoramento	Rua Alto Itauna, .[?	Alto Jose Bonifacio 	Alto Jose Bonifacio	R3	2022-04-08T00:00:00	Mapeamento de Area de Risco				0
1409	Noroeste	2022	Abril	2022-04-08T00:00:00	""	Monitoramento	Rua Alto Doutor Caete, #$[	Nova Descoberta	Alto Dr. Caete	R3	2022-04-08T00:00:00	Mapeamento de Area de Risco				0
1410	Noroeste	2022	Abril	2022-04-08T00:00:00	""	Monitoramento	3ª Travessa Damolandia, `=-[	Nova Descoberta	Alto Dr. Caete	R3	2022-04-08T00:00:00	Mapeamento de Area de Risco				0
1411	Noroeste	2022	Abril	2022-04-08T00:00:00	""	Monitoramento	Avenida Joselia, ?_$.	Nova Descoberta	Corrego da Joselia	R3	2022-04-08T00:00:00	Mapeamento de Area de Risco				0
1412	Noroeste	2022	Abril	2022-04-08T00:00:00	""	Monitoramento	Rua Esplanada, >#'\	Nao Informado	Corrego Jose Grande	R3	2022-04-08T00:00:00	Mapeamento de Area de Risco				0
1413	Noroeste	2022	Abril	2022-04-08T00:00:00	""	Monitoramento	4ª Subida do Comissario, $!>=	Nova Descoberta	Corrego da Joselia	R3	2022-04-08T00:00:00	Mapeamento de Area de Risco				0
1414	Noroeste	2022	Abril	2022-04-08T00:00:00	""	Monitoramento	2ª Subida do Comissario, @}>	Nova Descoberta	Corrego da Joselia	R3	2022-04-08T00:00:00	Mapeamento de Area de Risco				0
1415	Noroeste	2022	Abril	2022-04-08T00:00:00	""	Monitoramento	Rua da Macaiba, 9<-%	Nao Informado	Alto Jose do Pinho	R3	2022-04-08T00:00:00	Mapeamento de Area de Risco				0
1416	Noroeste	2022	Abril	2022-04-08T00:00:00	""	Monitoramento	Rua Uniao da Vitoria, %$<!	Nao Informado	Alto Jose do Pinho	R3	2022-04-08T00:00:00	Mapeamento de Area de Risco				0
1417	Noroeste	2022	Abril	2022-04-08T00:00:00	""	Monitoramento	Rua Hilca Machado, .<^&	Nova Descoberta	Olho D'Agua	R3	2022-04-08T00:00:00	Mapeamento de Area de Risco				0
1418	Noroeste	2022	Abril	2022-04-08T00:00:00	""	Monitoramento	Rua Brejo de Areia, ^[{	Alto Jose Bonifacio 	Alto Jose Bonifacio	R3	2022-04-08T00:00:00	Mapeamento de Area de Risco				0
1419	Noroeste	2022	Abril	2022-04-08T00:00:00	""	Monitoramento	Rua Alto Itauna, {})!	Alto Jose Bonifacio 	Alto Jose Bonifacio	R3	2022-04-08T00:00:00	Mapeamento de Area de Risco				0
1420	Noroeste	2022	Abril	2022-04-08T00:00:00	""	Monitoramento	Rua Eduardo Menezes, #^>	Vasco da Gama 	Alto Resplendor	R3	2022-04-08T00:00:00	Mapeamento de Area de Risco				0
1421	Noroeste	2022	Abril	2022-04-08T00:00:00	""	Monitoramento	Rua Arare, ~|}[	Vasco da Gama 	Alto do Eucalipto	R3	2022-04-08T00:00:00	Mapeamento de Area de Risco				0
1422	Noroeste	2022	Abril	2022-04-08T00:00:00	""	Monitoramento	Rua Antonio Pinto Lapa, /@9=	Vasco da Gama 	Vasco da Gama	R3	2022-04-08T00:00:00	Mapeamento de Area de Risco				0
1423	Noroeste	2022	Abril	2022-04-08T00:00:00	""	Monitoramento	"Rua Estreliana, #""#~"	Nao Informado	Alto Jose do Pinho	R3	2022-04-08T00:00:00	Mapeamento de Area de Risco				0
1424	Noroeste	2022	Abril	2022-04-08T00:00:00	""	Monitoramento	Rua A, {})!	Nova Descoberta	Corrego do Eucalipto	R3	2022-04-08T00:00:00	Mapeamento de Area de Risco				0
1425	Norte	2022	Abril	2022-04-08T00:00:00	""	Monitoramento	Rua Altolandia, 9<-%	Agua Fria	Corrego do Deodato	R1	2022-04-08T00:00:00	""				0
1426	Noroeste	2022	Abril	2022-04-08T00:00:00	""	Monitoramento	Rua A, ^[{	Nova Descoberta	Corrego do Eucalipto	R3	2022-04-08T00:00:00	Mapeamento de Area de Risco				0
1427	Noroeste	2022	Abril	2022-04-08T00:00:00	""	Monitoramento	Rua Carrapeta, %$<!	Nova Descoberta	Nova Descoberta	R1	2022-04-08T00:00:00	Mapeamento de Area de Risco				0
1428	Noroeste	2022	Abril	2022-04-08T00:00:00	""	Monitoramento	Rua Olimpio, >#'\	Nova Descoberta	Nova Descoberta	R3	2022-04-08T00:00:00	Mapeamento de Area de Risco				0
1429	Noroeste	2022	Abril	2022-04-08T00:00:00	""	Monitoramento	Rua Olimpio, $!>=	Nova Descoberta	Nova Descoberta	R3	2022-04-08T00:00:00	Mapeamento de Area de Risco				0
1430	Noroeste	2022	Abril	2022-04-08T00:00:00	""	Monitoramento	Rua Olimpio, @}>	Nova Descoberta	Nova Descoberta	R2	2022-04-08T00:00:00	Mapeamento de Area de Risco				0
1431	Noroeste	2022	Abril	2022-04-08T00:00:00	""	Monitoramento	Rua Irece, 9<-%	Nova Descoberta	Nova Descoberta	R2	2022-04-08T00:00:00	Mapeamento de Area de Risco				0
1432	Noroeste	2022	Abril	2022-04-08T00:00:00	""	Monitoramento	Rua Olimpio, %$<!	Nova Descoberta	Nova Descoberta	R2	2022-04-08T00:00:00	Mapeamento de Area de Risco				0
1433	Noroeste	2022	Abril	2022-04-08T00:00:00	""	Monitoramento	Rua Olimpio, .<^&	Nova Descoberta	Nova Descoberta	R2	2022-04-08T00:00:00	Mapeamento de Area de Risco				0
1434	Noroeste	2022	Abril	2022-04-08T00:00:00	""	Monitoramento	Rua Olimpio, ^[{	Nova Descoberta	Nova Descoberta	R2	2022-04-08T00:00:00	Mapeamento de Area de Risco				0
1435	Noroeste	2022	Abril	2022-04-08T00:00:00	""	Monitoramento	Rua Olimpio, {})!	Nova Descoberta	Nova Descoberta	R2	2022-04-08T00:00:00	Mapeamento de Area de Risco				0
1436	Noroeste	2022	Abril	2022-04-08T00:00:00	""	Monitoramento	Rua Olimpio, #^>	Nova Descoberta	Nova Descoberta	R2	2022-04-08T00:00:00	Mapeamento de Area de Risco				0
1437	Noroeste	2022	Abril	2022-04-08T00:00:00	""	Monitoramento	Rua Olimpio, ~|}[	Nova Descoberta	Nova Descoberta	R2	2022-04-08T00:00:00	Mapeamento de Area de Risco				0
1438	Noroeste	2022	Abril	2022-04-08T00:00:00	""	Monitoramento	Rua Olimpio, /@9=	Nova Descoberta	Nova Descoberta	R2	2022-04-08T00:00:00	Mapeamento de Area de Risco				0
1439	Noroeste	2022	Abril	2022-04-08T00:00:00	""	Monitoramento	"Rua Olimpio, #""#~"	Nova Descoberta	Nova Descoberta	R2	2022-04-08T00:00:00	Mapeamento de Area de Risco				0
1440	Noroeste	2022	Abril	2022-04-08T00:00:00	""	Monitoramento	"Rua Monsenhor Teobaldo Rocha, +?""]"	Nova Descoberta	Nova Descoberta	R2	2022-04-08T00:00:00	Mapeamento de Area de Risco				0
1441	Noroeste	2022	Abril	2022-04-08T00:00:00	""	Monitoramento	"Rua Nova Descoberta, ""#*9"	Nova Descoberta	Nova Descoberta	R2	2022-04-08T00:00:00	Mapeamento de Area de Risco				0
1442	Noroeste	2022	Abril	2022-04-08T00:00:00	""	Monitoramento	2ª Travessa Francisco Passos, #_|/	Nova Descoberta	Nova Descoberta	R2	2022-04-08T00:00:00	Mapeamento de Area de Risco				0
1443	Noroeste	2022	Abril	2022-04-08T00:00:00	""	Monitoramento	1ª Travessa Carraperta, .[?	Nova Descoberta	Nova Descoberta	R1	2022-04-08T00:00:00	Mapeamento de Area de Risco				0
1444	Noroeste	2022	Abril	2022-04-08T00:00:00	""	Monitoramento	1ª Travessa Carraperta, #$[	Nova Descoberta	Nova Descoberta	R1	2022-04-08T00:00:00	Mapeamento de Area de Risco				0
1445	Noroeste	2022	Abril	2022-04-08T00:00:00	""	Monitoramento	1ª Travessa Carraperta, `=-[	Nova Descoberta	Nova Descoberta	R1	2022-04-08T00:00:00	Mapeamento de Area de Risco				0
1446	Noroeste	2022	Abril	2022-04-08T00:00:00	""	Monitoramento	1ª Travessa Carraperta, ?_$.	Nova Descoberta	Nova Descoberta	R1	2022-04-08T00:00:00	Mapeamento de Area de Risco				0
1447	Noroeste	2022	Abril	2022-04-08T00:00:00	""	Monitoramento	1ª Travessa Carraperta, >#'\	Nova Descoberta	Nova Descoberta	R1	2022-04-08T00:00:00	Mapeamento de Area de Risco				0
1448	Noroeste	2022	Abril	2022-04-08T00:00:00	""	Monitoramento	1ª Travessa Carraperta, $!>=	Nova Descoberta	Nova Descoberta	R1	2022-04-08T00:00:00	Mapeamento de Area de Risco				0
1449	Noroeste	2022	Abril	2022-04-08T00:00:00	""	Monitoramento	1ª Travessa Carraperta, @}>	Nova Descoberta	Nova Descoberta	R1	2022-04-08T00:00:00	Mapeamento de Area de Risco				0
1450	Noroeste	2022	Abril	2022-04-08T00:00:00	""	Monitoramento	Rua Carrapeta, 9<-%	Nova Descoberta	Nova Descoberta	R1	2022-04-08T00:00:00	Mapeamento de Area de Risco				0
1451	Noroeste	2022	Abril	2022-04-08T00:00:00	""	Monitoramento	Rua Irani, .<^&	Nova Descoberta	Nova Descoberta	R1	2022-04-08T00:00:00	Mapeamento de Area de Risco				0
1452	Oeste	2022	Abril	2022-04-08T00:00:00	""	Monitoramento	2ª Travessa Jaguaruna, ~|}[	Cohab	Ur 01	R2	2022-04-08T00:00:00	Mapeamento de Area de Risco				0
1453	Norte	2022	Abril	2022-04-08T00:00:00	""	Monitoramento	Rua Altolandia, @}>	Agua Fria	Corrego do Deodato	R1	2022-04-08T00:00:00	""				0
1454	Norte	2022	Abril	2022-04-08T00:00:00	""	Monitoramento	Rua Altolandia, >#'\	Agua Fria	Corrego do Deodato	R2	2022-04-08T00:00:00	""				0
1455	Norte	2022	Abril	2022-04-08T00:00:00	""	""	Rua Altolandia, >#'\	Agua Fria	Corrego do Deodato	""	2022-04-08T00:00:00	Acoes de Porta-Porta				0
1456	Norte	2022	Abril	2022-04-08T00:00:00	""	""	Rua Altolandia, $!>=	Agua Fria	Corrego do Deodato	""	2022-04-08T00:00:00	Acoes de Porta-Porta				0
1457	Norte	2022	Abril	2022-04-08T00:00:00	""	""	Rua Altolandia, @}>	Agua Fria	Corrego do Deodato	""	2022-04-08T00:00:00	Acoes de Porta-Porta				0
1458	Norte	2022	Abril	2022-04-08T00:00:00	""	""	Rua Altolandia, 9<-%	Agua Fria	Corrego do Deodato	""	2022-04-08T00:00:00	Acoes de Porta-Porta				0
1459	Norte	2022	Abril	2022-04-08T00:00:00	""	""	Rua Altolandia, %$<!	Agua Fria	Corrego do Deodato	""	2022-04-08T00:00:00	Acoes de Porta-Porta				0
1460	Norte	2022	Abril	2022-04-08T00:00:00	""	""	Rua Altolandia, .<^&	Agua Fria	Corrego do Deodato	""	2022-04-08T00:00:00	Acoes de Porta-Porta				0
1461	Norte	2022	Abril	2022-04-08T00:00:00	""	""	Rua Altolandia, ^[{	Agua Fria	Corrego do Deodato	""	2022-04-08T00:00:00	Acoes de Porta-Porta				0
1462	Norte	2022	Abril	2022-04-08T00:00:00	""	""	Rua Altolandia, {})!	Agua Fria	Corrego do Deodato	""	2022-04-08T00:00:00	Acoes de Porta-Porta				0
1463	Norte	2022	Abril	2022-04-08T00:00:00	""	""	Rua Altolandia, #^>	Agua Fria	Corrego do Deodato	""	2022-04-08T00:00:00	Acoes de Porta-Porta				0
1464	Norte	2022	Abril	2022-04-08T00:00:00	""	""	Rua Altolandia, ~|}[	Agua Fria	Corrego do Deodato	""	2022-04-08T00:00:00	Acoes de Porta-Porta				0
1465	Norte	2022	Abril	2022-04-08T00:00:00	""	""	Rua Altolandia, ?_$.	Agua Fria	Corrego do Deodato	""	2022-04-08T00:00:00	Acoes de Porta-Porta				0
1466	Norte	2022	Abril	2022-04-08T00:00:00	""	""	Rua Altolandia, /@9=	Agua Fria	Corrego do Deodato	""	2022-04-08T00:00:00	Acoes de Porta-Porta				0
1467	Norte	2022	Abril	2022-04-08T00:00:00	""	""	"Rua Altolandia, +?""]"	Agua Fria	Corrego do Deodato	""	2022-04-08T00:00:00	Acoes de Porta-Porta				0
1468	Norte	2022	Abril	2022-04-08T00:00:00	""	""	"Rua Altolandia, ""#*9"	Agua Fria	Corrego do Deodato	""	2022-04-08T00:00:00	Acoes de Porta-Porta				0
1469	Norte	2022	Abril	2022-04-08T00:00:00	""	""	Rua Altolandia, #_|/	Agua Fria	Corrego do Deodato	""	2022-04-08T00:00:00	Acoes de Porta-Porta				0
1470	Norte	2022	Abril	2022-04-08T00:00:00	""	""	Rua Altolandia, .[?	Agua Fria	Corrego do Deodato	""	2022-04-08T00:00:00	Acoes de Porta-Porta				0
1471	Norte	2022	Abril	2022-04-08T00:00:00	""	""	Rua Altolandia, #$[	Agua Fria	Corrego do Deodato	""	2022-04-08T00:00:00	Acoes de Porta-Porta				0
1472	Norte	2022	Abril	2022-04-08T00:00:00	""	""	Rua Altolandia, `=-[	Agua Fria	Corrego do Deodato	""	2022-04-08T00:00:00	Acoes de Porta-Porta				0
1473	Norte	2022	Abril	2022-04-08T00:00:00	""	""	Rua Altolandia, ?_$.	Agua Fria	Corrego do Deodato	""	2022-04-08T00:00:00	Acoes de Porta-Porta				0
1474	Norte	2022	Abril	2022-04-08T00:00:00	""	""	Rua Altolandia, >#'\	Agua Fria	Corrego do Deodato	""	2022-04-08T00:00:00	Acoes de Porta-Porta				0
1475	Norte	2022	Abril	2022-04-08T00:00:00	""	""	Travessa Epitacio Pessoa, $!>=	Agua Fria	Corrego do Deodato	""	2022-04-08T00:00:00	Acoes de Porta-Porta				0
1476	Norte	2022	Abril	2022-04-08T00:00:00	""	""	Travessa Epitacio Pessoa, @}>	Agua Fria	Corrego do Deodato	""	2022-04-08T00:00:00	Acoes de Porta-Porta				0
1477	Norte	2022	Abril	2022-04-08T00:00:00	""	""	"Rua Altolandia, #""#~"	Agua Fria	Corrego do Deodato	""	2022-04-08T00:00:00	Acoes de Porta-Porta				0
1478	Norte	2022	Abril	2022-04-08T00:00:00	""	""	Rua Altolandia, `=-[	Agua Fria	Corrego do Deodato	""	2022-04-08T00:00:00	Acoes de Porta-Porta				0
1479	Norte	2022	Abril	2022-04-08T00:00:00	""	""	Rua Altolandia, #$[	Agua Fria	Corrego do Deodato	""	2022-04-08T00:00:00	Acoes de Porta-Porta				0
1480	Norte	2022	Abril	2022-04-08T00:00:00	""	""	Rua Altolandia, .[?	Agua Fria	Corrego do Deodato	""	2022-04-08T00:00:00	Acoes de Porta-Porta				0
1481	Oeste	2022	Abril	2022-04-08T00:00:00	""	Monitoramento	"2ª Travessa Jaguaruna, #""#~"	Cohab	Ur 01	R2	2022-04-08T00:00:00	Mapeamento de Area de Risco				0
1482	Oeste	2022	Abril	2022-04-08T00:00:00	""	Monitoramento	"2ª Travessa Jaguaruna, +?""]"	Cohab	Ur 01	R2	2022-04-08T00:00:00	Mapeamento de Area de Risco				0
1483	Oeste	2022	Abril	2022-04-08T00:00:00	""	Monitoramento	"2ª Travessa Jaguaruna, ""#*9"	Cohab	Ur 01	R2	2022-04-08T00:00:00	Mapeamento de Area de Risco				0
1484	Oeste	2022	Abril	2022-04-08T00:00:00	""	Monitoramento	1ª Travessa Jaguaruna, #_|/	Cohab	Ur 01	R3	2022-04-08T00:00:00	Mapeamento de Area de Risco				0
1485	Oeste	2022	Abril	2022-04-08T00:00:00	""	Monitoramento	1ª Travessa Jaguaruna, .[?	Cohab	Ur 01	R3	2022-04-08T00:00:00	Mapeamento de Area de Risco				0
1486	Oeste	2022	Abril	2022-04-08T00:00:00	""	Monitoramento	1ª Travessa Jaguaruna, #$[	Cohab	Ur 01	R3	2022-04-08T00:00:00	Mapeamento de Area de Risco				0
1487	Oeste	2022	Abril	2022-04-08T00:00:00	""	Monitoramento	1ª Travessa Jaguaruna, `=-[	Cohab	Ur 01	R3	2022-04-08T00:00:00	Mapeamento de Area de Risco				0
1488	Oeste	2022	Abril	2022-04-08T00:00:00	""	Monitoramento	1ª Travessa Jaguaruna, ?_$.	Cohab	Ur 01	R3	2022-04-08T00:00:00	Mapeamento de Area de Risco				0
1489	Oeste	2022	Abril	2022-04-08T00:00:00	""	Monitoramento	1ª Travessa Jaguaruna, >#'\	Cohab	Ur 01	R3	2022-04-08T00:00:00	Mapeamento de Area de Risco				0
1490	Oeste	2022	Abril	2022-04-08T00:00:00	""	Monitoramento	1ª Travessa Jaguaruna, $!>=	Cohab	Ur 01	R3	2022-04-08T00:00:00	Mapeamento de Area de Risco				0
1491	Oeste	2022	Abril	2022-04-08T00:00:00	""	Monitoramento	1ª Travessa Jaguaruna, @}>	Cohab	Ur 01	R3	2022-04-08T00:00:00	Mapeamento de Area de Risco				0
1492	Oeste	2022	Abril	2022-04-08T00:00:00	""	Monitoramento	1ª Travessa Jaguaruna, 9<-%	Cohab	Ur 01	R3	2022-04-08T00:00:00	Orientado a Sair do Imovel em Caso de Chuva				0
1493	Oeste	2022	Abril	2022-04-08T00:00:00	""	""	Rua Caucaia, %$<!	Coqueiral	Alto da Bela Vista	""	2022-04-08T00:00:00	Atendimento Social				0
1494	Oeste	2022	Abril	2022-04-08T00:00:00	""	""	Rua Caucaia, .<^&	Coqueiral	Alto da Bela Vista	""	2022-04-08T00:00:00	Atendimento Social				0
1495	Oeste	2022	Abril	2022-04-08T00:00:00	""	""	Rua Belem Novo, ^[{	Coqueiral	Alto da Bela Vista	""	2022-04-08T00:00:00	Atendimento Social				0
1496	Oeste	2022	Abril	2022-04-08T00:00:00	""	Vistoria	Rua Caucaia, {})!	Coqueiral	Alto da Bela Vista	R3	2022-04-08T00:00:00	Analise Visual Estrutural				0
1497	Oeste	2022	Abril	2022-04-08T00:00:00	""	Monitoramento	Rua Caucaia, #^>	Coqueiral	Alto da Bela Vista	R1	2022-04-08T00:00:00	Mapeamento de Area de Risco				0
1498	Oeste	2022	Abril	2022-04-08T00:00:00	""	Vistoria	Rua Belem Novo, ~|}[	Coqueiral	Alto da Bela Vista	R3	2022-04-08T00:00:00	Analise Visual Estrutural				0
1499	Norte	2022	Abril	2022-04-08T00:00:00	""	Vistoria	Rua Arlindo Cisneiros, /@9=	Bomba do Hemeterio	Bomba do Hemeterio	R2	2022-04-08T00:00:00	""				0
1500	Norte	2022	Abril	2022-04-08T00:00:00	""	""	"Rua Beatriz, #""#~"	Agua Fria	Alto do Pascoal	""	2022-04-08T00:00:00	Rocagem				0
1501	Norte	2022	Abril	2022-04-08T00:00:00	""	""	"Rua Lidia Rodrigues Alves, +?""]"	Agua Fria	Alto do Pascoal	""	2022-04-08T00:00:00	Rocagem				0
1502	Norte	2022	Abril	2022-04-08T00:00:00	""	""	"Rua Lidia Rodrigues Alves, ""#*9"	Agua Fria	Alto do Pascoal	""	2022-04-08T00:00:00	Rocagem				0
1503	Norte	2022	Abril	2022-04-08T00:00:00	""	""	Rua Altolandia, #_|/	Agua Fria	Corrego do Deodato	""	2022-04-08T00:00:00	Acoes de Porta-Porta				0
1504	Norte	2022	Abril	2022-04-08T00:00:00	""	""	Travessa Epitacio Pessoa, 9<-%	Agua Fria	Corrego do Deodato	""	2022-04-08T00:00:00	Acoes de Porta-Porta				0
1505	Norte	2022	Abril	2022-04-08T00:00:00	""	""	Travessa Epitacio Pessoa, %$<!	Agua Fria	Corrego do Deodato	""	2022-04-08T00:00:00	Acoes de Porta-Porta				0
1506	Norte	2022	Abril	2022-04-08T00:00:00	""	""	Travessa Epitacio Pessoa, .<^&	Agua Fria	Corrego do Deodato	""	2022-04-08T00:00:00	Acoes de Porta-Porta				0
1507	Norte	2022	Abril	2022-04-08T00:00:00	""	""	Travessa Epitacio Pessoa, ^[{	Agua Fria	Corrego do Deodato	""	2022-04-08T00:00:00	Acoes de Porta-Porta				0
1508	Norte	2022	Abril	2022-04-08T00:00:00	""	Monitoramento	Rua Luziania, .[?	Linha do Tiro	Alto dos Coqueiros	""	2022-04-08T00:00:00	""				0
1509	Norte	2022	Abril	2022-04-08T00:00:00	""	Monitoramento	Rua Bilac, #$[	Bomba do Hemeterio	Corrego Antonio Rodrigues	""	2022-04-08T00:00:00	""				0
1510	Norte	2022	Abril	2022-04-08T00:00:00	""	Monitoramento	Rua Bilac, `=-[	Bomba do Hemeterio	Corrego Antonio Rodrigues	""	2022-04-08T00:00:00	""				0
1511	Norte	2022	Abril	2022-04-08T00:00:00	""	Monitoramento	Rua Venus, ?_$.	Bomba do Hemeterio	Corrego Antonio Rodrigues	""	2022-04-08T00:00:00	""				0
1512	Norte	2022	Abril	2022-04-08T00:00:00	""	Monitoramento	Rua Venus, >#'\	Bomba do Hemeterio	Corrego Antonio Rodrigues	""	2022-04-08T00:00:00	""				0
1513	Norte	2022	Abril	2022-04-08T00:00:00	""	Monitoramento	Rua Alcobaca, $!>=	Agua Fria	Corrego do Deodato	""	2022-04-08T00:00:00	""				0
1514	Norte	2022	Abril	2022-04-08T00:00:00	""	Monitoramento	Rua Alcobaca, @}>	Agua Fria	Corrego do Deodato	""	2022-04-08T00:00:00	""				0
1515	Norte	2022	Abril	2022-04-08T00:00:00	""	Monitoramento	Rua Nossa Senhora de Fatima, 9<-%	Agua Fria	Corrego da Padaria	""	2022-04-08T00:00:00	""				0
1516	Norte	2022	Abril	2022-04-08T00:00:00	""	Vistoria	Rua Santa Agripina, %$<!	Linha do Tiro	Alto dos Coqueiros	R3	2022-04-08T00:00:00	""				0
1517	Norte	2022	Abril	2022-04-08T00:00:00	""	Vistoria	Rua Pita, .<^&	Agua Fria	Alto do Pascoal	R3	2022-04-08T00:00:00	""				0
1518	Norte	2022	Abril	2022-04-08T00:00:00	""	Vistoria	Rua Monsenhor Viana, ^[{	Dois Unidos	Chagas Ferreira	R3	2022-04-08T00:00:00	""				0
1519	Norte	2022	Abril	2022-04-08T00:00:00	""	Vistoria	Rua Aurea, {})!	Linha do Tiro	Corrego do Tiro	R2	2022-04-08T00:00:00	""				0
1520	Norte	2022	Abril	2022-04-08T00:00:00	""	Vistoria	Travessa Alto do Brasil, #^>	Linha do Tiro	Corrego do Tiro	R2	2022-04-08T00:00:00	""				0
1521	Norte	2022	Abril	2022-04-08T00:00:00	""	Vistoria	Rua Aurea, ~|}[	Linha do Tiro	Corrego do Tiro	R2	2022-04-08T00:00:00	""				0
1522	Norte	2022	Abril	2022-04-08T00:00:00	""	Vistoria	Rua da Liberdade, /@9=	Dois Unidos	Corrego Tancredo Neves	R3	2022-04-08T00:00:00	""				0
1523	Norte	2022	Abril	2022-04-08T00:00:00	""	Vistoria	"Rua Aragoiana, #""#~"	Dois Unidos	Alto do Maracana	R3	2022-04-08T00:00:00	""				0
1524	Norte	2022	Abril	2022-04-08T00:00:00	""	Vistoria	"Rua Maria Estevao, +?""]"	Dois Unidos	Corrego da Camila	R3	2022-04-08T00:00:00	""				0
1525	Norte	2022	Abril	2022-04-08T00:00:00	""	Vistoria	"Rua Saldanha, ""#*9"	Dois Unidos	Corrego da Camila	R3	2022-04-08T00:00:00	""				0
1526	Norte	2022	Abril	2022-04-08T00:00:00	""	Monitoramento	Rua Altolandia, #_|/	Agua Fria	Corrego do Deodato	R1	2022-04-08T00:00:00	""				0
1527	Norte	2022	Abril	2022-04-08T00:00:00	""	Monitoramento	Rua Altolandia, .[?	Agua Fria	Corrego do Deodato	R2	2022-04-08T00:00:00	""				0
1528	Norte	2022	Abril	2022-04-08T00:00:00	""	Monitoramento	Rua Altolandia, #$[	Agua Fria	Corrego do Deodato	R2	2022-04-08T00:00:00	""				0
1529	Norte	2022	Abril	2022-04-08T00:00:00	""	Monitoramento	Rua Altolandia, `=-[	Agua Fria	Corrego do Deodato	R2	2022-04-08T00:00:00	""				0
1530	Norte	2022	Abril	2022-04-08T00:00:00	""	Monitoramento	Rua Altolandia, ?_$.	Agua Fria	Corrego do Deodato	R2	2022-04-08T00:00:00	""				0
1531	Norte	2022	Abril	2022-04-08T00:00:00	""	Monitoramento	Rua Luziania, #_|/	Linha do Tiro	Alto dos Coqueiros	""	2022-04-08T00:00:00	""				0
1532	Norte	2022	Abril	2022-04-08T00:00:00	""	Monitoramento	Rua Altolandia, $!>=	Agua Fria	Corrego do Deodato	R2	2022-04-08T00:00:00	""				0
1533	Norte	2022	Abril	2022-04-08T00:00:00	""	Monitoramento	"Rua Luziania, ""#*9"	Linha do Tiro	Alto dos Coqueiros	""	2022-04-08T00:00:00	""				0
1534	Norte	2022	Abril	2022-04-08T00:00:00	""	Monitoramento	"Rua Prof. Jose Amarino dos Reis, #""#~"	Linha do Tiro	Corrego do Tiro	""	2022-04-08T00:00:00	""				0
1535	Norte	2022	Abril	2022-04-08T00:00:00	""	""	Travessa Epitacio Pessoa, {})!	Agua Fria	Corrego do Deodato	""	2022-04-08T00:00:00	Acoes de Porta-Porta				0
1536	Norte	2022	Abril	2022-04-08T00:00:00	""	""	Travessa Epitacio Pessoa, #^>	Agua Fria	Corrego do Deodato	""	2022-04-08T00:00:00	Acoes de Porta-Porta				0
1537	Norte	2022	Abril	2022-04-08T00:00:00	""	""	Travessa Epitacio Pessoa, ~|}[	Agua Fria	Corrego do Deodato	""	2022-04-08T00:00:00	Acoes de Porta-Porta				0
1538	Norte	2022	Abril	2022-04-08T00:00:00	""	""	Travessa Epitacio Pessoa, /@9=	Agua Fria	Corrego do Deodato	""	2022-04-08T00:00:00	Acoes de Porta-Porta				0
1539	Norte	2022	Abril	2022-04-08T00:00:00	""	""	"Travessa Epitacio Pessoa, #""#~"	Agua Fria	Corrego do Deodato	""	2022-04-08T00:00:00	Acoes de Porta-Porta				0
1540	Norte	2022	Abril	2022-04-08T00:00:00	""	""	"Travessa Epitacio Pessoa, +?""]"	Agua Fria	Corrego do Deodato	""	2022-04-08T00:00:00	Acoes de Porta-Porta				0
1541	Norte	2022	Abril	2022-04-08T00:00:00	""	""	"Travessa Epitacio Pessoa, ""#*9"	Agua Fria	Corrego do Deodato	""	2022-04-08T00:00:00	Acoes de Porta-Porta				0
1542	Norte	2022	Abril	2022-04-08T00:00:00	""	""	Travessa Epitacio Pessoa, #_|/	Agua Fria	Corrego do Deodato	""	2022-04-08T00:00:00	Acoes de Porta-Porta				0
1543	Norte	2022	Abril	2022-04-08T00:00:00	""	""	Travessa Epitacio Pessoa, .[?	Agua Fria	Corrego do Deodato	""	2022-04-08T00:00:00	Acoes de Porta-Porta				0
1544	Norte	2022	Abril	2022-04-08T00:00:00	""	""	Travessa Epitacio Pessoa, #$[	Agua Fria	Corrego do Deodato	""	2022-04-08T00:00:00	Acoes de Porta-Porta				0
1545	Norte	2022	Abril	2022-04-08T00:00:00	""	""	Travessa Epitacio Pessoa, `=-[	Agua Fria	Corrego do Deodato	""	2022-04-08T00:00:00	Acoes de Porta-Porta				0
1546	Norte	2022	Abril	2022-04-08T00:00:00	""	""	Rua Epitacio Pessoa, ?_$.	Agua Fria	Corrego do Deodato	""	2022-04-08T00:00:00	Acoes de Porta-Porta				0
1547	Norte	2022	Abril	2022-04-08T00:00:00	""	""	Rua Epitacio Pessoa, >#'\	Agua Fria	Corrego do Deodato	""	2022-04-08T00:00:00	Acoes de Porta-Porta				0
1548	Norte	2022	Abril	2022-04-08T00:00:00	""	""	Rua Epitacio Pessoa, $!>=	Agua Fria	Corrego do Deodato	""	2022-04-08T00:00:00	Acoes de Porta-Porta				0
1549	Norte	2022	Abril	2022-04-08T00:00:00	""	""	Rua Epitacio Pessoa, @}>	Agua Fria	Corrego do Deodato	""	2022-04-08T00:00:00	Acoes de Porta-Porta				0
1550	Norte	2022	Abril	2022-04-08T00:00:00	""	""	Rua Epitacio Pessoa, 9<-%	Agua Fria	Corrego do Deodato	""	2022-04-08T00:00:00	Acoes de Porta-Porta				0
1551	Norte	2022	Abril	2022-04-08T00:00:00	""	""	Rua Epitacio Pessoa, %$<!	Agua Fria	Corrego do Deodato	""	2022-04-08T00:00:00	Acoes de Porta-Porta				0
1552	Norte	2022	Abril	2022-04-08T00:00:00	""	""	Rua Epitacio Pessoa, .<^&	Agua Fria	Corrego do Deodato	""	2022-04-08T00:00:00	Acoes de Porta-Porta				0
1553	Norte	2022	Abril	2022-04-08T00:00:00	""	""	Rua Epitacio Pessoa, ^[{	Agua Fria	Corrego do Deodato	""	2022-04-08T00:00:00	Acoes de Porta-Porta				0
1554	Norte	2022	Abril	2022-04-08T00:00:00	""	Monitoramento	2ª Travessa Tupiracaba, {})!	Dois Unidos	Alto do Capitao	""	2022-04-08T00:00:00	""				0
1555	Norte	2022	Abril	2022-04-08T00:00:00	""	Monitoramento	Rua Maria dos Prezeres Serafim, #^>	Dois Unidos	Alto do Capitao	""	2022-04-08T00:00:00	""				0
1556	Norte	2022	Abril	2022-04-08T00:00:00	""	Monitoramento	Rua Corrego Joao Carvoeiro, ~|}[	Agua Fria	Corrego Joao Carvoeiro	""	2022-04-08T00:00:00	""				0
1557	Norte	2022	Abril	2022-04-08T00:00:00	""	Monitoramento	Rua Tenente Jose Antonio, /@9=	Linha do Tiro	Corrego do Tiro	""	2022-04-08T00:00:00	""				0
1558	Norte	2022	Abril	2022-04-08T00:00:00	""	Monitoramento	"Rua Luziania, +?""]"	Linha do Tiro	Alto dos Coqueiros	""	2022-04-08T00:00:00	""				0
1559	Oeste	2022	Abril	2022-04-09T00:00:00	""	""	"Travessa Eng. Titara, #""#~"	Cohab	Ur 03	""	2022-04-09T00:00:00	Acoes de Porta-Porta				0
1560	Sul	2022	Abril	2022-04-08T00:00:00	""	Colocação de Lonas Plásticas	Rua do Sitio, @}>	Cohab	Ur 10	""	2022-04-08T00:00:00	Mapeamento de Area de Risco	2	15	8	240
1561	Sul	2022	Abril	2022-04-08T00:00:00	""	Colocação de Lonas Plásticas	Rua Petrolandia, >#'\	Jordao	Jordao Alto	""	2022-04-08T00:00:00	Mapeamento de Area de Risco	2	15	8	240
1562	Norte	2022	Abril	2022-04-09T00:00:00	""	Monitoramento	Rua Vertentes do Lerio, #_|/	Dois Unidos	Alto do Rosario	R3	2022-04-09T00:00:00	""				0
1563	Norte	2022	Abril	2022-04-09T00:00:00	""	Monitoramento	Rua Vertentes do Lerio, .[?	Dois Unidos	Alto do Rosario	R3	2022-04-09T00:00:00	""				0
1564	Norte	2022	Abril	2022-04-09T00:00:00	""	Monitoramento	Rua Vertentes do Lerio, #$[	Dois Unidos	Alto do Rosario	R3	2022-04-09T00:00:00	""				0
1565	Norte	2022	Abril	2022-04-09T00:00:00	""	Monitoramento	Rua Vertentes do Lerio, `=-[	Dois Unidos	Alto do Rosario	R3	2022-04-09T00:00:00	""				0
1566	Norte	2022	Abril	2022-04-09T00:00:00	""	Monitoramento	Rua Vertentes do Lerio, ?_$.	Dois Unidos	Alto do Rosario	R3	2022-04-09T00:00:00	""				0
1567	Norte	2022	Abril	2022-04-09T00:00:00	""	Monitoramento	Rua Vertentes do Lerio, >#'\	Dois Unidos	Alto do Rosario	R3	2022-04-09T00:00:00	""				0
1568	Norte	2022	Abril	2022-04-09T00:00:00	""	Monitoramento	Rua Vertentes do Lerio, $!>=	Dois Unidos	Alto do Rosario	R3	2022-04-09T00:00:00	""				0
1569	Norte	2022	Abril	2022-04-09T00:00:00	""	Monitoramento	Rua Vertentes do Lerio, @}>	Dois Unidos	Alto do Rosario	R3	2022-04-09T00:00:00	""				0
1570	Norte	2022	Abril	2022-04-09T00:00:00	""	Monitoramento	Rua Vertentes do Lerio, 9<-%	Dois Unidos	Alto do Rosario	R3	2022-04-09T00:00:00	""				0
1571	Norte	2022	Abril	2022-04-09T00:00:00	""	Monitoramento	Rua Vertentes do Lerio, %$<!	Dois Unidos	Alto do Rosario	R3	2022-04-09T00:00:00	""				0
1572	Norte	2022	Abril	2022-04-09T00:00:00	""	Monitoramento	"Rua Vertentes do Lerio, ""#*9"	Dois Unidos	Alto do Rosario	R3	2022-04-09T00:00:00	""				0
1573	Norte	2022	Abril	2022-04-09T00:00:00	""	Monitoramento	Rua Vertentes do Lerio, .<^&	Dois Unidos	Alto do Rosario	R3	2022-04-09T00:00:00	""				0
1574	Norte	2022	Abril	2022-04-09T00:00:00	""	Monitoramento	Rua Vertentes do Lerio, {})!	Dois Unidos	Alto do Rosario	R3	2022-04-09T00:00:00	""				0
1575	Norte	2022	Abril	2022-04-09T00:00:00	""	Monitoramento	Rua Vertentes do Lerio, #^>	Dois Unidos	Alto do Rosario	R3	2022-04-09T00:00:00	""				0
1576	Norte	2022	Abril	2022-04-09T00:00:00	""	Monitoramento	Rua Vertentes do Lerio, ~|}[	Dois Unidos	Alto do Rosario	R3	2022-04-09T00:00:00	""				0
1577	Norte	2022	Abril	2022-04-09T00:00:00	""	Monitoramento	Rua Vertentes do Lerio, /@9=	Dois Unidos	Alto do Rosario	R3	2022-04-09T00:00:00	""				0
1578	Norte	2022	Abril	2022-04-09T00:00:00	""	Monitoramento	"Rua Vertentes do Lerio, #""#~"	Dois Unidos	Alto do Rosario	R3	2022-04-09T00:00:00	""				0
1579	Norte	2022	Abril	2022-04-09T00:00:00	""	Monitoramento	"Rua Vertentes do Lerio, +?""]"	Dois Unidos	Alto do Rosario	R3	2022-04-09T00:00:00	""				0
1580	Norte	2022	Abril	2022-04-09T00:00:00	""	Monitoramento	"Rua Vertentes do Lerio, ""#*9"	Dois Unidos	Alto do Rosario	R2	2022-04-09T00:00:00	""				0
1581	Norte	2022	Abril	2022-04-09T00:00:00	""	Monitoramento	Rua Vertentes do Lerio, #_|/	Dois Unidos	Alto do Rosario	R3	2022-04-09T00:00:00	""				0
1582	Norte	2022	Abril	2022-04-09T00:00:00	""	Monitoramento	Rua Vertentes do Lerio, .[?	Dois Unidos	Alto do Rosario	R3	2022-04-09T00:00:00	""				0
1583	Norte	2022	Abril	2022-04-09T00:00:00	""	Monitoramento	Rua Vertentes do Lerio, #$[	Dois Unidos	Alto do Rosario	R3	2022-04-09T00:00:00	""				0
1584	Norte	2022	Abril	2022-04-09T00:00:00	""	Monitoramento	Rua Vertentes do Lerio, ^[{	Dois Unidos	Alto do Rosario	R3	2022-04-09T00:00:00	""				0
1585	Norte	2022	Abril	2022-04-09T00:00:00	""	Monitoramento	"Rua Vertentes do Lerio, +?""]"	Dois Unidos	Alto do Rosario	R1	2022-04-09T00:00:00	""				0
1586	Norte	2022	Abril	2022-04-09T00:00:00	""	Monitoramento	"Rua Vertentes do Lerio, #""#~"	Dois Unidos	Alto do Rosario	R3	2022-04-09T00:00:00	""				0
1587	Norte	2022	Abril	2022-04-09T00:00:00	""	Monitoramento	Rua Vertentes do Lerio, /@9=	Dois Unidos	Alto do Rosario	R3	2022-04-09T00:00:00	""				0
1588	Norte	2022	Abril	2022-04-09T00:00:00	""	""	Rua Vertentes do Lerio, ^[{	Dois Unidos	Alto do Rosario	""	2022-04-09T00:00:00	Acoes de Porta-Porta				0
1589	Norte	2022	Abril	2022-04-09T00:00:00	""	""	Rua Vertentes do Lerio, {})!	Dois Unidos	Alto do Rosario	""	2022-04-09T00:00:00	Acoes de Porta-Porta				0
1590	Norte	2022	Abril	2022-04-09T00:00:00	""	""	Rua Vertentes do Lerio, #^>	Dois Unidos	Alto do Rosario	""	2022-04-09T00:00:00	Acoes de Porta-Porta				0
1591	Norte	2022	Abril	2022-04-09T00:00:00	""	""	Rua Vertentes do Lerio, ~|}[	Dois Unidos	Alto do Rosario	""	2022-04-09T00:00:00	Acoes de Porta-Porta				0
1592	Norte	2022	Abril	2022-04-09T00:00:00	""	""	Rua Vertentes do Lerio, /@9=	Dois Unidos	Alto do Rosario	""	2022-04-09T00:00:00	Acoes de Porta-Porta				0
1593	Norte	2022	Abril	2022-04-09T00:00:00	""	""	"Rua Vertentes do Lerio, #""#~"	Dois Unidos	Alto do Rosario	""	2022-04-09T00:00:00	Acoes de Porta-Porta				0
1594	Norte	2022	Abril	2022-04-09T00:00:00	""	""	"Rua Vertentes do Lerio, +?""]"	Dois Unidos	Alto do Rosario	""	2022-04-09T00:00:00	Acoes de Porta-Porta				0
1595	Norte	2022	Abril	2022-04-09T00:00:00	""	""	"Rua Vertentes do Lerio, ""#*9"	Dois Unidos	Alto do Rosario	""	2022-04-09T00:00:00	Acoes de Porta-Porta				0
1596	Norte	2022	Abril	2022-04-09T00:00:00	""	""	Rua Vertentes do Lerio, #_|/	Dois Unidos	Alto do Rosario	""	2022-04-09T00:00:00	Acoes de Porta-Porta				0
1597	Norte	2022	Abril	2022-04-09T00:00:00	""	""	Rua Vertentes do Lerio, .[?	Dois Unidos	Alto do Rosario	""	2022-04-09T00:00:00	Acoes de Porta-Porta				0
1598	Norte	2022	Abril	2022-04-09T00:00:00	""	""	Rua Vertentes do Lerio, #$[	Dois Unidos	Alto do Rosario	""	2022-04-09T00:00:00	Acoes de Porta-Porta				0
1599	Norte	2022	Abril	2022-04-09T00:00:00	""	""	Rua Vertentes do Lerio, `=-[	Dois Unidos	Alto do Rosario	""	2022-04-09T00:00:00	Acoes de Porta-Porta				0
1600	Norte	2022	Abril	2022-04-09T00:00:00	""	Monitoramento	Rua Vertentes do Lerio, ?_$.	Dois Unidos	Alto do Rosario	R3	2022-04-09T00:00:00	""				0
1601	Norte	2022	Abril	2022-04-09T00:00:00	""	Monitoramento	Rua Vertentes do Lerio, >#'\	Dois Unidos	Alto do Rosario	R3	2022-04-09T00:00:00	""				0
1602	Norte	2022	Abril	2022-04-09T00:00:00	""	Monitoramento	Rua Vertentes do Lerio, $!>=	Dois Unidos	Alto do Rosario	R3	2022-04-09T00:00:00	""				0
1603	Norte	2022	Abril	2022-04-09T00:00:00	""	Monitoramento	Rua Vertentes do Lerio, @}>	Dois Unidos	Alto do Rosario	R3	2022-04-09T00:00:00	""				0
1604	Norte	2022	Abril	2022-04-09T00:00:00	""	Monitoramento	Rua Vertentes do Lerio, 9<-%	Dois Unidos	Alto do Rosario	R3	2022-04-09T00:00:00	""				0
1605	Norte	2022	Abril	2022-04-09T00:00:00	""	Monitoramento	Rua Vertentes do Lerio, %$<!	Dois Unidos	Alto do Rosario	R3	2022-04-09T00:00:00	""				0
1606	Norte	2022	Abril	2022-04-09T00:00:00	""	Monitoramento	Rua Vertentes do Lerio, .<^&	Dois Unidos	Alto do Rosario	R3	2022-04-09T00:00:00	""				0
1607	Norte	2022	Abril	2022-04-09T00:00:00	""	Monitoramento	Rua Vertentes do Lerio, ^[{	Dois Unidos	Alto do Rosario	R3	2022-04-09T00:00:00	""				0
1608	Norte	2022	Abril	2022-04-09T00:00:00	""	Monitoramento	Rua Vertentes do Lerio, {})!	Dois Unidos	Alto do Rosario	R3	2022-04-09T00:00:00	""				0
1609	Norte	2022	Abril	2022-04-09T00:00:00	""	Monitoramento	Rua Vertentes do Lerio, #^>	Dois Unidos	Alto do Rosario	R3	2022-04-09T00:00:00	""				0
1610	Norte	2022	Abril	2022-04-09T00:00:00	""	Monitoramento	Rua Vertentes do Lerio, ~|}[	Dois Unidos	Alto do Rosario	R3	2022-04-09T00:00:00	""				0
1611	Norte	2022	Abril	2022-04-09T00:00:00	""	Monitoramento	Rua Vertentes do Lerio, `=-[	Dois Unidos	Alto do Rosario	R3	2022-04-09T00:00:00	""				0
1612	Norte	2022	Abril	2022-04-09T00:00:00	""	Monitoramento	Rua Vertentes do Lerio, ?_$.	Dois Unidos	Alto do Rosario	R3	2022-04-09T00:00:00	""				0
1613	Norte	2022	Abril	2022-04-09T00:00:00	""	Monitoramento	Rua Vertentes do Lerio, >#'\	Dois Unidos	Alto do Rosario	R3	2022-04-09T00:00:00	""				0
1614	Norte	2022	Abril	2022-04-09T00:00:00	""	Monitoramento	Rua Vertentes do Lerio, $!>=	Dois Unidos	Alto do Rosario	R3	2022-04-09T00:00:00	""				0
1615	Noroeste	2022	Abril	2022-04-09T00:00:00	""	Monitoramento	Rua Rita Antonio Felix, /@9=	Nova Descoberta	Alto Antonio Felix	R1	2022-04-09T00:00:00	Mapeamento de Area de Risco				0
1616	Noroeste	2022	Abril	2022-04-09T00:00:00	""	Monitoramento	"Rua Macatuba, #""#~"	Nova Descoberta	Alto Antonio Felix	R1	2022-04-09T00:00:00	Mapeamento de Area de Risco				0
1617	Noroeste	2022	Abril	2022-04-09T00:00:00	""	Monitoramento	"Rua Macatuba, +?""]"	Nova Descoberta	Alto Antonio Felix	R1	2022-04-09T00:00:00	Mapeamento de Area de Risco				0
1618	Noroeste	2022	Abril	2022-04-09T00:00:00	""	Monitoramento	"Rua Rita Antonio Felix, ""#*9"	Nova Descoberta	Alto Antonio Felix	R2	2022-04-09T00:00:00	Mapeamento de Area de Risco				0
1619	Noroeste	2022	Abril	2022-04-09T00:00:00	""	Monitoramento	Rua Macatuba, #_|/	Nova Descoberta	Alto Antonio Felix	R1	2022-04-09T00:00:00	Mapeamento de Area de Risco				0
1620	Noroeste	2022	Abril	2022-04-09T00:00:00	""	Monitoramento	Rua Rita Antonio Felix, .[?	Nova Descoberta	Alto Antonio Felix	R2	2022-04-09T00:00:00	Mapeamento de Area de Risco				0
1621	Noroeste	2022	Abril	2022-04-09T00:00:00	""	Monitoramento	Rua Rita Antonio Felix, #$[	Nova Descoberta	Alto Antonio Felix	R2	2022-04-09T00:00:00	Mapeamento de Area de Risco				0
1622	Noroeste	2022	Abril	2022-04-09T00:00:00	""	Monitoramento	Rua Rita Antonio Felix, `=-[	Nova Descoberta	Alto Antonio Felix	R2	2022-04-09T00:00:00	Mapeamento de Area de Risco				0
1623	Noroeste	2022	Abril	2022-04-09T00:00:00	""	Monitoramento	Rua Rita Antonio Felix, ?_$.	Nova Descoberta	Alto Antonio Felix	R1	2022-04-09T00:00:00	Mapeamento de Area de Risco				0
1624	Noroeste	2022	Abril	2022-04-09T00:00:00	""	Monitoramento	Rua Rita Antonio Felix, >#'\	Nova Descoberta	Alto Antonio Felix	R2	2022-04-09T00:00:00	Mapeamento de Area de Risco				0
1625	Noroeste	2022	Abril	2022-04-09T00:00:00	""	Monitoramento	Rua Rita Antonio Felix, $!>=	Nova Descoberta	Alto Antonio Felix	R2	2022-04-09T00:00:00	Mapeamento de Area de Risco				0
1626	Noroeste	2022	Abril	2022-04-09T00:00:00	""	Monitoramento	Rua Rita Antonio Felix, @}>	Nova Descoberta	Alto Antonio Felix	R1	2022-04-09T00:00:00	Mapeamento de Area de Risco				0
1627	Noroeste	2022	Abril	2022-04-09T00:00:00	""	Monitoramento	Rua Macaubal, 9<-%	Nova Descoberta	Alto Antonio Felix	R1	2022-04-09T00:00:00	Mapeamento de Area de Risco				0
1628	Noroeste	2022	Abril	2022-04-09T00:00:00	""	Monitoramento	Rua Macaubal, %$<!	Nova Descoberta	Alto Antonio Felix	R1	2022-04-09T00:00:00	Mapeamento de Area de Risco				0
1629	Noroeste	2022	Abril	2022-04-09T00:00:00	""	Monitoramento	Rua Macaubal, .<^&	Nova Descoberta	Alto Antonio Felix	R2	2022-04-09T00:00:00	Mapeamento de Area de Risco				0
1630	Noroeste	2022	Abril	2022-04-09T00:00:00	""	Monitoramento	Rua Macaubal, ^[{	Nova Descoberta	Alto Antonio Felix	R1	2022-04-09T00:00:00	Mapeamento de Area de Risco				0
1631	Noroeste	2022	Abril	2022-04-09T00:00:00	""	Monitoramento	Rua Macaubal, {})!	Nova Descoberta	Alto Antonio Felix	R2	2022-04-09T00:00:00	Mapeamento de Area de Risco				0
1632	Noroeste	2022	Abril	2022-04-09T00:00:00	""	Monitoramento	Rua Macaubal, #^>	Nova Descoberta	Alto Antonio Felix	R2	2022-04-09T00:00:00	Mapeamento de Area de Risco				0
1633	Noroeste	2022	Abril	2022-04-09T00:00:00	""	Monitoramento	Rua Enedina, ~|}[	Nova Descoberta	Alto Antonio Felix	R2	2022-04-09T00:00:00	Mapeamento de Area de Risco				0
1634	Noroeste	2022	Abril	2022-04-09T00:00:00	""	Monitoramento	Rua Enedina, /@9=	Nova Descoberta	Alto Antonio Felix	R2	2022-04-09T00:00:00	Mapeamento de Area de Risco				0
1635	Noroeste	2022	Abril	2022-04-09T00:00:00	""	Monitoramento	"Rua Luiza, #""#~"	Nova Descoberta	Alto Antonio Felix	R1	2022-04-09T00:00:00	Mapeamento de Area de Risco				0
1636	Noroeste	2022	Abril	2022-04-09T00:00:00	""	Monitoramento	"Rua Rita Antonio Felix, +?""]"	Nova Descoberta	Alto Antonio Felix	R1	2022-04-09T00:00:00	Mapeamento de Area de Risco				0
1637	Noroeste	2022	Abril	2022-04-09T00:00:00	""	Monitoramento	"Rua Rita Antonio Felix, ""#*9"	Nova Descoberta	Alto Antonio Felix	R1	2022-04-09T00:00:00	Mapeamento de Area de Risco				0
1638	Noroeste	2022	Abril	2022-04-09T00:00:00	""	Monitoramento	Subida dos Tres Postes, ~|}[	Nova Descoberta	Alto Antonio Felix	R2	2022-04-09T00:00:00	Mapeamento de Area de Risco				0
1639	Norte	2022	Abril	2022-04-09T00:00:00	""	""	Rua Vertentes do Lerio, .<^&	Dois Unidos	Alto do Rosario	""	2022-04-09T00:00:00	Acoes de Porta-Porta				0
1640	Noroeste	2022	Abril	2022-04-09T00:00:00	""	Monitoramento	Rua Enedina, #^>	Nova Descoberta	Alto Antonio Felix	R2	2022-04-09T00:00:00	Mapeamento de Area de Risco				0
1641	Noroeste	2022	Abril	2022-04-09T00:00:00	""	Monitoramento	Rua Enedina, ^[{	Nova Descoberta	Alto Antonio Felix	R2	2022-04-09T00:00:00	Mapeamento de Area de Risco				0
1642	Norte	2022	Abril	2022-04-09T00:00:00	""	Monitoramento	Rua Vertentes do Lerio, @}>	Dois Unidos	Alto do Rosario	R3	2022-04-09T00:00:00	""				0
1643	Norte	2022	Abril	2022-04-09T00:00:00	""	Monitoramento	Rua Vertentes do Lerio, 9<-%	Dois Unidos	Alto do Rosario	R3	2022-04-09T00:00:00	""				0
1644	Norte	2022	Abril	2022-04-09T00:00:00	""	Monitoramento	Rua Vertentes do Lerio, %$<!	Dois Unidos	Alto do Rosario	R3	2022-04-09T00:00:00	""				0
1645	Norte	2022	Abril	2022-04-09T00:00:00	""	Monitoramento	Rua Vertentes do Lerio, .<^&	Dois Unidos	Alto do Rosario	R2	2022-04-09T00:00:00	""				0
1646	Norte	2022	Abril	2022-04-09T00:00:00	""	Monitoramento	Rua Vertentes do Lerio, ^[{	Dois Unidos	Alto do Rosario	R3	2022-04-09T00:00:00	""				0
1647	Norte	2022	Abril	2022-04-09T00:00:00	""	Monitoramento	Rua Vertentes do Lerio, {})!	Dois Unidos	Alto do Rosario	R3	2022-04-09T00:00:00	""				0
1648	Norte	2022	Abril	2022-04-09T00:00:00	""	Monitoramento	Rua Vertentes do Lerio, #^>	Dois Unidos	Alto do Rosario	R3	2022-04-09T00:00:00	""				0
1649	Norte	2022	Abril	2022-04-09T00:00:00	""	Monitoramento	Rua Vertentes do Lerio, ~|}[	Dois Unidos	Alto do Rosario	R3	2022-04-09T00:00:00	""				0
1650	Norte	2022	Abril	2022-04-09T00:00:00	""	Monitoramento	Rua Vertentes do Lerio, /@9=	Dois Unidos	Alto do Rosario	R3	2022-04-09T00:00:00	""				0
1651	Norte	2022	Abril	2022-04-09T00:00:00	""	Monitoramento	"Rua Vertentes do Lerio, #""#~"	Dois Unidos	Alto do Rosario	R3	2022-04-09T00:00:00	""				0
1652	Norte	2022	Abril	2022-04-09T00:00:00	Muro com Danos	Vistoria	"Rua Maria Brigida, +?""]"	Agua Fria	Alto do Pereirinha	R3	2022-04-09T00:00:00	""				0
1653	Norte	2022	Abril	2022-04-09T00:00:00	""	Vistoria	"Rua Major Davino, ""#*9"	Agua Fria	Corrego Sao Sebastiao	R3	2022-04-09T00:00:00	Orientado a Sair do Imovel em Caso de Chuva				0
1654	Noroeste	2022	Abril	2022-04-09T00:00:00	""	Monitoramento	Rua Rita Antonio Felix, #_|/	Nova Descoberta	Alto Antonio Felix	R2	2022-04-09T00:00:00	Mapeamento de Area de Risco				0
1655	Noroeste	2022	Abril	2022-04-09T00:00:00	""	Monitoramento	Rua Rita Antonio Felix, .[?	Nova Descoberta	Alto Antonio Felix	R1	2022-04-09T00:00:00	Mapeamento de Area de Risco				0
1656	Noroeste	2022	Abril	2022-04-09T00:00:00	""	Monitoramento	Rua Elisio Cabral, #$[	Nova Descoberta	Alto Antonio Felix	R2	2022-04-09T00:00:00	Mapeamento de Area de Risco				0
1657	Noroeste	2022	Abril	2022-04-09T00:00:00	""	Monitoramento	Rua Macaubau, `=-[	Nova Descoberta	Alto Antonio Felix	R1	2022-04-09T00:00:00	Mapeamento de Area de Risco				0
1658	Noroeste	2022	Abril	2022-04-09T00:00:00	""	Monitoramento	Rua Macaubau, ?_$.	Nova Descoberta	Alto Antonio Felix	R2	2022-04-09T00:00:00	Mapeamento de Area de Risco				0
1659	Noroeste	2022	Abril	2022-04-09T00:00:00	""	Monitoramento	Rua Macaubau, >#'\	Nova Descoberta	Alto Antonio Felix	R2	2022-04-09T00:00:00	Mapeamento de Area de Risco				0
1660	Noroeste	2022	Abril	2022-04-09T00:00:00	""	Monitoramento	Rua Macaubau, $!>=	Nova Descoberta	Alto Antonio Felix	R1	2022-04-09T00:00:00	Mapeamento de Area de Risco				0
1661	Noroeste	2022	Abril	2022-04-09T00:00:00	""	Monitoramento	Rua Macaubau, @}>	Nova Descoberta	Alto Antonio Felix	R1	2022-04-09T00:00:00	Mapeamento de Area de Risco				0
1662	Noroeste	2022	Abril	2022-04-09T00:00:00	""	Monitoramento	Rua Macaubau, 9<-%	Nova Descoberta	Alto Antonio Felix	R1	2022-04-09T00:00:00	Mapeamento de Area de Risco				0
1663	Noroeste	2022	Abril	2022-04-09T00:00:00	""	Monitoramento	Rua Enedina, %$<!	Nova Descoberta	Alto Antonio Felix	R2	2022-04-09T00:00:00	Mapeamento de Area de Risco				0
1664	Noroeste	2022	Abril	2022-04-09T00:00:00	""	Monitoramento	Rua Enedina, .<^&	Nova Descoberta	Alto Antonio Felix	R1	2022-04-09T00:00:00	Mapeamento de Area de Risco				0
1665	Noroeste	2022	Abril	2022-04-09T00:00:00	""	Monitoramento	Rua Enedina, {})!	Nova Descoberta	Alto Antonio Felix	R2	2022-04-09T00:00:00	Mapeamento de Area de Risco				0
1666	Noroeste	2022	Abril	2022-04-09T00:00:00	""	Monitoramento	Rua Rita Antonio Felix, #_|/	Nova Descoberta	Alto Antonio Felix	R2	2022-04-09T00:00:00	Mapeamento de Area de Risco				0
1667	Norte	2022	Abril	2022-04-09T00:00:00	""	""	Rua Vertentes do Lerio, %$<!	Dois Unidos	Alto do Rosario	""	2022-04-09T00:00:00	Acoes de Porta-Porta				0
1668	Norte	2022	Abril	2022-04-09T00:00:00	""	""	Rua Vertentes do Lerio, @}>	Dois Unidos	Alto do Rosario	""	2022-04-09T00:00:00	Acoes de Porta-Porta				0
1669	Oeste	2022	Abril	2022-04-09T00:00:00	""	Monitoramento	Travessa Eng. Titara, @}>	Cohab	Ur 03	R3	2022-04-09T00:00:00	Orientado a Sair do Imovel em Caso de Chuva				0
1670	Oeste	2022	Abril	2022-04-09T00:00:00	""	Monitoramento	Travessa Eng. Titara, 9<-%	Cohab	Ur 03	R3	2022-04-09T00:00:00	Orientado a Sair do Imovel em Caso de Chuva				0
1671	Oeste	2022	Abril	2022-04-09T00:00:00	""	Monitoramento	Travessa Eng. Titara, %$<!	Cohab	Ur 03	R1	2022-04-09T00:00:00	Mapeamento de Area de Risco				0
1672	Oeste	2022	Abril	2022-04-09T00:00:00	""	Monitoramento	Travessa Eng. Titara, .<^&	Cohab	Ur 03	R2	2022-04-09T00:00:00	Mapeamento de Area de Risco				0
1673	Oeste	2022	Abril	2022-04-09T00:00:00	""	Monitoramento	Travessa Eng. Titara, ^[{	Cohab	Ur 03	R2	2022-04-09T00:00:00	Mapeamento de Area de Risco				0
1674	Oeste	2022	Abril	2022-04-09T00:00:00	""	Monitoramento	Travessa Eng. Titara, {})!	Cohab	Ur 03	R2	2022-04-09T00:00:00	Mapeamento de Area de Risco				0
1675	Oeste	2022	Abril	2022-04-09T00:00:00	""	Monitoramento	Travessa Eng. Titara, #^>	Cohab	Ur 03	R3	2022-04-09T00:00:00	Mapeamento de Area de Risco				0
1676	Oeste	2022	Abril	2022-04-09T00:00:00	""	Monitoramento	Travessa Eng. Titara, ~|}[	Cohab	Ur 03	R3	2022-04-09T00:00:00	Mapeamento de Area de Risco				0
1677	Oeste	2022	Abril	2022-04-09T00:00:00	""	Monitoramento	Travessa Eng. Titara, /@9=	Cohab	Ur 03	R3	2022-04-09T00:00:00	Mapeamento de Area de Risco				0
1678	Oeste	2022	Abril	2022-04-09T00:00:00	""	Monitoramento	"Travessa Eng. Titara, #""#~"	Cohab	Ur 03	R2	2022-04-09T00:00:00	Mapeamento de Area de Risco				0
1679	Oeste	2022	Abril	2022-04-09T00:00:00	""	Monitoramento	Travessa Eng. Titara, $!>=	Cohab	Ur 03	R3	2022-04-09T00:00:00	Orientado a Sair do Imovel em Caso de Chuva				0
1680	Oeste	2022	Abril	2022-04-09T00:00:00	""	Monitoramento	"Travessa Eng. Titara, +?""]"	Cohab	Ur 03	R2	2022-04-09T00:00:00	Mapeamento de Area de Risco				0
1681	Oeste	2022	Abril	2022-04-09T00:00:00	""	Monitoramento	Travessa Eng. Titara, #_|/	Cohab	Ur 03	R2	2022-04-09T00:00:00	Mapeamento de Area de Risco				0
1682	Oeste	2022	Abril	2022-04-09T00:00:00	""	Monitoramento	Travessa Eng. Titara, .[?	Cohab	Ur 03	R2	2022-04-09T00:00:00	Mapeamento de Area de Risco				0
1683	Oeste	2022	Abril	2022-04-09T00:00:00	""	Monitoramento	Travessa Eng. Titara, #$[	Cohab	Ur 03	R2	2022-04-09T00:00:00	Mapeamento de Area de Risco				0
1684	Oeste	2022	Abril	2022-04-09T00:00:00	""	Monitoramento	Travessa Eng. Titara, `=-[	Cohab	Ur 03	R2	2022-04-09T00:00:00	Mapeamento de Area de Risco				0
1685	Oeste	2022	Abril	2022-04-09T00:00:00	""	Monitoramento	Travessa Eng. Titara, ?_$.	Cohab	Ur 03	R2	2022-04-09T00:00:00	Mapeamento de Area de Risco				0
1686	Oeste	2022	Abril	2022-04-09T00:00:00	""	Monitoramento	Travessa Eng. Titara, >#'\	Cohab	Ur 03	R2	2022-04-09T00:00:00	Mapeamento de Area de Risco				0
1687	Oeste	2022	Abril	2022-04-09T00:00:00	""	Monitoramento	Travessa Eng. Titara, $!>=	Cohab	Ur 03	R2	2022-04-09T00:00:00	Mapeamento de Area de Risco				0
1688	Oeste	2022	Abril	2022-04-09T00:00:00	""	Monitoramento	Travessa Eng. Titara, @}>	Cohab	Ur 03	R2	2022-04-09T00:00:00	Mapeamento de Area de Risco				0
1689	Oeste	2022	Abril	2022-04-09T00:00:00	""	Monitoramento	Travessa Eng. Titara, 9<-%	Cohab	Ur 03	R2	2022-04-09T00:00:00	Mapeamento de Area de Risco				0
1690	Oeste	2022	Abril	2022-04-09T00:00:00	""	Monitoramento	Travessa Eng. Titara, %$<!	Cohab	Ur 03	R2	2022-04-09T00:00:00	Mapeamento de Area de Risco				0
1691	Oeste	2022	Abril	2022-04-09T00:00:00	""	Monitoramento	"Travessa Eng. Titara, ""#*9"	Cohab	Ur 03	R2	2022-04-09T00:00:00	Mapeamento de Area de Risco				0
1692	Oeste	2022	Abril	2022-04-09T00:00:00	""	Monitoramento	Travessa Eng. Titara, >#'\	Cohab	Ur 03	R3	2022-04-09T00:00:00	Mapeamento de Area de Risco				0
1693	Oeste	2022	Abril	2022-04-09T00:00:00	""	Monitoramento	Travessa Eng. Titara, ?_$.	Cohab	Ur 03	R3	2022-04-09T00:00:00	Mapeamento de Area de Risco				0
1694	Oeste	2022	Abril	2022-04-09T00:00:00	""	Monitoramento	Travessa Eng. Titara, `=-[	Cohab	Ur 03	R3	2022-04-09T00:00:00	Orientado a Sair do Imovel em Caso de Chuva				0
1695	Oeste	2022	Abril	2022-04-09T00:00:00	""	""	"Travessa Eng. Titara, ""#*9"	Cohab	Ur 03	""	2022-04-09T00:00:00	Acoes de Porta-Porta				0
1696	Oeste	2022	Abril	2022-04-09T00:00:00	""	""	Travessa Eng. Titara, #_|/	Cohab	Ur 03	""	2022-04-09T00:00:00	Acoes de Porta-Porta				0
1697	Oeste	2022	Abril	2022-04-09T00:00:00	""	""	Travessa Eng. Titara, .[?	Cohab	Ur 03	""	2022-04-09T00:00:00	Acoes de Porta-Porta				0
1698	Oeste	2022	Abril	2022-04-09T00:00:00	""	""	Travessa Eng. Titara, #$[	Cohab	Ur 03	""	2022-04-09T00:00:00	Acoes de Porta-Porta				0
1699	Oeste	2022	Abril	2022-04-09T00:00:00	""	""	Travessa Eng. Titara, `=-[	Cohab	Ur 03	""	2022-04-09T00:00:00	Acoes de Porta-Porta				0
1700	Oeste	2022	Abril	2022-04-09T00:00:00	""	Monitoramento	Travessa Eng. Titara, ?_$.	Cohab	Ur 03	R2	2022-04-09T00:00:00	Mapeamento de Area de Risco				0
1701	Oeste	2022	Abril	2022-04-09T00:00:00	""	Monitoramento	Travessa Eng. Titara, >#'\	Cohab	Ur 03	R3	2022-04-09T00:00:00	Mapeamento de Area de Risco				0
1702	Oeste	2022	Abril	2022-04-09T00:00:00	""	Monitoramento	Travessa Eng. Titara, $!>=	Cohab	Ur 03	R3	2022-04-09T00:00:00	Mapeamento de Area de Risco				0
1703	Oeste	2022	Abril	2022-04-09T00:00:00	""	Monitoramento	Travessa Eng. Titara, @}>	Cohab	Ur 03	R1	2022-04-09T00:00:00	Mapeamento de Area de Risco				0
1704	Oeste	2022	Abril	2022-04-09T00:00:00	""	Monitoramento	Travessa Eng. Titara, 9<-%	Cohab	Ur 03	R3	2022-04-09T00:00:00	Orientado a Sair do Imovel em Caso de Chuva				0
1705	Oeste	2022	Abril	2022-04-09T00:00:00	""	Monitoramento	Travessa Eng. Titara, %$<!	Cohab	Ur 03	R3	2022-04-09T00:00:00	Orientado a Sair do Imovel em Caso de Chuva				0
1706	Oeste	2022	Abril	2022-04-09T00:00:00	""	Monitoramento	Travessa Eng. Titara, .<^&	Cohab	Ur 03	R3	2022-04-09T00:00:00	Orientado a Sair do Imovel em Caso de Chuva				0
1707	Oeste	2022	Abril	2022-04-09T00:00:00	""	Monitoramento	Travessa Eng. Titara, ^[{	Cohab	Ur 03	R3	2022-04-09T00:00:00	mapeamento de Area de Risco				0
1708	Oeste	2022	Abril	2022-04-09T00:00:00	""	Monitoramento	Travessa Eng. Titara, {})!	Cohab	Ur 03	R3	2022-04-09T00:00:00	Mapeamento de Area de Risco				0
1709	Oeste	2022	Abril	2022-04-09T00:00:00	""	Monitoramento	Travessa Eng. Titara, #^>	Cohab	Ur 03	R3	2022-04-09T00:00:00	Mapeamento de Area de Risco				0
1710	Oeste	2022	Abril	2022-04-09T00:00:00	""	Monitoramento	Travessa Eng. Titara, ~|}[	Cohab	Ur 03	R3	2022-04-09T00:00:00	Mapeamento de Area de Risco				0
1711	Oeste	2022	Abril	2022-04-09T00:00:00	""	Monitoramento	Travessa Eng. Titara, /@9=	Cohab	Ur 03	R3	2022-04-09T00:00:00	Orientado a Sair do Imovel em Caso de Chuva				0
1712	Oeste	2022	Abril	2022-04-09T00:00:00	""	Monitoramento	"Travessa Eng. Titara, #""#~"	Cohab	Ur 03	R3	2022-04-09T00:00:00	Orientado a Sair do Imovel em Caso de Chuva				0
1713	Oeste	2022	Abril	2022-04-09T00:00:00	""	Monitoramento	"Travessa Eng. Titara, +?""]"	Cohab	Ur 03	R3	2022-04-09T00:00:00	Orientado a Sair do Imovel em Caso de Chuva				0
1714	Oeste	2022	Abril	2022-04-09T00:00:00	""	Monitoramento	"Travessa Eng. Titara, ""#*9"	Cohab	Ur 03	R3	2022-04-09T00:00:00	Orientado a Sair do Imovel em Caso de Chuva				0
1715	Oeste	2022	Abril	2022-04-09T00:00:00	""	Monitoramento	Travessa Eng. Titara, #_|/	Cohab	Ur 03	R3	2022-04-09T00:00:00	Mapeamento de Area de Risco				0
1716	Oeste	2022	Abril	2022-04-09T00:00:00	""	Monitoramento	Travessa Eng. Titara, .[?	Cohab	Ur 03	R3	2022-04-09T00:00:00	Orientado a Sair do Imovel em Caso de Chuva				0
1717	Oeste	2022	Abril	2022-04-09T00:00:00	""	Monitoramento	Travessa Eng. Titara, #$[	Cohab	Ur 03	R3	2022-04-09T00:00:00	Orientado a Sair do Imovel em Caso de Chuva				0
1718	Oeste	2022	Abril	2022-04-09T00:00:00	""	Monitoramento	Travessa Eng. Titara, .<^&	Cohab	Ur 03	R2	2022-04-09T00:00:00	Mapeamento de Area de Risco				0
1719	Oeste	2022	Abril	2022-04-09T00:00:00	""	Monitoramento	Travessa Eng. Titara, ^[{	Cohab	Ur 03	R2	2022-04-09T00:00:00	Mapeamento de Area de Risco				0
1720	Oeste	2022	Abril	2022-04-09T00:00:00	""	Monitoramento	Travessa Eng. Titara, {})!	Cohab	Ur 03	R2	2022-04-09T00:00:00	Mapeamento de Area de Risco				0
1721	Oeste	2022	Abril	2022-04-09T00:00:00	""	Monitoramento	Travessa Eng. Titara, #^>	Cohab	Ur 03	R2	2022-04-09T00:00:00	Mapeamento de Area de Risco				0
1722	Norte	2022	Abril	2022-04-09T00:00:00	""	""	Rua Vertentes do Lerio, `=-[	Dois Unidos	Alto do Rosario	""	2022-04-09T00:00:00	Acoes de Porta-Porta				0
1723	Norte	2022	Abril	2022-04-09T00:00:00	""	""	Rua Vertentes do Lerio, ?_$.	Dois Unidos	Alto do Rosario	""	2022-04-09T00:00:00	Acoes de Porta-Porta				0
1724	Norte	2022	Abril	2022-04-09T00:00:00	""	""	Rua Vertentes do Lerio, >#'\	Dois Unidos	Alto do Rosario	""	2022-04-09T00:00:00	Acoes de Porta-Porta				0
1725	Norte	2022	Abril	2022-04-09T00:00:00	""	""	Rua Vertentes do Lerio, $!>=	Dois Unidos	Alto do Rosario	""	2022-04-09T00:00:00	Acoes de Porta-Porta				0
1726	Norte	2022	Abril	2022-04-09T00:00:00	""	""	Rua Vertentes do Lerio, @}>	Dois Unidos	Alto do Rosario	""	2022-04-09T00:00:00	Acoes de Porta-Porta				0
1727	Norte	2022	Abril	2022-04-09T00:00:00	""	""	Rua Vertentes do Lerio, 9<-%	Dois Unidos	Alto do Rosario	""	2022-04-09T00:00:00	Acoes de Porta-Porta				0
1728	Norte	2022	Abril	2022-04-09T00:00:00	""	""	Rua Vertentes do Lerio, %$<!	Dois Unidos	Alto do Rosario	""	2022-04-09T00:00:00	Acoes de Porta-Porta				0
1729	Norte	2022	Abril	2022-04-09T00:00:00	""	""	Rua Vertentes do Lerio, .<^&	Dois Unidos	Alto do Rosario	""	2022-04-09T00:00:00	Acoes de Porta-Porta				0
1730	Norte	2022	Abril	2022-04-09T00:00:00	""	""	Rua Vertentes do Lerio, ^[{	Dois Unidos	Alto do Rosario	""	2022-04-09T00:00:00	Acoes de Porta-Porta				0
1731	Norte	2022	Abril	2022-04-09T00:00:00	""	""	Rua Vertentes do Lerio, {})!	Dois Unidos	Alto do Rosario	""	2022-04-09T00:00:00	Acoes de Porta-Porta				0
1732	Norte	2022	Abril	2022-04-09T00:00:00	""	""	Rua Vertentes do Lerio, #^>	Dois Unidos	Alto do Rosario	""	2022-04-09T00:00:00	Acoes de Porta-Porta				0
1733	Norte	2022	Abril	2022-04-09T00:00:00	""	""	Rua Vertentes do Lerio, ~|}[	Dois Unidos	Alto do Rosario	""	2022-04-09T00:00:00	Acoes de Porta-Porta				0
1734	Norte	2022	Abril	2022-04-09T00:00:00	""	""	Rua Vertentes do Lerio, /@9=	Dois Unidos	Alto do Rosario	""	2022-04-09T00:00:00	Acoes de Porta-Porta				0
1735	Norte	2022	Abril	2022-04-09T00:00:00	""	""	"Rua Vertentes do Lerio, #""#~"	Dois Unidos	Alto do Rosario	""	2022-04-09T00:00:00	Acoes de Porta-Porta				0
1736	Norte	2022	Abril	2022-04-09T00:00:00	""	""	"Rua Vertentes do Lerio, +?""]"	Dois Unidos	Alto do Rosario	""	2022-04-09T00:00:00	Acoes de Porta-Porta				0
1737	Norte	2022	Abril	2022-04-09T00:00:00	""	""	"Rua Vertentes do Lerio, ""#*9"	Dois Unidos	Alto do Rosario	""	2022-04-09T00:00:00	Acoes de Porta-Porta				0
1738	Norte	2022	Abril	2022-04-09T00:00:00	""	""	Rua Vertentes do Lerio, #_|/	Dois Unidos	Alto do Rosario	""	2022-04-09T00:00:00	Acoes de Porta-Porta				0
1739	Norte	2022	Abril	2022-04-09T00:00:00	""	""	Rua Vertentes do Lerio, .[?	Dois Unidos	Alto do Rosario	""	2022-04-09T00:00:00	Acoes de Porta-Porta				0
1740	Norte	2022	Abril	2022-04-09T00:00:00	""	""	Rua Vertentes do Lerio, #$[	Dois Unidos	Alto do Rosario	""	2022-04-09T00:00:00	Acoes de Porta-Porta				0
1741	Norte	2022	Abril	2022-04-09T00:00:00	""	""	Rua Vertentes do Lerio, `=-[	Dois Unidos	Alto do Rosario	""	2022-04-09T00:00:00	Acoes de Porta-Porta				0
1742	Norte	2022	Abril	2022-04-09T00:00:00	""	""	Rua Vertentes do Lerio, ?_$.	Dois Unidos	Alto do Rosario	""	2022-04-09T00:00:00	Acoes de Porta-Porta				0
1743	Norte	2022	Abril	2022-04-09T00:00:00	""	""	Rua Vertentes do Lerio, >#'\	Dois Unidos	Alto do Rosario	""	2022-04-09T00:00:00	Acoes de Porta-Porta				0
1744	Norte	2022	Abril	2022-04-09T00:00:00	""	""	Rua Vertentes do Lerio, $!>=	Dois Unidos	Alto do Rosario	""	2022-04-09T00:00:00	Acoes de Porta-Porta				0
1745	Norte	2022	Abril	2022-04-09T00:00:00	""	""	Rua Vertentes do Lerio, #$[	Dois Unidos	Alto do Rosario	""	2022-04-09T00:00:00	Acoes de Porta-Porta				0
1746	Norte	2022	Abril	2022-04-09T00:00:00	""	""	Rua Vertentes do Lerio, 9<-%	Dois Unidos	Alto do Rosario	""	2022-04-09T00:00:00	Acoes de Porta-Porta				0
1747	Norte	2022	Abril	2022-04-09T00:00:00	""	""	Rua Vertentes do Lerio, .[?	Dois Unidos	Alto do Rosario	""	2022-04-09T00:00:00	Acoes de Porta-Porta				0
1748	Norte	2022	Abril	2022-04-09T00:00:00	""	""	"Rua Vertentes do Lerio, ""#*9"	Dois Unidos	Alto do Rosario	""	2022-04-09T00:00:00	Acoes de Porta-Porta				0
1749	Oeste	2022	Abril	2022-04-09T00:00:00	""	Monitoramento	Travessa Eng. Titara, ~|}[	Cohab	Ur 03	R2	2022-04-09T00:00:00	Mapeamento de Area de Risco				0
1750	Oeste	2022	Abril	2022-04-09T00:00:00	""	Monitoramento	Travessa Eng. Titara, /@9=	Cohab	Ur 03	R2	2022-04-09T00:00:00	Mapeamento de Area de Risco				0
1751	Oeste	2022	Abril	2022-04-09T00:00:00	""	Monitoramento	"Travessa Eng. Titara, #""#~"	Cohab	Ur 03	R2	2022-04-09T00:00:00	Mapeamento de Area de Risco				0
1752	Oeste	2022	Abril	2022-04-09T00:00:00	""	Monitoramento	"Travessa Eng. Titara, +?""]"	Cohab	Ur 03	R2	2022-04-09T00:00:00	Mapeamento de Area de Risco				0
1753	Oeste	2022	Abril	2022-04-09T00:00:00	""	Monitoramento	"Travessa Eng. Titara, ""#*9"	Cohab	Ur 03	R2	2022-04-09T00:00:00	Mapeamento de Area de Risco				0
1754	Oeste	2022	Abril	2022-04-09T00:00:00	""	Monitoramento	Travessa Eng. Titara, #_|/	Cohab	Ur 03	R2	2022-04-09T00:00:00	Mapeamento de Area de Risco				0
1755	Oeste	2022	Abril	2022-04-09T00:00:00	""	Monitoramento	Travessa Eng. Titara, .[?	Cohab	Ur 03	R2	2022-04-09T00:00:00	Mapeamento de Area de Risco				0
1756	Oeste	2022	Abril	2022-04-09T00:00:00	""	Monitoramento	Travessa Eng. Titara, #$[	Cohab	Ur 03	R2	2022-04-09T00:00:00	Mapeamento de Area de Risco				0
1757	Oeste	2022	Abril	2022-04-09T00:00:00	""	Monitoramento	Travessa Eng. Titara, `=-[	Cohab	Ur 03	R2	2022-04-09T00:00:00	Mapeamento de Area de Risco				0
1758	Oeste	2022	Abril	2022-04-09T00:00:00	""	Monitoramento	Travessa Eng. Titara, ?_$.	Cohab	Ur 03	R2	2022-04-09T00:00:00	Mapeamento de Area de Risco				0
1759	Oeste	2022	Abril	2022-04-09T00:00:00	""	Monitoramento	Travessa Eng. Titara, >#'\	Cohab	Ur 03	R2	2022-04-09T00:00:00	Mapeamento de Area de Risco				0
1760	Norte	2022	Abril	2022-04-09T00:00:00	""	Vistoria	Subida Alto do Capitao, $!>=	Dois Unidos	Alto do Capitao	R3	2022-04-09T00:00:00	""				0
1761	Norte	2022	Abril	2022-04-09T00:00:00	""	Vistoria	Rua Vila Flor, @}>	Dois Unidos	Alto do Maracana	R3	2022-04-09T00:00:00	""				0
1762	Norte	2022	Abril	2022-04-09T00:00:00	""	Vistoria	Rua Vila Flor, 9<-%	Dois Unidos	Alto do Maracana	R3	2022-04-09T00:00:00	""				0
1763	Norte	2022	Abril	2022-04-09T00:00:00	""	""	Rua Vertentes do Lerio, %$<!	Dois Unidos	Alto do Rosario	""	2022-04-09T00:00:00	Rocagem				0
1764	Norte	2022	Abril	2022-04-09T00:00:00	""	""	Rua Vertentes do Lerio, .<^&	Dois Unidos	Alto do Rosario	""	2022-04-09T00:00:00	Acoes de Porta-Porta				0
1765	Norte	2022	Abril	2022-04-09T00:00:00	""	""	Rua Vertentes do Lerio, ^[{	Dois Unidos	Alto do Rosario	""	2022-04-09T00:00:00	Acoes de Porta-Porta				0
1766	Norte	2022	Abril	2022-04-09T00:00:00	""	""	Rua Vertentes do Lerio, {})!	Dois Unidos	Alto do Rosario	""	2022-04-09T00:00:00	Acoes de Porta-Porta				0
1767	Norte	2022	Abril	2022-04-09T00:00:00	""	""	Rua Vertentes do Lerio, #^>	Dois Unidos	Alto do Rosario	""	2022-04-09T00:00:00	Acoes de Porta-Porta				0
1768	Norte	2022	Abril	2022-04-09T00:00:00	""	""	Rua Vertentes do Lerio, ~|}[	Dois Unidos	Alto do Rosario	""	2022-04-09T00:00:00	Acoes de Porta-Porta				0
1769	Norte	2022	Abril	2022-04-09T00:00:00	""	""	Rua Vertentes do Lerio, /@9=	Dois Unidos	Alto do Rosario	""	2022-04-09T00:00:00	Acoes de Porta-Porta				0
1770	Norte	2022	Abril	2022-04-09T00:00:00	""	""	"Rua Vertentes do Lerio, #""#~"	Dois Unidos	Alto do Rosario	""	2022-04-09T00:00:00	Acoes de Porta-Porta				0
1771	Oeste	2022	Abril	2022-04-11T00:00:00	""	Monitoramento	Rua da Paz, $!>=	Barro	Vila dos Milagres	R3	2022-04-11T00:00:00	Mapeamento de Area de Risco				0
1772	Norte	2022	Abril	2022-04-09T00:00:00	""	""	Rua Vertentes do Lerio, #_|/	Dois Unidos	Alto do Rosario	""	2022-04-09T00:00:00	Acoes de Porta-Porta				0
1773	Sul	2022	Abril	2022-04-08T00:00:00	""	Colocação de Lonas Plásticas	Rua do Sitio, $!>=	Cohab	Ur 10	""	2022-04-08T00:00:00	Mapeamento de Area de Risco	1	15	8	120
1774	Noroeste	2022	Abril	2022-04-09T00:00:00	""	Monitoramento	Rua Luiza, .[?	Nova Descoberta	Alto Antonio Felix	R1	2022-04-09T00:00:00	Mapeamento de Area de Risco				0
1775	Noroeste	2022	Abril	2022-04-09T00:00:00	""	Monitoramento	Rua Alto Ant}Onio Felix, `=-[	Nova Descoberta	Alto Antonio Felix	R2	2022-04-09T00:00:00	Mapeamento de Area de Risco				0
1776	Noroeste	2022	Abril	2022-04-09T00:00:00	""	""	2ª Travessa Elisio Cabral, >#'\	Nova Descoberta	Alto Antonio Felix	""	2022-04-09T00:00:00	Acoes de Porta-Porta				0
1777	Noroeste	2022	Abril	2022-04-09T00:00:00	""	""	2ª Travessa Elisio Cabral, $!>=	Nova Descoberta	Alto Antonio Felix	""	2022-04-09T00:00:00	Acoes de Porta-Porta				0
1778	Noroeste	2022	Abril	2022-04-09T00:00:00	""	""	Rua Elisio Cabral, @}>	Nova Descoberta	Alto Antonio Felix	""	2022-04-09T00:00:00	Acoes de Porta-Porta				0
1779	Noroeste	2022	Abril	2022-04-09T00:00:00	""	""	Rua Elisio Cabral, 9<-%	Nova Descoberta	Alto Antonio Felix	""	2022-04-09T00:00:00	Acoes de Porta-Porta				0
1780	Noroeste	2022	Abril	2022-04-09T00:00:00	""	""	Rua Elisio Cabral, %$<!	Nova Descoberta	Alto Antonio Felix	""	2022-04-09T00:00:00	Acoes de Porta-Porta				0
1781	Noroeste	2022	Abril	2022-04-09T00:00:00	""	""	Rua Elisio Cabral, .<^&	Nova Descoberta	Alto Antonio Felix	""	2022-04-09T00:00:00	Acoes de Porta-Porta				0
1782	Noroeste	2022	Abril	2022-04-09T00:00:00	""	""	Rua Elisio Cabral, ^[{	Nova Descoberta	Alto Antonio Felix	""	2022-04-09T00:00:00	Acoes de Porta-Porta				0
1783	Noroeste	2022	Abril	2022-04-09T00:00:00	""	""	Rua Elisio Cabral, {})!	Nova Descoberta	Alto Antonio Felix	""	2022-04-09T00:00:00	Acoes de Porta-Porta				0
1784	Nordeste	2022	Abril	2022-04-09T00:00:00	""	""	4ª Subida Corrego da Bica, #^>	Passarinho	Corrego Manoel Carroceiro	""	2022-04-09T00:00:00	Atendimento Social				0
1785	Nordeste	2022	Abril	2022-04-09T00:00:00	""	""	4ª Subida Corrego da Bica, ~|}[	Passarinho	Corrego Manoel Carroceiro	""	2022-04-09T00:00:00	Atendimento Social				0
1786	Noroeste	2022	Abril	2022-04-09T00:00:00	""	""	2ª Travessa Elisio Cabral, ?_$.	Nova Descoberta	Alto Antonio Felix	""	2022-04-09T00:00:00	Acoes de Porta-Porta				0
1787	Nordeste	2022	Abril	2022-04-09T00:00:00	""	""	2ª Travessa Corrego Manoel Carroceiro, /@9=	Passarinho	Corrego Manoel Carroceiro	""	2022-04-09T00:00:00	Atendimento Social				0
1788	Nordeste	2022	Abril	2022-04-09T00:00:00	""	""	"Rua Agostinho dos Santos, +?""]"	Passarinho	Alto da Telha	""	2022-04-09T00:00:00	Atendimento Social				0
1789	Nordeste	2022	Abril	2022-04-09T00:00:00	""	""	"Rua Rosal, ""#*9"	Nova Descoberta	Alto do Reservatorio	""	2022-04-09T00:00:00	Rocagem	1	1	150	150
1790	Nordeste	2022	Abril	2022-04-09T00:00:00	""	Monitoramento	Rua Alto do Reservatorio, #_|/	Nova Descoberta	Alto do Reservatorio	R2	2022-04-09T00:00:00	""				0
1791	Nordeste	2022	Abril	2022-04-09T00:00:00	""	Monitoramento	2ª Travessa Tres Morros, .[?	Nova Descoberta	Alto do Reservatorio	R2	2022-04-09T00:00:00	""				0
1792	Nordeste	2022	Abril	2022-04-09T00:00:00	""	Monitoramento	4ª Travessa Tres Morros, #$[	Nova Descoberta	Alto do Reservatorio	R3	2022-04-09T00:00:00	""				0
1793	Nordeste	2022	Abril	2022-04-09T00:00:00	""	Monitoramento	4ª Travessa Tres Morros, `=-[	Nova Descoberta	Alto do Reservatorio	R3	2022-04-09T00:00:00	""				0
1794	Nordeste	2022	Abril	2022-04-09T00:00:00	""	Monitoramento	4ª Travessa Tres Morros, ?_$.	Nova Descoberta	Alto do Reservatorio	R3	2022-04-09T00:00:00	Encaminhamentos aos Parceiros				0
1795	Nordeste	2022	Abril	2022-04-09T00:00:00	""	Monitoramento	Rua Alto do Reservatorio, >#'\	Nova Descoberta	Alto do Reservatorio	R3	2022-04-09T00:00:00	Encaminhar para Colocacao de Lonas				0
1796	Nordeste	2022	Abril	2022-04-09T00:00:00	""	Monitoramento	Rua Alto do Reservatorio, $!>=	Nova Descoberta	Alto do Reservatorio	R3	2022-04-09T00:00:00	Encaminhar para Colocacao de Lonas				0
1797	Nordeste	2022	Abril	2022-04-09T00:00:00	""	Monitoramento	Rua Alto do Reservatorio, @}>	Nova Descoberta	Alto do Reservatorio	R3	2022-04-09T00:00:00	Encaminhar para Colocacao de Lonas				0
1798	Nordeste	2022	Abril	2022-04-09T00:00:00	""	""	"Rua Agostinho dos Santos, #""#~"	Passarinho	Alto da Telha	""	2022-04-09T00:00:00	Atendimento Social				0
1799	Noroeste	2022	Abril	2022-04-09T00:00:00	""	""	Rua Alto Antonio Felix, `=-[	Nova Descoberta	Alto Antonio Felix	""	2022-04-09T00:00:00	Acoes de Porta-Porta				0
1800	Noroeste	2022	Abril	2022-04-09T00:00:00	""	""	Rua E, #$[	Nova Descoberta	Alto Antonio Felix	""	2022-04-09T00:00:00	Acoes de Porta-Porta				0
1801	Noroeste	2022	Abril	2022-04-09T00:00:00	""	""	Rua Rute, .[?	Nova Descoberta	Alto Antonio Felix	""	2022-04-09T00:00:00	Acoes de Porta-Porta				0
1802	Noroeste	2022	Abril	2022-04-09T00:00:00	""	""	"Rua Rita Antonio Felix, #""#~"	Nova Descoberta	Alto Antonio Felix	""	2022-04-09T00:00:00	Acoes de Porta-Porta				0
1803	Noroeste	2022	Abril	2022-04-09T00:00:00	""	""	"Rua Rita Antonio Felix, +?""]"	Nova Descoberta	Alto Antonio Felix	""	2022-04-09T00:00:00	Acoes de Porta-Porta				0
1804	Noroeste	2022	Abril	2022-04-09T00:00:00	""	""	"Rua Rita Antonio Felix, ""#*9"	Nova Descoberta	Alto Antonio Felix	""	2022-04-09T00:00:00	Acoes de Porta-Porta				0
1805	Noroeste	2022	Abril	2022-04-09T00:00:00	""	""	Rua Rita Antonio Felix, #_|/	Nova Descoberta	Alto Antonio Felix	""	2022-04-09T00:00:00	Acoes de Porta-Porta				0
1806	Noroeste	2022	Abril	2022-04-09T00:00:00	""	""	Rua Rita Antonio Felix, .[?	Nova Descoberta	Alto Antonio Felix	""	2022-04-09T00:00:00	Acoes de Porta-Porta				0
1807	Noroeste	2022	Abril	2022-04-09T00:00:00	""	""	Rua Alto Antonio Felix, #$[	Nova Descoberta	Alto Antonio Felix	""	2022-04-09T00:00:00	Acoes de Porta-Porta				0
1808	Noroeste	2022	Abril	2022-04-09T00:00:00	""	""	Rua Alto Antonio Felix, `=-[	Nova Descoberta	Alto Antonio Felix	""	2022-04-09T00:00:00	Acoes de Porta-Porta				0
1809	Noroeste	2022	Abril	2022-04-09T00:00:00	""	""	Rua Alto Antonio Felix, ?_$.	Nova Descoberta	Alto Antonio Felix	""	2022-04-09T00:00:00	Acoes de Porta-Porta				0
1810	Noroeste	2022	Abril	2022-04-09T00:00:00	""	""	Rua Alto Antonio Felix, >#'\	Nova Descoberta	Alto Antonio Felix	""	2022-04-09T00:00:00	Acoes de Porta-Porta				0
1811	Noroeste	2022	Abril	2022-04-09T00:00:00	""	""	Rua Alto Antonio Felix, $!>=	Nova Descoberta	Alto Antonio Felix	""	2022-04-09T00:00:00	Acoes de Porta-Porta				0
1812	Noroeste	2022	Abril	2022-04-09T00:00:00	""	""	Rua D, @}>	Nova Descoberta	Alto Antonio Felix	""	2022-04-09T00:00:00	Acoes de Porta-Porta				0
1813	Noroeste	2022	Abril	2022-04-09T00:00:00	""	""	Rua D, 9<-%	Nova Descoberta	Alto Antonio Felix	""	2022-04-09T00:00:00	Acoes de Porta-Porta				0
1814	Noroeste	2022	Abril	2022-04-09T00:00:00	""	""	Rua Rita Antonio Felix, %$<!	Nova Descoberta	Alto Antonio Felix	""	2022-04-09T00:00:00	Acoes de Porta-Porta				0
1815	Noroeste	2022	Abril	2022-04-09T00:00:00	""	""	Rua Rita Antonio Felix, .<^&	Nova Descoberta	Alto Antonio Felix	""	2022-04-09T00:00:00	Acoes de Porta-Porta				0
1816	Noroeste	2022	Abril	2022-04-09T00:00:00	""	""	Rua Nova Descoberta, ^[{	Nova Descoberta	Alto Antonio Felix	""	2022-04-09T00:00:00	Acoes de Porta-Porta				0
1817	Noroeste	2022	Abril	2022-04-09T00:00:00	""	""	Rua Rita Ant/Onio Felix, {})!	Nova Descoberta	Alto Antonio Felix	""	2022-04-09T00:00:00	Acoes de Porta-Porta				0
1818	Noroeste	2022	Abril	2022-04-09T00:00:00	""	""	Rua Rita Ant/Onio Felix, #^>	Nova Descoberta	Alto Antonio Felix	""	2022-04-09T00:00:00	Acoes de Porta-Porta				0
1819	Noroeste	2022	Abril	2022-04-09T00:00:00	""	""	Rua Rita Ant/Onio Felix, ~|}[	Nova Descoberta	Alto Antonio Felix	""	2022-04-09T00:00:00	Acoes de Porta-Porta				0
1820	Noroeste	2022	Abril	2022-04-09T00:00:00	""	""	Rua Rita Ant/Onio Felix, /@9=	Nova Descoberta	Alto Antonio Felix	""	2022-04-09T00:00:00	Acoes de Porta-Porta				0
1821	Noroeste	2022	Abril	2022-04-09T00:00:00	""	""	"Rua Rute, #""#~"	Nova Descoberta	Alto Antonio Felix	""	2022-04-09T00:00:00	Acoes de Porta-Porta				0
1822	Noroeste	2022	Abril	2022-04-09T00:00:00	""	""	"Rua Rute, +?""]"	Nova Descoberta	Alto Antonio Felix	""	2022-04-09T00:00:00	Acoes de Porta-Porta				0
1823	Noroeste	2022	Abril	2022-04-09T00:00:00	""	""	"Rua Rute, ""#*9"	Nova Descoberta	Alto Antonio Felix	""	2022-04-09T00:00:00	Acoes de Porta-Porta				0
1824	Noroeste	2022	Abril	2022-04-09T00:00:00	""	""	Rua Rute, #_|/	Nova Descoberta	Alto Antonio Felix	""	2022-04-09T00:00:00	Acoes de Porta-Porta				0
1825	Nordeste	2022	Abril	2022-04-09T00:00:00	""	Monitoramento	Rua Alto do Reservatorio, 9<-%	Nova Descoberta	Alto do Reservatorio	R3	2022-04-09T00:00:00	Encaminhar para Colocacao de Lonas				0
1826	Nordeste	2022	Abril	2022-04-09T00:00:00	""	Monitoramento	Rua Alto do Reservatorio, %$<!	Nova Descoberta	Alto do Reservatorio	R2	2022-04-09T00:00:00	Encaminhar para Colocacao de Lonas				0
1827	Nordeste	2022	Abril	2022-04-09T00:00:00	""	Monitoramento	Rua Alto do Reservatorio, .<^&	Nova Descoberta	Alto do Reservatorio	R2	2022-04-09T00:00:00	""				0
1828	Nordeste	2022	Abril	2022-04-09T00:00:00	""	Monitoramento	Rua Alto do Reservatorio, ^[{	Nova Descoberta	Alto do Reservatorio	R2	2022-04-09T00:00:00	Encaminhar para Colocacao de Lonas				0
1829	Nordeste	2022	Abril	2022-04-09T00:00:00	""	Monitoramento	Rua Alto do Reservatorio, .[?	Nova Descoberta	Alto do Reservatorio	R2	2022-04-09T00:00:00	""				0
1830	Nordeste	2022	Abril	2022-04-09T00:00:00	""	Monitoramento	Rua Alto do Reservatorio, #$[	Nova Descoberta	Alto do Reservatorio	R1	2022-04-09T00:00:00	""				0
1831	Nordeste	2022	Abril	2022-04-09T00:00:00	""	Monitoramento	Rua Alto do Reservatorio, `=-[	Nova Descoberta	Alto do Reservatorio	R1	2022-04-09T00:00:00	""				0
1832	Nordeste	2022	Abril	2022-04-09T00:00:00	""	Monitoramento	Rua Alto do Reservatorio, ?_$.	Nova Descoberta	Alto do Reservatorio	R3	2022-04-09T00:00:00	""				0
1833	Nordeste	2022	Abril	2022-04-09T00:00:00	""	Monitoramento	Rua Alto do Reservatorio, >#'\	Nova Descoberta	Alto do Reservatorio	R3	2022-04-09T00:00:00	Encaminhar para Colocacao de Lonas				0
1834	Nordeste	2022	Abril	2022-04-09T00:00:00	""	Monitoramento	Rua Alto do Reservatorio, $!>=	Nova Descoberta	Alto do Reservatorio	R1	2022-04-09T00:00:00	""				0
1835	Nordeste	2022	Abril	2022-04-09T00:00:00	""	Monitoramento	Rua Alto do Reservatorio, @}>	Nova Descoberta	Alto do Reservatorio	R2	2022-04-09T00:00:00	""				0
1836	Nordeste	2022	Abril	2022-04-09T00:00:00	""	Monitoramento	Rua Alto do Reservatorio, 9<-%	Nova Descoberta	Alto do Reservatorio	R3	2022-04-09T00:00:00	""				0
1837	Nordeste	2022	Abril	2022-04-09T00:00:00	""	Monitoramento	3ª Subida Alto do Reservatorio, %$<!	Nova Descoberta	Alto do Reservatorio	R3	2022-04-09T00:00:00	""				0
1838	Nordeste	2022	Abril	2022-04-09T00:00:00	""	Monitoramento	3ª Subida Alto do Reservatorio, .<^&	Nova Descoberta	Alto do Reservatorio	R3	2022-04-09T00:00:00	""				0
1839	Nordeste	2022	Abril	2022-04-09T00:00:00	""	Monitoramento	Rua Alto do Reservatorio, ^[{	Nova Descoberta	Alto do Reservatorio	R1	2022-04-09T00:00:00	""				0
1840	Nordeste	2022	Abril	2022-04-09T00:00:00	""	Monitoramento	Rua Alto do Reservatorio, {})!	Nova Descoberta	Alto do Reservatorio	R1	2022-04-09T00:00:00	""				0
1841	Sul	2022	Abril	2022-04-08T00:00:00	""	Colocação de Lonas Plásticas	Rua Conego Marinho, #^>	Ibura	Ibura de Baixo	""	2022-04-08T00:00:00	Mapeamento de Area de Risco	1	15	8	120
1842	Sul	2022	Abril	2022-04-08T00:00:00	""	Colocação de Lonas Plásticas	Rua Joao Cordeiro de Souza, ~|}[	Cohab	Lagoa Encantada	""	2022-04-08T00:00:00	Mapeamento de Area de Risco	2	15	8	240
1843	Sul	2022	Abril	2022-04-08T00:00:00	""	Colocação de Lonas Plásticas	Rua Flor De3 Maria, /@9=	Cohab	Ur 05	""	2022-04-08T00:00:00	Mapeamento de Area de Risco	1	15	8	120
1844	Sul	2022	Abril	2022-04-08T00:00:00	""	Colocação de Lonas Plásticas	"2ª Travessa Luiz Rodoldo de Araujo, #""#~"	Cohab	Ur 10	""	2022-04-08T00:00:00	Mapeamento de Area de Risco	2	15	8	240
1845	Sul	2022	Abril	2022-04-08T00:00:00	""	Colocação de Lonas Plásticas	"2ª Travessa Maranata, +?""]"	Cohab	Ur 04	""	2022-04-08T00:00:00	Mapeamento de Area de Risco	3	15	8	360
1846	Sul	2022	Abril	2022-04-08T00:00:00	""	Colocação de Lonas Plásticas	"Travessa Maranata, ""#*9"	Cohab	Ur 04	""	2022-04-08T00:00:00	Mapeamento de Area de Risco	1	20	8	160
1847	Sul	2022	Abril	2022-04-08T00:00:00	""	Colocação de Lonas Plásticas	Travessa Estevao de Araujo, #_|/	Cohab	Ur 10	""	2022-04-08T00:00:00	Mapeamento de Area de Risco	2	15	8	240
1848	Sul	2022	Abril	2022-04-08T00:00:00	""	Colocação de Lonas Plásticas	Rua Rio Purus., .[?	Ibura	Ibura de Baixo	""	2022-04-08T00:00:00	Mapeamento de Area de Risco	1	15	8	120
1849	Sul	2022	Abril	2022-04-08T00:00:00	""	Colocação de Lonas Plásticas	Rua Conego Marinho, #$[	Ibura	Ibura de Baixo	""	2022-04-08T00:00:00	Mapeamento de Area de Risco	1	15	8	120
1850	Sul	2022	Abril	2022-04-08T00:00:00	""	Colocação de Lonas Plásticas	2ª Travessa Maranata, `=-[	Cohab	Ur 04	""	2022-04-08T00:00:00	Mapeamento de Area de Risco	3	15	8	360
1851	Sul	2022	Abril	2022-04-08T00:00:00	""	Colocação de Lonas Plásticas	3ª Travessa Camocim, ?_$.	Jordao	Jordao Alto	""	2022-04-08T00:00:00	Mapeamento de Area de Risco	2	15	8	240
1852	Nordeste	2022	Abril	2022-04-09T00:00:00	""	Monitoramento	Rua Alto do Reservatorio, #_|/	Nova Descoberta	Alto do Reservatorio	R2	2022-04-09T00:00:00	""				0
1853	Noroeste	2022	Abril	2022-04-09T00:00:00	""	""	Rua Rita Antonio Felix, /@9=	Nova Descoberta	Alto Antonio Felix	""	2022-04-09T00:00:00	Acoes de Porta-Porta				0
1854	Nordeste	2022	Abril	2022-04-09T00:00:00	""	Monitoramento	"Rua Alto do Reservatorio, ""#*9"	Nova Descoberta	Alto do Reservatorio	R2	2022-04-09T00:00:00	""				0
1855	Nordeste	2022	Abril	2022-04-09T00:00:00	""	Monitoramento	"Rua Alto do Reservatorio, #""#~"	Nova Descoberta	Alto do Reservatorio	R2	2022-04-09T00:00:00	""				0
1856	Nordeste	2022	Abril	2022-04-09T00:00:00	""	Monitoramento	Rua Alto do Reservatorio, {})!	Nova Descoberta	Alto do Reservatorio	R2	2022-04-09T00:00:00	""				0
1857	Nordeste	2022	Abril	2022-04-09T00:00:00	""	Monitoramento	Rua Alto do Reservatorio, #^>	Nova Descoberta	Alto do Reservatorio	R2	2022-04-09T00:00:00	""				0
1858	Nordeste	2022	Abril	2022-04-09T00:00:00	""	Monitoramento	Rua Alto do Reservatorio, ~|}[	Nova Descoberta	Alto do Reservatorio	R2	2022-04-09T00:00:00	""				0
1859	Nordeste	2022	Abril	2022-04-09T00:00:00	""	Monitoramento	Rua Alto do Reservatorio, /@9=	Nova Descoberta	Alto do Reservatorio	R2	2022-04-09T00:00:00	Encaminhamentos aos Parceiros				0
1860	Nordeste	2022	Abril	2022-04-09T00:00:00	""	Monitoramento	"Rua Alto do Reservatorio, #""#~"	Nova Descoberta	Alto do Reservatorio	R3	2022-04-09T00:00:00	Encaminhar para Colocacao de Lonas				0
1861	Nordeste	2022	Abril	2022-04-09T00:00:00	""	Monitoramento	"Rua Alto do Reservatorio, +?""]"	Nova Descoberta	Alto do Reservatorio	R3	2022-04-09T00:00:00	""				0
1862	Nordeste	2022	Abril	2022-04-09T00:00:00	""	Monitoramento	"Rua Alto do Reservatorio, ""#*9"	Nova Descoberta	Alto do Reservatorio	R3	2022-04-09T00:00:00	""				0
1863	Nordeste	2022	Abril	2022-04-09T00:00:00	""	Monitoramento	Rua Alto do Reservatorio, #_|/	Nova Descoberta	Alto do Reservatorio	R2	2022-04-09T00:00:00	""				0
1864	Nordeste	2022	Abril	2022-04-09T00:00:00	""	Monitoramento	Rua Alto do Reservatorio, .[?	Nova Descoberta	Alto do Reservatorio	R2	2022-04-09T00:00:00	""				0
1865	Nordeste	2022	Abril	2022-04-09T00:00:00	""	Monitoramento	Rua Alto do Reservatorio, #$[	Nova Descoberta	Alto do Reservatorio	R1	2022-04-09T00:00:00	""				0
1866	Nordeste	2022	Abril	2022-04-09T00:00:00	""	Monitoramento	Rua Alto do Reservatorio, `=-[	Nova Descoberta	Alto do Reservatorio	R1	2022-04-09T00:00:00	""				0
1867	Nordeste	2022	Abril	2022-04-09T00:00:00	""	Monitoramento	Rua Alto do Reservatorio, ?_$.	Nova Descoberta	Alto do Reservatorio	R3	2022-04-09T00:00:00	Encaminhar para Capinacao				0
1868	Nordeste	2022	Abril	2022-04-09T00:00:00	""	Monitoramento	Rua Alto do Reservatorio, >#'\	Nova Descoberta	Alto do Reservatorio	R3	2022-04-09T00:00:00	Encaminhar para Capinacao				0
1869	Nordeste	2022	Abril	2022-04-09T00:00:00	""	Monitoramento	Rua Alto do Reservatorio, $!>=	Nova Descoberta	Alto do Reservatorio	R1	2022-04-09T00:00:00	""				0
1870	Nordeste	2022	Abril	2022-04-09T00:00:00	""	Monitoramento	Rua Alto do Reservatorio, @}>	Nova Descoberta	Alto do Reservatorio	R1	2022-04-09T00:00:00	""				0
1871	Nordeste	2022	Abril	2022-04-09T00:00:00	""	Monitoramento	Rua Alto do Reservatorio, 9<-%	Nova Descoberta	Alto do Reservatorio	R3	2022-04-09T00:00:00	Encaminhar para Colocacao de Lonas				0
1872	Nordeste	2022	Abril	2022-04-09T00:00:00	""	Monitoramento	Rua Alto do Reservatorio, %$<!	Nova Descoberta	Alto do Reservatorio	R1	2022-04-09T00:00:00	""				0
1873	Nordeste	2022	Abril	2022-04-09T00:00:00	""	Monitoramento	Rua Alto do Reservatorio, .<^&	Nova Descoberta	Alto do Reservatorio	R1	2022-04-09T00:00:00	""				0
1874	Nordeste	2022	Abril	2022-04-09T00:00:00	""	Monitoramento	Rua Alto do Reservatorio, ^[{	Nova Descoberta	Alto do Reservatorio	R1	2022-04-09T00:00:00	""				0
1875	Nordeste	2022	Abril	2022-04-09T00:00:00	""	Monitoramento	3ª Travessa do Reservatorio, {})!	Nova Descoberta	Alto do Reservatorio	R3	2022-04-09T00:00:00	Encaminhamentos aos Parceiros				0
1876	Nordeste	2022	Abril	2022-04-09T00:00:00	""	Monitoramento	2ª Travessa do Reservatorio, #^>	Nova Descoberta	Alto do Reservatorio	R3	2022-04-09T00:00:00	""				0
1877	Nordeste	2022	Abril	2022-04-09T00:00:00	""	Monitoramento	Rua Alto do Reservatorio, ~|}[	Nova Descoberta	Alto do Reservatorio	R2	2022-04-09T00:00:00	""				0
1878	Nordeste	2022	Abril	2022-04-09T00:00:00	""	Monitoramento	Rua Alto do Reservatorio, /@9=	Nova Descoberta	Alto do Reservatorio	R2	2022-04-09T00:00:00	""				0
1879	Nordeste	2022	Abril	2022-04-09T00:00:00	""	Monitoramento	"Rua Alto do Reservatorio, +?""]"	Nova Descoberta	Alto do Reservatorio	R2	2022-04-09T00:00:00	""				0
1880	Noroeste	2022	Abril	2022-04-09T00:00:00	""	Monitoramento	Rua Alto Antonio Felix, #$[	Nova Descoberta	Alto Antonio Felix	R2	2022-04-09T00:00:00	Mapeamento de Area de Risco				0
1881	Noroeste	2022	Abril	2022-04-09T00:00:00	""	""	Rua Rita Antonio Felix, ~|}[	Nova Descoberta	Alto Antonio Felix	""	2022-04-09T00:00:00	Acoes de Porta-Porta				0
1882	Noroeste	2022	Abril	2022-04-09T00:00:00	""	""	Rua Rita Antonio Felix, {})!	Nova Descoberta	Alto Antonio Felix	""	2022-04-09T00:00:00	Acoes de Porta-Porta				0
1883	Noroeste	2022	Abril	2022-04-09T00:00:00	""	""	Rua Rita Antonio Felix, {})!	Nova Descoberta	Alto Antonio Felix	""	2022-04-09T00:00:00	Acoes de Porta-Porta				0
1884	Noroeste	2022	Abril	2022-04-09T00:00:00	""	""	Rua Rita Antonio Felix, #^>	Nova Descoberta	Alto Antonio Felix	""	2022-04-09T00:00:00	Acoes de Porta-Porta				0
1885	Noroeste	2022	Abril	2022-04-09T00:00:00	""	""	Rua Rita Antonio Felix, ~|}[	Nova Descoberta	Alto Antonio Felix	""	2022-04-09T00:00:00	Acoes de Porta-Porta				0
1886	Noroeste	2022	Abril	2022-04-09T00:00:00	""	""	Rua Rita Antonio Felix, /@9=	Nova Descoberta	Alto Antonio Felix	""	2022-04-09T00:00:00	Acoes de Porta-Porta				0
1887	Noroeste	2022	Abril	2022-04-09T00:00:00	""	""	"Rua Rita Antonio Felix, #""#~"	Nova Descoberta	Alto Antonio Felix	""	2022-04-09T00:00:00	Acoes de Porta-Porta				0
1888	Noroeste	2022	Abril	2022-04-09T00:00:00	""	""	"Rua Rita Antonio Felix, +?""]"	Nova Descoberta	Alto Antonio Felix	""	2022-04-09T00:00:00	Acoes de Porta-Porta				0
1889	Noroeste	2022	Abril	2022-04-09T00:00:00	""	""	"Rua Elisio Cabral, ""#*9"	Nova Descoberta	Alto Antonio Felix	""	2022-04-09T00:00:00	Acoes de Porta-Porta				0
1890	Noroeste	2022	Abril	2022-04-09T00:00:00	""	""	Rua Macaubau, #_|/	Nova Descoberta	Alto Antonio Felix	""	2022-04-09T00:00:00	Acoes de Porta-Porta				0
1891	Noroeste	2022	Abril	2022-04-09T00:00:00	""	""	Rua Macaubau, .[?	Nova Descoberta	Alto Antonio Felix	""	2022-04-09T00:00:00	Acoes de Porta-Porta				0
1892	Noroeste	2022	Abril	2022-04-09T00:00:00	""	""	Rua Macaubau, #$[	Nova Descoberta	Alto Antonio Felix	""	2022-04-09T00:00:00	Acoes de Porta-Porta				0
1893	Noroeste	2022	Abril	2022-04-09T00:00:00	""	""	Rua Rita Antonio Felix, ^[{	Nova Descoberta	Alto Antonio Felix	""	2022-04-09T00:00:00	Acoes de Porta-Porta				0
1894	Noroeste	2022	Abril	2022-04-09T00:00:00	""	""	Rua Macaubau, `=-[	Nova Descoberta	Alto Antonio Felix	""	2022-04-09T00:00:00	Acoes de Porta-Porta				0
1895	Noroeste	2022	Abril	2022-04-09T00:00:00	""	""	Rua Macaubau, >#'\	Nova Descoberta	Alto Antonio Felix	""	2022-04-09T00:00:00	Acoes de Porta-Porta				0
1896	Noroeste	2022	Abril	2022-04-09T00:00:00	""	""	Rua Enedina, $!>=	Nova Descoberta	Alto Antonio Felix	""	2022-04-09T00:00:00	Acoes de Porta-Porta				0
1897	Noroeste	2022	Abril	2022-04-09T00:00:00	""	""	Rua Enedina, @}>	Nova Descoberta	Alto Antonio Felix	""	2022-04-09T00:00:00	Acoes de Porta-Porta				0
1898	Noroeste	2022	Abril	2022-04-09T00:00:00	""	""	Rua Enedina, 9<-%	Nova Descoberta	Alto Antonio Felix	""	2022-04-09T00:00:00	Acoes de Porta-Porta				0
1899	Noroeste	2022	Abril	2022-04-09T00:00:00	""	""	Rua Enedina, %$<!	Nova Descoberta	Alto Antonio Felix	""	2022-04-09T00:00:00	Acoes de Porta-Porta				0
1900	Noroeste	2022	Abril	2022-04-09T00:00:00	""	""	Rua Enedina, .<^&	Nova Descoberta	Alto Antonio Felix	""	2022-04-09T00:00:00	Acoes de Porta-Porta				0
1901	Noroeste	2022	Abril	2022-04-09T00:00:00	""	""	Subida dos Tres Postes, ^[{	Nova Descoberta	Alto Antonio Felix	""	2022-04-09T00:00:00	Acoes de Porta-Porta				0
1902	Noroeste	2022	Abril	2022-04-09T00:00:00	""	""	Rua Rita Antonio Felix, {})!	Nova Descoberta	Alto Antonio Felix	""	2022-04-09T00:00:00	Acoes de Porta-Porta				0
1903	Noroeste	2022	Abril	2022-04-09T00:00:00	""	""	Rua Macatuba, #^>	Nova Descoberta	Alto Antonio Felix	""	2022-04-09T00:00:00	Acoes de Porta-Porta				0
1904	Noroeste	2022	Abril	2022-04-09T00:00:00	""	""	Rua Macatuba, ~|}[	Nova Descoberta	Alto Antonio Felix	""	2022-04-09T00:00:00	Acoes de Porta-Porta				0
1905	Noroeste	2022	Abril	2022-04-09T00:00:00	""	""	Rua Macaubau, ?_$.	Nova Descoberta	Alto Antonio Felix	""	2022-04-09T00:00:00	Acoes de Porta-Porta				0
1906	Noroeste	2022	Abril	2022-04-09T00:00:00	""	""	Rua Enedina, .<^&	Nova Descoberta	Alto Antonio Felix	""	2022-04-09T00:00:00	Acoes de Porta-Porta				0
1907	Noroeste	2022	Abril	2022-04-09T00:00:00	""	""	Rua Enedina, %$<!	Nova Descoberta	Alto Antonio Felix	""	2022-04-09T00:00:00	Acoes de Porta-Porta				0
1908	Noroeste	2022	Abril	2022-04-09T00:00:00	""	""	Rua Enedina, 9<-%	Nova Descoberta	Alto Antonio Felix	""	2022-04-09T00:00:00	Acoes de Porta-Porta				0
1909	Noroeste	2022	Abril	2022-04-09T00:00:00	""	Monitoramento	Rua Alto Anonio Felix, ?_$.	Nova Descoberta	Alto Antonio Felix	R1	2022-04-09T00:00:00	Mapeamento de Area de Risco				0
1910	Noroeste	2022	Abril	2022-04-09T00:00:00	""	Monitoramento	Rua D, >#'\	Nova Descoberta	Alto Antonio Felix	R1	2022-04-09T00:00:00	Mapeamento de Area de Risco				0
1911	Noroeste	2022	Abril	2022-04-09T00:00:00	""	Monitoramento	Rua D, $!>=	Nova Descoberta	Alto Antonio Felix	R1	2022-04-09T00:00:00	Mapeamento de Area de Risco				0
1912	Noroeste	2022	Abril	2022-04-09T00:00:00	""	Monitoramento	Rua Macatuba, @}>	Nova Descoberta	Alto Antonio Felix	R2	2022-04-09T00:00:00	Mapeamento de Area de Risco				0
1913	Noroeste	2022	Abril	2022-04-09T00:00:00	""	Monitoramento	Rua Elisio Cabral, 9<-%	Nova Descoberta	Alto Antonio Felix	R1	2022-04-09T00:00:00	Mapeamento de Area de Risco				0
1914	Noroeste	2022	Abril	2022-04-09T00:00:00	""	Monitoramento	Rua Elisio Cabral, %$<!	Nova Descoberta	Alto Antonio Felix	R2	2022-04-09T00:00:00	Mapeamento de Area de Risco				0
1915	Noroeste	2022	Abril	2022-04-09T00:00:00	""	Monitoramento	Rua Elisio Cabral, .<^&	Nova Descoberta	Alto Antonio Felix	R2	2022-04-09T00:00:00	Mapeamento de Area de Risco				0
1916	Noroeste	2022	Abril	2022-04-09T00:00:00	""	Monitoramento	Rua Elisio Cabral, ^[{	Nova Descoberta	Alto Antonio Felix	R2	2022-04-09T00:00:00	Mapeamento de Area de Risco				0
1917	Noroeste	2022	Abril	2022-04-09T00:00:00	""	Monitoramento	Rua Elisio Cabral, {})!	Nova Descoberta	Alto Antonio Felix	R2	2022-04-09T00:00:00	Mapeamento de Area de Risco				0
1918	Noroeste	2022	Abril	2022-04-09T00:00:00	""	Monitoramento	2ª Travessa Elisio Cabral, #^>	Nova Descoberta	Alto Antonio Felix	R1	2022-04-09T00:00:00	Mapeamento de Area de Risco				0
1919	Noroeste	2022	Abril	2022-04-09T00:00:00	""	Monitoramento	2ª Travessa Elisio Cabral, ~|}[	Nova Descoberta	Alto Antonio Felix	R1	2022-04-09T00:00:00	Mapeamento de Area de Risco				0
1920	Noroeste	2022	Abril	2022-04-09T00:00:00	""	Monitoramento	2ª Travessa Elisio Cabral, /@9=	Nova Descoberta	Alto Antonio Felix	R1	2022-04-09T00:00:00	Mapeamento de Area de Risco				0
1921	Noroeste	2022	Abril	2022-04-09T00:00:00	""	Monitoramento	"Rua Elisio Cabral, #""#~"	Nova Descoberta	Alto Antonio Felix	R2	2022-04-09T00:00:00	Mapeamento de Area de Risco				0
1922	Noroeste	2022	Abril	2022-04-09T00:00:00	""	Monitoramento	"Rua Elisio Cabral, +?""]"	Nova Descoberta	Alto Antonio Felix	R1	2022-04-09T00:00:00	Mapeamento de Area de Risco				0
1923	Noroeste	2022	Abril	2022-04-09T00:00:00	""	Monitoramento	"Rua Elisio Cabral, ""#*9"	Nova Descoberta	Alto Antonio Felix	R2	2022-04-09T00:00:00	Mapeamento de Area de Risco				0
1924	Noroeste	2022	Abril	2022-04-09T00:00:00	""	Monitoramento	Rua Elisio Cabral, #_|/	Nova Descoberta	Alto Antonio Felix	R2	2022-04-09T00:00:00	Mapeamento de Area de Risco				0
1925	Noroeste	2022	Abril	2022-04-09T00:00:00	""	""	Rua Alto Antonio Felix, .[?	Nova Descoberta	Alto Antonio Felix	""	2022-04-09T00:00:00	Acoes de Porta-Porta				0
1926	Noroeste	2022	Abril	2022-04-09T00:00:00	""	""	Rua Bonfim, #$[	Nova Descoberta	Alto Antonio Felix	""	2022-04-09T00:00:00	Acoes de Porta-Porta				0
1927	Noroeste	2022	Abril	2022-04-09T00:00:00	""	""	Rua Alto Antonio Feliz, `=-[	Nova Descoberta	Alto Antonio Felix	""	2022-04-09T00:00:00	Acoes de Porta-Porta				0
1928	Noroeste	2022	Abril	2022-04-09T00:00:00	""	""	Rua Alto Antonio Feliz, ?_$.	Nova Descoberta	Alto Antonio Felix	""	2022-04-09T00:00:00	Acoes de Porta-Porta				0
1929	Noroeste	2022	Abril	2022-04-09T00:00:00	""	""	Rua D, >#'\	Nova Descoberta	Alto Antonio Felix	""	2022-04-09T00:00:00	Acoes de Porta-Porta				0
1930	Noroeste	2022	Abril	2022-04-09T00:00:00	""	""	Rua D, $!>=	Nova Descoberta	Alto Antonio Felix	""	2022-04-09T00:00:00	Acoes de Porta-Porta				0
1931	Noroeste	2022	Abril	2022-04-09T00:00:00	""	""	Rua Enedina, @}>	Nova Descoberta	Alto Antonio Felix	""	2022-04-09T00:00:00	Acoes de Porta-Porta				0
1932	Noroeste	2022	Abril	2022-04-09T00:00:00	""	""	Rua Rita Antonio Felix, /@9=	Nova Descoberta	Alto Antonio Felix	""	2022-04-09T00:00:00	Acoes de Porta-Porta				0
1933	Noroeste	2022	Abril	2022-04-09T00:00:00	""	""	"Rua Macatuba, #""#~"	Nova Descoberta	Alto Antonio Felix	""	2022-04-09T00:00:00	Acoes de Porta-Porta				0
1934	Noroeste	2022	Abril	2022-04-09T00:00:00	""	""	"Rua Rita Antonio Felix, +?""]"	Nova Descoberta	Alto Antonio Felix	""	2022-04-09T00:00:00	Acoes de Porta-Porta				0
1935	Noroeste	2022	Abril	2022-04-09T00:00:00	""	""	"Rua Rita Antonio Felix, ""#*9"	Nova Descoberta	Alto Antonio Felix	""	2022-04-09T00:00:00	Acoes de Porta-Porta				0
1936	Noroeste	2022	Abril	2022-04-09T00:00:00	""	""	Rua Elisio Cabral, 9<-%	Nova Descoberta	Alto Antonio Felix	""	2022-04-09T00:00:00	Acoes de Porta-Porta				0
1937	Noroeste	2022	Abril	2022-04-09T00:00:00	""	""	Rua Elisio Cabral, %$<!	Nova Descoberta	Alto Antonio Felix	""	2022-04-09T00:00:00	Acoes de Porta-Porta				0
1938	Noroeste	2022	Abril	2022-04-09T00:00:00	""	""	2ª Travessa Elisio Cabral, .<^&	Nova Descoberta	Alto Antonio Felix	""	2022-04-09T00:00:00	Acoes de Porta-Porta				0
1939	Noroeste	2022	Abril	2022-04-09T00:00:00	""	""	2ª Travessa Elisio Cabral, ^[{	Nova Descoberta	Alto Antonio Felix	""	2022-04-09T00:00:00	Acoes de Porta-Porta				0
1940	Noroeste	2022	Abril	2022-04-09T00:00:00	""	""	2ª Travessa Elisio Cabral, {})!	Nova Descoberta	Alto Antonio Felix	""	2022-04-09T00:00:00	Acoes de Porta-Porta				0
1941	Noroeste	2022	Abril	2022-04-09T00:00:00	""	""	Rua Elisio Cabral, #^>	Nova Descoberta	Alto Antonio Felix	""	2022-04-09T00:00:00	Acoes de Porta-Porta				0
1942	Noroeste	2022	Abril	2022-04-09T00:00:00	""	""	Rua Elisio Cabral, ~|}[	Nova Descoberta	Alto Antonio Felix	""	2022-04-09T00:00:00	Acoes de Porta-Porta				0
1943	Noroeste	2022	Abril	2022-04-09T00:00:00	""	""	Rua Elisio Cabral, /@9=	Nova Descoberta	Alto Antonio Felix	""	2022-04-09T00:00:00	Acoes de Porta-Porta				0
1944	Noroeste	2022	Abril	2022-04-09T00:00:00	""	""	"Rua Elisio Cabral, #""#~"	Nova Descoberta	Alto Antonio Felix	""	2022-04-09T00:00:00	Acoes de Porta-Porta				0
1945	Noroeste	2022	Abril	2022-04-09T00:00:00	""	""	"Rua Rita Antonio Felix, +?""]"	Nova Descoberta	Alto Antonio Felix	""	2022-04-09T00:00:00	Acoes de Porta-Porta				0
1946	Noroeste	2022	Abril	2022-04-09T00:00:00	""	""	"Rua Rita Antonio Felix, ""#*9"	Nova Descoberta	Alto Antonio Felix	""	2022-04-09T00:00:00	Acoes de Porta-Porta				0
1947	Noroeste	2022	Abril	2022-04-09T00:00:00	""	""	Rua Rita Antonio Felix, #_|/	Nova Descoberta	Alto Antonio Felix	""	2022-04-09T00:00:00	Acoes de Porta-Porta				0
1948	Noroeste	2022	Abril	2022-04-09T00:00:00	""	""	Rua Rita Antonio Felix, .[?	Nova Descoberta	Alto Antonio Felix	""	2022-04-09T00:00:00	Acoes de Porta-Porta				0
1949	Noroeste	2022	Abril	2022-04-09T00:00:00	""	""	Travessa Nova Descoberta, #$[	Nova Descoberta	Alto Antonio Felix	""	2022-04-09T00:00:00	Acoes de Porta-Porta				0
1950	Noroeste	2022	Abril	2022-04-09T00:00:00	""	""	Travessa Nova Descoberta, `=-[	Nova Descoberta	Alto Antonio Felix	""	2022-04-09T00:00:00	Acoes de Porta-Porta				0
1951	Noroeste	2022	Abril	2022-04-09T00:00:00	""	""	Travessa Nova Descoberta, ?_$.	Nova Descoberta	Alto Antonio Felix	""	2022-04-09T00:00:00	Acoes de Porta-Porta				0
1952	Noroeste	2022	Abril	2022-04-09T00:00:00	""	""	Travessa Nova Descoberta, >#'\	Nova Descoberta	Alto Antonio Felix	""	2022-04-09T00:00:00	Acoes de Porta-Porta				0
1953	Noroeste	2022	Abril	2022-04-09T00:00:00	""	""	Rua Rita Antonio Felix, $!>=	Nova Descoberta	Alto Antonio Felix	""	2022-04-09T00:00:00	Acoes de Porta-Porta				0
1954	Noroeste	2022	Abril	2022-04-09T00:00:00	""	""	Rua Rita Antonio Felix, @}>	Nova Descoberta	Alto Antonio Felix	""	2022-04-09T00:00:00	Acoes de Porta-Porta				0
1955	Noroeste	2022	Abril	2022-04-09T00:00:00	""	""	Rua Rita Antonio Felix, 9<-%	Nova Descoberta	Alto Antonio Felix	""	2022-04-09T00:00:00	Acoes de Porta-Porta				0
1956	Noroeste	2022	Abril	2022-04-09T00:00:00	""	""	Rua Rita Antonio Felix, %$<!	Nova Descoberta	Alto Antonio Felix	""	2022-04-09T00:00:00	Acoes de Porta-Porta				0
1957	Noroeste	2022	Abril	2022-04-09T00:00:00	""	""	Rua Rita Antonio Felix, .<^&	Nova Descoberta	Alto Antonio Felix	""	2022-04-09T00:00:00	Acoes de Porta-Porta				0
1958	Noroeste	2022	Abril	2022-04-09T00:00:00	""	""	Rua Rita Antonio Felix, ^[{	Nova Descoberta	Alto Antonio Felix	""	2022-04-09T00:00:00	Acoes de Porta-Porta				0
1959	Noroeste	2022	Abril	2022-04-09T00:00:00	""	""	Rua Elisio Cabral, @}>	Nova Descoberta	Alto Antonio Felix	""	2022-04-09T00:00:00	Acoes de Porta-Porta				0
1960	Noroeste	2022	Abril	2022-04-09T00:00:00	""	""	Rua Rita Antonio Felix, #^>	Nova Descoberta	Alto Antonio Felix	""	2022-04-09T00:00:00	Acoes de Porta-Porta				0
1961	Noroeste	2022	Abril	2022-04-09T00:00:00	""	""	Rua Elisio Cabral, $!>=	Nova Descoberta	Alto Antonio Felix	""	2022-04-09T00:00:00	Acoes de Porta-Porta				0
1962	Noroeste	2022	Abril	2022-04-09T00:00:00	""	""	Rua Macatuba, ?_$.	Nova Descoberta	Alto Antonio Felix	""	2022-04-09T00:00:00	Acoes de Porta-Porta				0
1963	Noroeste	2022	Abril	2022-04-09T00:00:00	""	""	Rua Rita Antonio Felix, #_|/	Nova Descoberta	Alto Antonio Felix	""	2022-04-09T00:00:00	Acoes de Porta-Porta				0
1964	Noroeste	2022	Abril	2022-04-09T00:00:00	""	""	Rua Rita Antonio Felix, .[?	Nova Descoberta	Alto Antonio Felix	""	2022-04-09T00:00:00	Acoes de Porta-Porta				0
1965	Noroeste	2022	Abril	2022-04-09T00:00:00	""	""	Rua Rita Antonio Felix, #$[	Nova Descoberta	Alto Antonio Felix	""	2022-04-09T00:00:00	Acoes de Porta-Porta				0
1966	Noroeste	2022	Abril	2022-04-09T00:00:00	""	""	Rua Rita Antonio Felix, `=-[	Nova Descoberta	Alto Antonio Felix	""	2022-04-09T00:00:00	Acoes de Porta-Porta				0
1967	Noroeste	2022	Abril	2022-04-09T00:00:00	""	""	Rua Rita Antonio Felix, ?_$.	Nova Descoberta	Alto Antonio Felix	""	2022-04-09T00:00:00	Acoes de Porta-Porta				0
1968	Noroeste	2022	Abril	2022-04-09T00:00:00	""	""	Rua Macaubal, >#'\	Nova Descoberta	Alto Antonio Felix	""	2022-04-09T00:00:00	Acoes de Porta-Porta				0
1969	Noroeste	2022	Abril	2022-04-09T00:00:00	""	""	Rua Macaubal, $!>=	Nova Descoberta	Alto Antonio Felix	""	2022-04-09T00:00:00	Acoes de Porta-Porta				0
1970	Noroeste	2022	Abril	2022-04-09T00:00:00	""	""	Rua Macaubal, @}>	Nova Descoberta	Alto Antonio Felix	""	2022-04-09T00:00:00	Acoes de Porta-Porta				0
1971	Noroeste	2022	Abril	2022-04-09T00:00:00	""	""	Rua Macaubal, 9<-%	Nova Descoberta	Alto Antonio Felix	""	2022-04-09T00:00:00	Acoes de Porta-Porta				0
1972	Noroeste	2022	Abril	2022-04-09T00:00:00	""	""	Rua Macaubal, %$<!	Nova Descoberta	Alto Antonio Felix	""	2022-04-09T00:00:00	Acoes de Porta-Porta				0
1973	Noroeste	2022	Abril	2022-04-09T00:00:00	""	""	Rua Macaubal, .<^&	Nova Descoberta	Alto Antonio Felix	""	2022-04-09T00:00:00	Acoes de Porta-Porta				0
1974	Noroeste	2022	Abril	2022-04-09T00:00:00	""	""	Rua Enedina, ^[{	Nova Descoberta	Alto Antonio Felix	""	2022-04-09T00:00:00	Acoes de Porta-Porta				0
1975	Noroeste	2022	Abril	2022-04-09T00:00:00	""	""	Rua Enedina, {})!	Nova Descoberta	Alto Antonio Felix	""	2022-04-09T00:00:00	Acoes de Porta-Porta				0
1976	Noroeste	2022	Abril	2022-04-09T00:00:00	""	""	Rua Luiza, #^>	Nova Descoberta	Alto Antonio Felix	""	2022-04-09T00:00:00	Acoes de Porta-Porta				0
1977	Noroeste	2022	Abril	2022-04-09T00:00:00	""	""	Rua Rita Antonio Felix, ~|}[	Nova Descoberta	Alto Antonio Felix	""	2022-04-09T00:00:00	Acoes de Porta-Porta				0
1978	Noroeste	2022	Abril	2022-04-09T00:00:00	""	""	Rua Rita Antonio Felix, /@9=	Nova Descoberta	Alto Antonio Felix	""	2022-04-09T00:00:00	Acoes de Porta-Porta				0
1979	Noroeste	2022	Abril	2022-04-09T00:00:00	""	""	"Rua Rita Antonio Felix, #""#~"	Nova Descoberta	Alto Antonio Felix	""	2022-04-09T00:00:00	Acoes de Porta-Porta				0
1980	Noroeste	2022	Abril	2022-04-09T00:00:00	""	""	"Rua Luiza, +?""]"	Nova Descoberta	Alto Antonio Felix	""	2022-04-09T00:00:00	Acoes de Porta-Porta				0
1981	Noroeste	2022	Abril	2022-04-09T00:00:00	""	""	"Rua Alto Antonio Felix, ""#*9"	Nova Descoberta	Alto Antonio Felix	""	2022-04-09T00:00:00	Acoes de Porta-Porta				0
1982	Noroeste	2022	Abril	2022-04-09T00:00:00	""	""	Rua Alto Ant}Onio Felix, #_|/	Nova Descoberta	Alto Antonio Felix	""	2022-04-09T00:00:00	Acoes de Porta-Porta				0
1983	Noroeste	2022	Abril	2022-04-09T00:00:00	""	""	Rua Alto Anonio Felix, .[?	Nova Descoberta	Alto Antonio Felix	""	2022-04-09T00:00:00	Acoes de Porta-Porta				0
1984	Noroeste	2022	Abril	2022-04-09T00:00:00	""	""	Rua D, #$[	Nova Descoberta	Alto Antonio Felix	""	2022-04-09T00:00:00	Acoes de Porta-Porta				0
1985	Noroeste	2022	Abril	2022-04-09T00:00:00	""	""	Rua D, `=-[	Nova Descoberta	Alto Antonio Felix	""	2022-04-09T00:00:00	Acoes de Porta-Porta				0
1986	Noroeste	2022	Abril	2022-04-09T00:00:00	""	""	Rua Elisio Cabral, >#'\	Nova Descoberta	Alto Antonio Felix	""	2022-04-09T00:00:00	Acoes de Porta-Porta				0
1987	Oeste	2022	Abril	2022-04-11T00:00:00	""	""	Rua Engenho Babilonia, >#'\	Barro	Vila dos Milagres	""	2022-04-11T00:00:00	Atendimento Social				0
1988	Sul	2022	Abril	2022-04-06T00:00:00	""	""	Rua Doutor Pedro Moscoso, `=-[	Cohab	Lagoa Encantada	""	2022-04-06T00:00:00	Acoes de Porta-Porta				0
1989	Oeste	2022	Abril	2022-04-11T00:00:00	""	""	Rua Afonso Pena, `=-[	Barro	Pantanal	""	2022-04-11T00:00:00	Atendimento Social				0
1990	Norte	2022	Abril	2022-04-13T00:00:00	""	Monitoramento	1ª Travessa Vertentes do Lerio, #^>	Dois Unidos	Alto do Rosario	R2	2022-04-13T00:00:00	""				0
1991	Norte	2022	Abril	2022-04-13T00:00:00	""	Monitoramento	1ª Travessa Vertentes do Lerio, ~|}[	Dois Unidos	Alto do Rosario	R2	2022-04-13T00:00:00	""				0
1992	Norte	2022	Abril	2022-04-13T00:00:00	""	Monitoramento	1ª Travessa Vertentes do Lerio, /@9=	Dois Unidos	Alto do Rosario	R2	2022-04-13T00:00:00	""				0
1993	Norte	2022	Abril	2022-04-13T00:00:00	""	Monitoramento	"1ª Travessa Vertentes do Lerio, #""#~"	Dois Unidos	Alto do Rosario	R2	2022-04-13T00:00:00	""				0
1994	Norte	2022	Abril	2022-04-13T00:00:00	""	Monitoramento	"1ª Travessa Vertentes do Lerio, +?""]"	Dois Unidos	Alto do Rosario	R2	2022-04-13T00:00:00	""				0
1995	Norte	2022	Abril	2022-04-13T00:00:00	""	Monitoramento	"1ª Travessa Vertentes do Lerio, ""#*9"	Dois Unidos	Alto do Rosario	R3	2022-04-13T00:00:00	""				0
1996	Norte	2022	Abril	2022-04-13T00:00:00	""	Monitoramento	1ª Travessa Vertentes do Lerio, #_|/	Dois Unidos	Alto do Rosario	R3	2022-04-13T00:00:00	""				0
1997	Norte	2022	Abril	2022-04-13T00:00:00	""	Monitoramento	1ª Travessa Vertentes do Lerio, .[?	Dois Unidos	Alto do Rosario	R2	2022-04-13T00:00:00	""				0
1998	Norte	2022	Abril	2022-04-13T00:00:00	""	Monitoramento	1ª Travessa Vertentes do Lerio, #$[	Dois Unidos	Alto do Rosario	R2	2022-04-13T00:00:00	""				0
1999	Norte	2022	Abril	2022-04-13T00:00:00	""	Monitoramento	1ª Travessa Vertentes do Lerio, `=-[	Dois Unidos	Alto do Rosario	R2	2022-04-13T00:00:00	""				0
2000	Norte	2022	Abril	2022-04-13T00:00:00	""	Monitoramento	1ª Travessa Vertentes do Lerio, ?_$.	Dois Unidos	Alto do Rosario	R2	2022-04-13T00:00:00	""				0
2001	Norte	2022	Abril	2022-04-13T00:00:00	""	Monitoramento	1ª Travessa Vertentes do Lerio, >#'\	Dois Unidos	Alto do Rosario	R2	2022-04-13T00:00:00	""				0
2002	Norte	2022	Abril	2022-04-13T00:00:00	""	Monitoramento	1ª Travessa Vertentes do Lerio, $!>=	Dois Unidos	Alto do Rosario	R2	2022-04-13T00:00:00	""				0
2003	Norte	2022	Abril	2022-04-13T00:00:00	""	Monitoramento	Rua Bueno S//N, @}>	Dois Unidos	Alto do Rosario	R2	2022-04-13T00:00:00	""				0
2004	Norte	2022	Abril	2022-04-13T00:00:00	""	Monitoramento	Rua Bueno, 9<-%	Dois Unidos	Alto do Rosario	R2	2022-04-13T00:00:00	""				0
2005	Norte	2022	Abril	2022-04-13T00:00:00	""	Monitoramento	Rua Bueno, %$<!	Dois Unidos	Alto do Rosario	R2	2022-04-13T00:00:00	""				0
2006	Norte	2022	Abril	2022-04-13T00:00:00	""	Monitoramento	Rua Bueno, .<^&	Dois Unidos	Alto do Rosario	R2	2022-04-13T00:00:00	""				0
2007	Norte	2022	Abril	2022-04-13T00:00:00	""	Monitoramento	Rua Bueno S, ^[{	Dois Unidos	Alto do Rosario	R2	2022-04-13T00:00:00	""				0
2008	Norte	2022	Abril	2022-04-13T00:00:00	""	Monitoramento	Rua Bueno, {})!	Dois Unidos	Alto do Rosario	R2	2022-04-13T00:00:00	""				0
2009	Norte	2022	Abril	2022-04-13T00:00:00	""	Monitoramento	1ª Travessa Vertentes do Lerio, {})!	Dois Unidos	Alto do Rosario	R2	2022-04-13T00:00:00	""				0
2010	Norte	2022	Abril	2022-04-13T00:00:00	""	Monitoramento	Rua Bueno, #^>	Dois Unidos	Alto do Rosario	R2	2022-04-13T00:00:00	""				0
2011	Norte	2022	Abril	2022-04-13T00:00:00	""	Monitoramento	1ª Travessa Vertentes do Lerio, ^[{	Dois Unidos	Alto do Rosario	R2	2022-04-13T00:00:00	""				0
2012	Norte	2022	Abril	2022-04-13T00:00:00	""	Monitoramento	4ª Travessa Vertentes do Lerio, %$<!	Dois Unidos	Alto do Rosario	R3	2022-04-13T00:00:00	""				0
2013	Norte	2022	Abril	2022-04-13T00:00:00	""	""	Rua Corrego Joao Francisco, %$<!	Bomba do Hemeterio	Corrego Joao Francisco	""	2022-04-13T00:00:00	Distribuicao de Cestas Basicas	1			0
2014	Norte	2022	Abril	2022-04-13T00:00:00	""	Monitoramento	Rua Vertentes do Lerio, .<^&	Dois Unidos	Alto do Rosario	R1	2022-04-13T00:00:00	""				0
2015	Norte	2022	Abril	2022-04-13T00:00:00	""	Monitoramento	Rua Vertentes do Lerio, ^[{	Dois Unidos	Alto do Rosario	R1	2022-04-13T00:00:00	""				0
2016	Norte	2022	Abril	2022-04-13T00:00:00	""	Monitoramento	Rua Vertentes do Lerio, {})!	Dois Unidos	Alto do Rosario	R1	2022-04-13T00:00:00	""				0
2017	Norte	2022	Abril	2022-04-13T00:00:00	""	Monitoramento	Rua Vertentes do Lerio, #^>	Dois Unidos	Alto do Rosario	R1	2022-04-13T00:00:00	""				0
2018	Norte	2022	Abril	2022-04-13T00:00:00	""	Monitoramento	Rua Vertentes do Lerio, ~|}[	Dois Unidos	Alto do Rosario	R1	2022-04-13T00:00:00	""				0
2019	Norte	2022	Abril	2022-04-13T00:00:00	""	Monitoramento	Rua Vertentes do Lerio, /@9=	Dois Unidos	Alto do Rosario	R1	2022-04-13T00:00:00	""				0
2020	Norte	2022	Abril	2022-04-13T00:00:00	""	Monitoramento	"Rua Vertentes do Lerio, #""#~"	Dois Unidos	Alto do Rosario	R1	2022-04-13T00:00:00	""				0
2021	Norte	2022	Abril	2022-04-13T00:00:00	""	Monitoramento	"Rua Vertentes do Lerio, +?""]"	Dois Unidos	Alto do Rosario	R1	2022-04-13T00:00:00	""				0
2022	Norte	2022	Abril	2022-04-13T00:00:00	""	Monitoramento	"Rua Vertentes do Lerio, ""#*9"	Dois Unidos	Alto do Rosario	R1	2022-04-13T00:00:00	""				0
2023	Norte	2022	Abril	2022-04-13T00:00:00	""	Monitoramento	Rua Vertentes do Lerio, #_|/	Dois Unidos	Alto do Rosario	R1	2022-04-13T00:00:00	""				0
2024	Norte	2022	Abril	2022-04-13T00:00:00	""	Monitoramento	4ª Travessa Vertentes do Lerio, .[?	Dois Unidos	Alto do Rosario	R1	2022-04-13T00:00:00	""				0
2025	Norte	2022	Abril	2022-04-13T00:00:00	""	Monitoramento	4ª Travessa Vertentes do Lerio, #$[	Dois Unidos	Alto do Rosario	R2	2022-04-13T00:00:00	""				0
2026	Norte	2022	Abril	2022-04-13T00:00:00	""	Monitoramento	4ª Travessa Vertentes do Lerio, `=-[	Dois Unidos	Alto do Rosario	R3	2022-04-13T00:00:00	Encaminhar para Colocacao de Lonas				0
2027	Norte	2022	Abril	2022-04-13T00:00:00	""	Monitoramento	4ª Travessa Vertentes do Lerio, ?_$.	Dois Unidos	Alto do Rosario	R2	2022-04-13T00:00:00	""				0
2028	Norte	2022	Abril	2022-04-13T00:00:00	""	Monitoramento	4ª Travessa Vertentes do Lerio, >#'\	Dois Unidos	Alto do Rosario	R3	2022-04-13T00:00:00	Encaminhar para Colocacao de Lonas				0
2029	Norte	2022	Abril	2022-04-13T00:00:00	""	Monitoramento	4ª Travessa Vertentes do Lerio, $!>=	Dois Unidos	Alto do Rosario	R3	2022-04-13T00:00:00	Encaminhar para Colocacao de Lonas				0
2030	Norte	2022	Abril	2022-04-13T00:00:00	""	Monitoramento	4ª Travessa Vertentes do Lerio, @}>	Dois Unidos	Alto do Rosario	R3	2022-04-13T00:00:00	""				0
2031	Norte	2022	Abril	2022-04-13T00:00:00	""	Monitoramento	4ª Travessa Vertentes do Lerio, 9<-%	Dois Unidos	Alto do Rosario	R3	2022-04-13T00:00:00	""				0
2032	Norte	2022	Abril	2022-04-13T00:00:00	""	Monitoramento	4ª Travessa Vertentes do Lerio, .<^&	Dois Unidos	Alto do Rosario	R2	2022-04-13T00:00:00	Orientado a Sair do Imovel em Caso de Chuva				0
2033	Norte	2022	Abril	2022-04-13T00:00:00	""	Vistoria	Rua Alto da Jaqueira, 9<-%	Linha do Tiro	Alto da Jaqueira	R3	2022-04-13T00:00:00	""				0
2034	Norte	2022	Abril	2022-04-13T00:00:00	""	Monitoramento	Rua Bueno, ~|}[	Dois Unidos	Alto do Rosario	R2	2022-04-13T00:00:00	""				0
2035	Norte	2022	Abril	2022-04-13T00:00:00	""	Monitoramento	"Rua Bueno, #""#~"	Dois Unidos	Alto do Rosario	R2	2022-04-13T00:00:00	""				0
2036	Noroeste	2022	Abril	2022-04-13T00:00:00	""	Monitoramento	Rua Alto da Carola, #$[	Vasco da Gama 	Alto Nossa Senhora de Fatima	R3	2022-04-13T00:00:00	Mapeamento de Area de Risco				0
2037	Noroeste	2022	Abril	2022-04-13T00:00:00	""	Monitoramento	Rua Alto da Carola, `=-[	Vasco da Gama 	Alto Nossa Senhora de Fatima	R3	2022-04-13T00:00:00	Mapeamento de Area de Risco				0
2038	Noroeste	2022	Abril	2022-04-13T00:00:00	""	Monitoramento	Rua Alto da Carola, ?_$.	Vasco da Gama 	Alto Nossa Senhora de Fatima	R1	2022-04-13T00:00:00	Mapeamento de Area de Risco				0
2039	Noroeste	2022	Abril	2022-04-13T00:00:00	""	Monitoramento	Rua Alto da Carola, >#'\	Vasco da Gama 	Alto Nossa Senhora de Fatima	R1	2022-04-13T00:00:00	Mapeamento de Area de Risco				0
2040	Noroeste	2022	Abril	2022-04-13T00:00:00	""	Monitoramento	Rua Alto da Carola, $!>=	Vasco da Gama 	Alto Nossa Senhora de Fatima	R1	2022-04-13T00:00:00	Mapeamento de Area de Risco				0
2041	Noroeste	2022	Abril	2022-04-13T00:00:00	""	Monitoramento	Rua Alto da Carola, @}>	Vasco da Gama 	Alto Nossa Senhora de Fatima	R1	2022-04-13T00:00:00	Mapeamento de Area de Risco				0
2042	Noroeste	2022	Abril	2022-04-13T00:00:00	""	Monitoramento	Rua Alto da Carola, 9<-%	Vasco da Gama 	Alto Nossa Senhora de Fatima	R1	2022-04-13T00:00:00	Mapeamento de Area de Risco				0
2043	Noroeste	2022	Abril	2022-04-13T00:00:00	""	Monitoramento	Rua Alto da Carola, %$<!	Vasco da Gama 	Alto Nossa Senhora de Fatima	R1	2022-04-13T00:00:00	Mapeamento de Area de Risco				0
2044	Noroeste	2022	Abril	2022-04-13T00:00:00	""	Monitoramento	Rua Alto da Carola, .<^&	Vasco da Gama 	Alto Nossa Senhora de Fatima	R2	2022-04-13T00:00:00	Mapeamento de Area de Risco				0
2045	Noroeste	2022	Abril	2022-04-13T00:00:00	""	Monitoramento	Rua Alto da Carola, ^[{	Vasco da Gama 	Alto Nossa Senhora de Fatima	R1	2022-04-13T00:00:00	Mapeamento de Area de Risco				0
2046	Noroeste	2022	Abril	2022-04-13T00:00:00	""	Monitoramento	Rua Alto da Carola, {})!	Vasco da Gama 	Alto Nossa Senhora de Fatima	R1	2022-04-13T00:00:00	Mapeamento de Area de Risco				0
2047	Noroeste	2022	Abril	2022-04-13T00:00:00	""	Monitoramento	Rua Alto da Carola, #^>	Vasco da Gama 	Alto Nossa Senhora de Fatima	R1	2022-04-13T00:00:00	Mapeamento de Area de Risco				0
2048	Noroeste	2022	Abril	2022-04-13T00:00:00	""	Monitoramento	Rua Alto da Carola, ~|}[	Vasco da Gama 	Alto Nossa Senhora de Fatima	R2	2022-04-13T00:00:00	Mapeamento de Area de Risco				0
2049	Noroeste	2022	Abril	2022-04-13T00:00:00	""	Monitoramento	Rua Alto da Carola, /@9=	Vasco da Gama 	Alto Nossa Senhora de Fatima	R2	2022-04-13T00:00:00	Mapeamento de Area de Risco				0
2050	Noroeste	2022	Abril	2022-04-13T00:00:00	""	Monitoramento	"Rua Alto da Carola, #""#~"	Vasco da Gama 	Alto Nossa Senhora de Fatima	R2	2022-04-13T00:00:00	Mapeamento de Area de Risco				0
2051	Noroeste	2022	Abril	2022-04-13T00:00:00	""	Monitoramento	"Rua Alto da Carola, +?""]"	Vasco da Gama 	Alto Nossa Senhora de Fatima	R2	2022-04-13T00:00:00	Mapeamento de Area de Risco				0
2052	Noroeste	2022	Abril	2022-04-13T00:00:00	""	Monitoramento	"Rua Alto da Carola, ""#*9"	Vasco da Gama 	Alto Nossa Senhora de Fatima	R2	2022-04-13T00:00:00	Mapeamento de Area de Risco				0
2053	Noroeste	2022	Abril	2022-04-13T00:00:00	""	Monitoramento	Rua Alto da Carola, #_|/	Vasco da Gama 	Alto Nossa Senhora de Fatima	R2	2022-04-13T00:00:00	Mapeamento de Area de Risco				0
2054	Noroeste	2022	Abril	2022-04-13T00:00:00	""	Monitoramento	Rua Alto da Carola, .[?	Vasco da Gama 	Alto Nossa Senhora de Fatima	R1	2022-04-13T00:00:00	Mapeamento de Area de Risco				0
2055	Noroeste	2022	Abril	2022-04-13T00:00:00	""	Monitoramento	Rua Alto da Carola, .[?	Vasco da Gama 	Alto Nossa Senhora de Fatima	R3	2022-04-13T00:00:00	Mapeamento de Area de Risco				0
2056	Norte	2022	Abril	2022-04-13T00:00:00	""	Monitoramento	Rua Bueno, /@9=	Dois Unidos	Alto do Rosario	R2	2022-04-13T00:00:00	""				0
2057	Noroeste	2022	Abril	2022-04-13T00:00:00	""	Monitoramento	Rua Alto da Carola, #_|/	Vasco da Gama 	Alto Nossa Senhora de Fatima	R2	2022-04-13T00:00:00	Mapeamento de Area de Risco				0
2058	Noroeste	2022	Abril	2022-04-13T00:00:00	""	Monitoramento	"Rua Alto da Carola, +?""]"	Vasco da Gama 	Alto Nossa Senhora de Fatima	R1	2022-04-13T00:00:00	Mapeamento de Area de Risco				0
2059	Norte	2022	Abril	2022-04-13T00:00:00	""	Monitoramento	"Rua Bueno, +?""]"	Dois Unidos	Alto do Rosario	R2	2022-04-13T00:00:00	""				0
2060	Norte	2022	Abril	2022-04-13T00:00:00	""	Monitoramento	"Rua Bueno, ""#*9"	Dois Unidos	Alto do Rosario	R2	2022-04-13T00:00:00	""				0
2061	Norte	2022	Abril	2022-04-13T00:00:00	""	Monitoramento	Rua Bueno, #_|/	Dois Unidos	Alto do Rosario	R2	2022-04-13T00:00:00	""				0
2062	Norte	2022	Abril	2022-04-13T00:00:00	""	Monitoramento	Rua Bueno, .[?	Dois Unidos	Alto do Rosario	R2	2022-04-13T00:00:00	""				0
2063	Norte	2022	Abril	2022-04-13T00:00:00	""	Monitoramento	Rua Bueno, #$[	Dois Unidos	Alto do Rosario	R2	2022-04-13T00:00:00	""				0
2064	Norte	2022	Abril	2022-04-13T00:00:00	""	Monitoramento	Rua Bueno, `=-[	Dois Unidos	Alto do Rosario	R2	2022-04-13T00:00:00	""				0
2065	Norte	2022	Abril	2022-04-13T00:00:00	""	Monitoramento	Rua Bueno, ?_$.	Dois Unidos	Alto do Rosario	R2	2022-04-13T00:00:00	""				0
2066	Norte	2022	Abril	2022-04-13T00:00:00	""	Monitoramento	Rua Bueno, >#'\	Dois Unidos	Alto do Rosario	R2	2022-04-13T00:00:00	""				0
2067	Norte	2022	Abril	2022-04-13T00:00:00	""	Monitoramento	Rua Bueno, $!>=	Dois Unidos	Alto do Rosario	R2	2022-04-13T00:00:00	""				0
2068	Norte	2022	Abril	2022-04-13T00:00:00	""	""	Rua Nazare, @}>	Agua Fria	Corrego Sao Sebastiao	""	2022-04-13T00:00:00	Rocagem				0
2069	Noroeste	2022	Abril	2022-04-13T00:00:00	""	""	Rua Sempre Viva, 9<-%	Macaxeira 	Macaxeira	""	2022-04-13T00:00:00	Remocao de Entulhos				0
2070	Noroeste	2022	Abril	2022-04-13T00:00:00	""	""	Rua Alto Doutor Caetes, %$<!	Nova Descoberta	Nova Descoberta	""	2022-04-13T00:00:00	Remocao de Entulhos				0
2071	Noroeste	2022	Abril	2022-04-13T00:00:00	""	Monitoramento	Rua Alto da Carola, .<^&	Vasco da Gama 	Alto Nossa Senhora de Fatima	R1	2022-04-13T00:00:00	Mapeamento de Area de Risco				0
2072	Noroeste	2022	Abril	2022-04-13T00:00:00	""	Monitoramento	Rua Alto da Carola, ^[{	Vasco da Gama 	Alto Nossa Senhora de Fatima	R1	2022-04-13T00:00:00	Mapeamento de Area de Risco				0
2073	Noroeste	2022	Abril	2022-04-13T00:00:00	""	Monitoramento	Rua Alto da Carola, {})!	Vasco da Gama 	Alto Nossa Senhora de Fatima	R1	2022-04-13T00:00:00	Mapeamento de Area de Risco				0
2074	Noroeste	2022	Abril	2022-04-13T00:00:00	""	Monitoramento	Rua Alto da Carola, #^>	Vasco da Gama 	Alto Nossa Senhora de Fatima	R1	2022-04-13T00:00:00	Mapeamento de Area de Risco				0
2075	Noroeste	2022	Abril	2022-04-13T00:00:00	""	Monitoramento	Rua Alto da Carola, ~|}[	Vasco da Gama 	Alto Nossa Senhora de Fatima	R1	2022-04-13T00:00:00	Mapeamento de Area de Risco				0
2076	Noroeste	2022	Abril	2022-04-13T00:00:00	""	Monitoramento	Rua Alto da Carola, /@9=	Vasco da Gama 	Alto Nossa Senhora de Fatima	R1	2022-04-13T00:00:00	Mapeamento de Area de Risco				0
2077	Noroeste	2022	Abril	2022-04-13T00:00:00	""	Monitoramento	"Rua Alto da Carola, #""#~"	Vasco da Gama 	Alto Nossa Senhora de Fatima	R1	2022-04-13T00:00:00	Mapeamento de Area de Risco				0
2078	Noroeste	2022	Abril	2022-04-13T00:00:00	""	Monitoramento	"Rua Alto da Carola, ""#*9"	Vasco da Gama 	Alto Nossa Senhora de Fatima	R2	2022-04-13T00:00:00	Mapeamento de Area de Risco				0
2079	Noroeste	2022	Abril	2022-04-13T00:00:00	""	Monitoramento	Rua Alto da Carola, #$[	Vasco da Gama 	Alto Nossa Senhora de Fatima	R2	2022-04-13T00:00:00	Mapeamento de Area de Risco				0
2080	Norte	2022	Abril	2022-04-13T00:00:00	""	Vistoria	1ª Travessa da Rua E da Vitoria, @}>	Dois Unidos	Alto do Rosario	R3	2022-04-13T00:00:00	""				0
2081	Norte	2022	Abril	2022-04-13T00:00:00	""	Monitoramento	Rua Vencedora, >#'\	Linha do Tiro	Corrego do Tiro	""	2022-04-13T00:00:00	""				0
2082	Norte	2022	Abril	2022-04-13T00:00:00	""	""	"1ª Travessa Vertentes do Lerio, #""#~"	Dois Unidos	Alto do Rosario	""	2022-04-13T00:00:00	Acoes de Porta-Porta				0
2083	Norte	2022	Abril	2022-04-13T00:00:00	""	""	"1ª Travessa Vertentes do Lerio, +?""]"	Dois Unidos	Alto do Rosario	""	2022-04-13T00:00:00	Acoes de Porta-Porta				0
2084	Norte	2022	Abril	2022-04-13T00:00:00	""	""	"1ª Travessa Vertentes do Lerio, ""#*9"	Dois Unidos	Alto do Rosario	""	2022-04-13T00:00:00	Acoes de Porta-Porta				0
2085	Norte	2022	Abril	2022-04-13T00:00:00	""	""	1ª Travessa Vertentes do Lerio, #_|/	Dois Unidos	Alto do Rosario	""	2022-04-13T00:00:00	Acoes de Porta-Porta				0
2086	Norte	2022	Abril	2022-04-13T00:00:00	""	""	1ª Travessa Vertentes do Lerio, .[?	Dois Unidos	Alto do Rosario	""	2022-04-13T00:00:00	Acoes de Porta-Porta				0
2087	Norte	2022	Abril	2022-04-13T00:00:00	""	""	1ª Travessa Vertentes do Lerio, #$[	Dois Unidos	Alto do Rosario	""	2022-04-13T00:00:00	Acoes de Porta-Porta				0
2088	Norte	2022	Abril	2022-04-13T00:00:00	""	""	1ª Travessa Vertentes do Lerio, `=-[	Dois Unidos	Alto do Rosario	""	2022-04-13T00:00:00	Acoes de Porta-Porta				0
2089	Norte	2022	Abril	2022-04-13T00:00:00	""	""	1ª Travessa Vertentes do Lerio, ?_$.	Dois Unidos	Alto do Rosario	""	2022-04-13T00:00:00	Acoes de Porta-Porta				0
2090	Norte	2022	Abril	2022-04-13T00:00:00	""	""	1ª Travessa Vertentes do Lerio, >#'\	Dois Unidos	Alto do Rosario	""	2022-04-13T00:00:00	Acoes de Porta-Porta				0
2091	Norte	2022	Abril	2022-04-13T00:00:00	""	""	1ª Travessa Vertentes do Lerio, $!>=	Dois Unidos	Alto do Rosario	""	2022-04-13T00:00:00	Acoes de Porta-Porta				0
2092	Norte	2022	Abril	2022-04-13T00:00:00	""	""	1ª Travessa Vertentes do Lerio, @}>	Dois Unidos	Alto do Rosario	""	2022-04-13T00:00:00	Acoes de Porta-Porta				0
2093	Norte	2022	Abril	2022-04-13T00:00:00	""	""	1ª Travessa Vertentes do Lerio, 9<-%	Dois Unidos	Alto do Rosario	""	2022-04-13T00:00:00	Acoes de Porta-Porta				0
2094	Norte	2022	Abril	2022-04-13T00:00:00	""	""	1ª Travessa Vertentes do Lerio, %$<!	Dois Unidos	Alto do Rosario	""	2022-04-13T00:00:00	Acoes de Porta-Porta				0
2095	Norte	2022	Abril	2022-04-13T00:00:00	""	""	1ª Travessa Vertentes do Lerio, .<^&	Dois Unidos	Alto do Rosario	""	2022-04-13T00:00:00	Acoes de Porta-Porta				0
2096	Norte	2022	Abril	2022-04-13T00:00:00	""	""	1ª Travessa Vertentes do Lerio, ^[{	Dois Unidos	Alto do Rosario	""	2022-04-13T00:00:00	Acoes de Porta-Porta				0
2097	Norte	2022	Abril	2022-04-13T00:00:00	""	""	Rua Bueno S//N, {})!	Dois Unidos	Alto do Rosario	""	2022-04-13T00:00:00	Acoes de Porta-Porta				0
2098	Norte	2022	Abril	2022-04-13T00:00:00	""	""	Rua Bueno, #^>	Dois Unidos	Alto do Rosario	""	2022-04-13T00:00:00	Acoes de Porta-Porta				0
2099	Norte	2022	Abril	2022-04-13T00:00:00	""	""	Rua Bueno, ~|}[	Dois Unidos	Alto do Rosario	""	2022-04-13T00:00:00	Acoes de Porta-Porta				0
2100	Norte	2022	Abril	2022-04-13T00:00:00	""	""	Rua Bueno, /@9=	Dois Unidos	Alto do Rosario	""	2022-04-13T00:00:00	Acoes de Porta-Porta				0
2101	Norte	2022	Abril	2022-04-13T00:00:00	""	""	4ª Travessa Vertentes do Lerio, /@9=	Dois Unidos	Alto do Rosario	""	2022-04-13T00:00:00	Acoes de Porta-Porta				0
2102	Norte	2022	Abril	2022-04-13T00:00:00	""	""	"Rua Bueno S, #""#~"	Dois Unidos	Alto do Rosario	""	2022-04-13T00:00:00	Acoes de Porta-Porta				0
2103	Norte	2022	Abril	2022-04-13T00:00:00	""	""	4ª Travessa Vertentes do Lerio, ~|}[	Dois Unidos	Alto do Rosario	""	2022-04-13T00:00:00	Acoes de Porta-Porta				0
2104	Norte	2022	Abril	2022-04-13T00:00:00	""	""	4ª Travessa Vertentes do Lerio, {})!	Dois Unidos	Alto do Rosario	""	2022-04-13T00:00:00	Acoes de Porta-Porta				0
2105	Oeste	2022	Abril	2022-04-13T00:00:00	""	Monitoramento	Rua Barra do Sagi, {})!	Varzea	Brega e Chique	R1	2022-04-13T00:00:00	Mapeamento de Area de Risco				0
2106	Oeste	2022	Abril	2022-04-13T00:00:00	""	Monitoramento	Rua Vale do Jaguaribe, #^>	Varzea	Brega e Chique	R1	2022-04-13T00:00:00	Mapeamento de Area de Risco				0
2107	Norte	2022	Abril	2022-04-13T00:00:00	""	""	Rua da Liberdade (Final do Corrego), ~|}[	Dois Unidos	Corrego Tancredo Neves	""	2022-04-13T00:00:00	Rocagem				0
2108	Norte	2022	Abril	2022-04-13T00:00:00	""	""	Rua Vertentes do Lerio, /@9=	Dois Unidos	Alto do Rosario	""	2022-04-13T00:00:00	Acoes de Porta-Porta				0
2109	Norte	2022	Abril	2022-04-13T00:00:00	""	""	"Rua Vertentes do Lerio, #""#~"	Dois Unidos	Alto do Rosario	""	2022-04-13T00:00:00	Acoes de Porta-Porta				0
2110	Norte	2022	Abril	2022-04-13T00:00:00	""	""	"Rua Vertentes do Lerio, +?""]"	Dois Unidos	Alto do Rosario	""	2022-04-13T00:00:00	Acoes de Porta-Porta				0
2111	Norte	2022	Abril	2022-04-13T00:00:00	""	""	"Rua Vertentes do Lerio, ""#*9"	Dois Unidos	Alto do Rosario	""	2022-04-13T00:00:00	Acoes de Porta-Porta				0
2112	Norte	2022	Abril	2022-04-13T00:00:00	""	""	Rua Vertentes do Lerio, #_|/	Dois Unidos	Alto do Rosario	""	2022-04-13T00:00:00	Acoes de Porta-Porta				0
2113	Norte	2022	Abril	2022-04-13T00:00:00	""	""	Rua Vertentes do Lerio, .[?	Dois Unidos	Alto do Rosario	""	2022-04-13T00:00:00	Acoes de Porta-Porta				0
2114	Norte	2022	Abril	2022-04-13T00:00:00	""	""	Rua Vertentes do Lerio, #$[	Dois Unidos	Alto do Rosario	""	2022-04-13T00:00:00	Acoes de Porta-Porta				0
2115	Norte	2022	Abril	2022-04-13T00:00:00	""	""	Rua Vertentes do Lerio, `=-[	Dois Unidos	Alto do Rosario	""	2022-04-13T00:00:00	Acoes de Porta-Porta				0
2116	Norte	2022	Abril	2022-04-13T00:00:00	""	""	Rua Vertentes do Lerio, ?_$.	Dois Unidos	Alto do Rosario	""	2022-04-13T00:00:00	Acoes de Porta-Porta				0
2117	Norte	2022	Abril	2022-04-13T00:00:00	""	""	Rua Vertentes do Lerio, >#'\	Dois Unidos	Alto do Rosario	""	2022-04-13T00:00:00	Acoes de Porta-Porta				0
2118	Norte	2022	Abril	2022-04-13T00:00:00	""	""	4ª Travessa Vertentes do Lerio, $!>=	Dois Unidos	Alto do Rosario	""	2022-04-13T00:00:00	Acoes de Porta-Porta				0
2119	Norte	2022	Abril	2022-04-13T00:00:00	""	""	4ª Travessa Vertentes do Lerio, @}>	Dois Unidos	Alto do Rosario	""	2022-04-13T00:00:00	Acoes de Porta-Porta				0
2120	Norte	2022	Abril	2022-04-13T00:00:00	""	""	4ª Travessa Vertentes do Lerio, 9<-%	Dois Unidos	Alto do Rosario	""	2022-04-13T00:00:00	Acoes de Porta-Porta				0
2121	Norte	2022	Abril	2022-04-13T00:00:00	""	""	4ª Travessa Vertentes do Lerio, %$<!	Dois Unidos	Alto do Rosario	""	2022-04-13T00:00:00	Acoes de Porta-Porta				0
2122	Norte	2022	Abril	2022-04-13T00:00:00	""	""	4ª Travessa Vertentes do Lerio, .<^&	Dois Unidos	Alto do Rosario	""	2022-04-13T00:00:00	Acoes de Porta-Porta				0
2123	Norte	2022	Abril	2022-04-13T00:00:00	""	""	4ª Travessa Vertentes do Lerio, ^[{	Dois Unidos	Alto do Rosario	""	2022-04-13T00:00:00	Acoes de Porta-Porta				0
2124	Norte	2022	Abril	2022-04-13T00:00:00	""	""	4ª Travessa Vertentes do Lerio, #^>	Dois Unidos	Alto do Rosario	""	2022-04-13T00:00:00	Acoes de Porta-Porta				0
2125	Norte	2022	Abril	2022-04-13T00:00:00	""	Monitoramento	Rua Prof. Jose Amarino dos Reis, $!>=	Linha do Tiro	Corrego do Tiro	""	2022-04-13T00:00:00	""				0
2126	Norte	2022	Abril	2022-04-13T00:00:00	""	""	"Rua Bueno, +?""]"	Dois Unidos	Alto do Rosario	""	2022-04-13T00:00:00	Acoes de Porta-Porta				0
2127	Norte	2022	Abril	2022-04-13T00:00:00	""	""	Rua Bueno, #_|/	Dois Unidos	Alto do Rosario	""	2022-04-13T00:00:00	Acoes de Porta-Porta				0
2128	Norte	2022	Abril	2022-04-13T00:00:00	""	Monitoramento	Rua Expedicionario Joao Maria, >#'\	Dois Unidos	Alto do Agave	""	2022-04-13T00:00:00	""				0
2129	Norte	2022	Abril	2022-04-13T00:00:00	""	Monitoramento	Rua Expedicionario Jesuino Ventura, $!>=	Dois Unidos	Alto do Agave	""	2022-04-13T00:00:00	""				0
2130	Norte	2022	Abril	2022-04-13T00:00:00	""	Monitoramento	1ª Travessa Padre Cicero, @}>	Dois Unidos	Alto do Maracana	""	2022-04-13T00:00:00	""				0
2131	Norte	2022	Abril	2022-04-13T00:00:00	""	Monitoramento	Rua Expedicionario Teodoro Sativa, 9<-%	Dois Unidos	Alto do Maracana	""	2022-04-13T00:00:00	""				0
2132	Norte	2022	Abril	2022-04-13T00:00:00	""	Monitoramento	Rua Expedicionario Teodoro Sativa, %$<!	Dois Unidos	Alto do Maracana	""	2022-04-13T00:00:00	""				0
2133	Norte	2022	Abril	2022-04-13T00:00:00	""	Monitoramento	Rua Artur Nogueira, .<^&	Dois Unidos	Alto do Maracana	""	2022-04-13T00:00:00	""				0
2134	Norte	2022	Abril	2022-04-13T00:00:00	""	Monitoramento	3ª Travessa Subida da Medalha Milagrosa, ^[{	Dois Unidos	Alto do Maracana	""	2022-04-13T00:00:00	""				0
2135	Norte	2022	Abril	2022-04-13T00:00:00	""	Monitoramento	3ª Travessa Subida da Medalha Milagrosa, {})!	Dois Unidos	Alto do Maracana	""	2022-04-13T00:00:00	""				0
2136	Norte	2022	Abril	2022-04-13T00:00:00	""	Monitoramento	3ª Travessa Subida da Medalha Milagrosa, #^>	Dois Unidos	Alto do Maracana	""	2022-04-13T00:00:00	""				0
2137	Norte	2022	Abril	2022-04-13T00:00:00	""	Monitoramento	3ª Travessa Subida da Medalha Milagrosa, ~|}[	Dois Unidos	Alto do Maracana	""	2022-04-13T00:00:00	""				0
2138	Norte	2022	Abril	2022-04-13T00:00:00	""	Monitoramento	3ª Travessa Subida da Medalha Milagrosa, /@9=	Dois Unidos	Alto do Maracana	""	2022-04-13T00:00:00	""				0
2139	Norte	2022	Abril	2022-04-13T00:00:00	""	Monitoramento	"Rua Corrego do Deodato, #""#~"	Agua Fria	Corrego do Deodato	""	2022-04-13T00:00:00	""				0
2140	Norte	2022	Abril	2022-04-13T00:00:00	""	Monitoramento	"Rua Corrego do Deodato, +?""]"	Agua Fria	Corrego do Deodato	""	2022-04-13T00:00:00	""				0
2141	Norte	2022	Abril	2022-04-13T00:00:00	""	Monitoramento	"Rua Corrego do Deodato, ""#*9"	Agua Fria	Corrego do Deodato	""	2022-04-13T00:00:00	""				0
2142	Norte	2022	Abril	2022-04-13T00:00:00	""	Monitoramento	Rua Corrego do Deodato, #_|/	Agua Fria	Corrego do Deodato	""	2022-04-13T00:00:00	""				0
2143	Norte	2022	Abril	2022-04-13T00:00:00	""	Monitoramento	Rua Salutares, .[?	Agua Fria	Corrego do Deodato	""	2022-04-13T00:00:00	""				0
2144	Norte	2022	Abril	2022-04-13T00:00:00	""	Monitoramento	Rua Corrego do Deodato, #$[	Agua Fria	Corrego do Deodato	""	2022-04-13T00:00:00	""				0
2145	Norte	2022	Abril	2022-04-13T00:00:00	""	Monitoramento	Rua Corrego do Deodato, `=-[	Agua Fria	Corrego do Deodato	""	2022-04-13T00:00:00	""				0
2146	Norte	2022	Abril	2022-04-13T00:00:00	""	Monitoramento	Rua Corrego Joao Francisco, ?_$.	Agua Fria	Corrego Joao Carvoeiro	""	2022-04-13T00:00:00	""				0
2147	Norte	2022	Abril	2022-04-13T00:00:00	""	Monitoramento	Rua Luziania, ?_$.	Linha do Tiro	Alto da Jaqueira	""	2022-04-13T00:00:00	""				0
2148	Norte	2022	Abril	2022-04-13T00:00:00	""	""	"Rua Bueno, ""#*9"	Dois Unidos	Alto do Rosario	""	2022-04-13T00:00:00	Acoes de Porta-Porta				0
2149	Norte	2022	Abril	2022-04-13T00:00:00	""	Monitoramento	Rua Luziania, `=-[	Linha do Tiro	Alto da Jaqueira	""	2022-04-13T00:00:00	""				0
2150	Norte	2022	Abril	2022-04-13T00:00:00	""	Monitoramento	Rua Luziania, .[?	Linha do Tiro	Alto da Jaqueira	""	2022-04-13T00:00:00	""				0
2151	Norte	2022	Abril	2022-04-13T00:00:00	""	""	Rua Bueno, .[?	Dois Unidos	Alto do Rosario	""	2022-04-13T00:00:00	Acoes de Porta-Porta				0
2152	Norte	2022	Abril	2022-04-13T00:00:00	""	""	Rua Bueno, #$[	Dois Unidos	Alto do Rosario	""	2022-04-13T00:00:00	Acoes de Porta-Porta				0
2153	Norte	2022	Abril	2022-04-13T00:00:00	""	""	Rua Bueno, `=-[	Dois Unidos	Alto do Rosario	""	2022-04-13T00:00:00	Acoes de Porta-Porta				0
2154	Norte	2022	Abril	2022-04-13T00:00:00	""	""	Rua Bueno, ?_$.	Dois Unidos	Alto do Rosario	""	2022-04-13T00:00:00	Acoes de Porta-Porta				0
2155	Norte	2022	Abril	2022-04-13T00:00:00	""	""	Rua Bueno, >#'\	Dois Unidos	Alto do Rosario	""	2022-04-13T00:00:00	Acoes de Porta-Porta				0
2156	Norte	2022	Abril	2022-04-13T00:00:00	""	""	Rua Bueno, $!>=	Dois Unidos	Alto do Rosario	""	2022-04-13T00:00:00	Acoes de Porta-Porta				0
2157	Norte	2022	Abril	2022-04-13T00:00:00	""	""	Rua Bueno, @}>	Dois Unidos	Alto do Rosario	""	2022-04-13T00:00:00	Acoes de Porta-Porta				0
2158	Norte	2022	Abril	2022-04-13T00:00:00	""	""	Rua Bueno, 9<-%	Dois Unidos	Alto do Rosario	""	2022-04-13T00:00:00	Acoes de Porta-Porta				0
2159	Norte	2022	Abril	2022-04-13T00:00:00	""	""	Rua Bueno, %$<!	Dois Unidos	Alto do Rosario	""	2022-04-13T00:00:00	Acoes de Porta-Porta				0
2160	Norte	2022	Abril	2022-04-13T00:00:00	""	""	Rua Bueno, .<^&	Dois Unidos	Alto do Rosario	""	2022-04-13T00:00:00	Acoes de Porta-Porta				0
2161	Norte	2022	Abril	2022-04-13T00:00:00	""	""	Rua Bueno, ^[{	Dois Unidos	Alto do Rosario	""	2022-04-13T00:00:00	Acoes de Porta-Porta				0
2162	Norte	2022	Abril	2022-04-13T00:00:00	""	""	Rua Ladeira de Pedra, {})!	Agua Fria	Alto do Pascoal	""	2022-04-13T00:00:00	Rocagem				0
2163	Norte	2022	Abril	2022-04-13T00:00:00	""	""	Rua Mercurio, #^>	Agua Fria	Alto do Pascoal	""	2022-04-13T00:00:00	Corte de Arvores	1			0
2164	Norte	2022	Abril	2022-04-13T00:00:00	""	""	Rua Mercurio, ~|}[	Agua Fria	Alto do Pascoal	""	2022-04-13T00:00:00	Rocagem				0
2165	Norte	2022	Abril	2022-04-13T00:00:00	""	Monitoramento	Subida do Alto do Capitao, /@9=	Dois Unidos	Alto do Capitao	""	2022-04-13T00:00:00	""				0
2166	Norte	2022	Abril	2022-04-13T00:00:00	""	Monitoramento	"Rua Leoncio Rodrigues, #""#~"	Dois Unidos	Corrego Leoncio Rodrigues	""	2022-04-13T00:00:00	""				0
2167	Norte	2022	Abril	2022-04-13T00:00:00	""	Monitoramento	"Rua Vila Flor, +?""]"	Dois Unidos	Alto do Maracana	""	2022-04-13T00:00:00	""				0
2168	Norte	2022	Abril	2022-04-13T00:00:00	""	Monitoramento	"Rua Brejinho, ""#*9"	Dois Unidos	Corrego do Morcego	""	2022-04-13T00:00:00	""				0
2169	Norte	2022	Abril	2022-04-13T00:00:00	""	Monitoramento	Rua Brejinho, #_|/	Dois Unidos	Corrego do Morcego	""	2022-04-13T00:00:00	""				0
2170	Norte	2022	Abril	2022-04-13T00:00:00	""	Monitoramento	Rua Luziania, #$[	Linha do Tiro	Alto da Jaqueira	""	2022-04-13T00:00:00	""				0
2171	Noroeste	2022	Abril	2022-04-13T00:00:00	""	Monitoramento	Rua A, `=-[	Nova Descoberta	Corrego do Eucalipto	R3	2022-04-13T00:00:00	Mapeamento de Area de Risco				0
2172	Noroeste	2022	Abril	2022-04-13T00:00:00	""	Monitoramento	Rua A, ?_$.	Nova Descoberta	Corrego do Eucalipto	R3	2022-04-13T00:00:00	Mapeamento de Area de Risco				0
2173	Noroeste	2022	Abril	2022-04-13T00:00:00	""	Monitoramento	Rua Alto Alegre, >#'\	Morro da Conceicao	Morro da Conceicao	R3	2022-04-13T00:00:00	Mapeamento de Area de Risco				0
2174	Oeste	2022	Abril	2022-04-12T00:00:00	""	Colocação de Lonas Plásticas	Rua Dooutor Solano Carneiro da Cunha, 9<-%	Varzea	Jardim Teresopolis	""	2022-04-12T00:00:00	""	2	20	8	320
2175	Oeste	2022	Abril	2022-04-12T00:00:00	""	Colocação de Lonas Plásticas	Rua Dooutor Solano Carneiro da Cunha, %$<!	Varzea	Jardim Teresopolis	""	2022-04-12T00:00:00	""	2	20	8	320
2176	Norte	2022	Abril	2022-04-12T00:00:00	""	Colocação de Lonas Plásticas	Rua Vitor Pester, .<^&	Dois Unidos	Vale do Senhor	""	2022-04-12T00:00:00	""	1	15	8	120
2177	Norte	2022	Abril	2022-04-12T00:00:00	""	Colocação de Lonas Plásticas	Rua Vitor Pester, ^[{	Dois Unidos	Vale do Senhor	""	2022-04-12T00:00:00	""	1	15	8	120
2178	Norte	2022	Abril	2022-04-12T00:00:00	""	Colocação de Lonas Plásticas	Rua Vitor Pester, {})!	Dois Unidos	Vale do Senhor	""	2022-04-12T00:00:00	""	2	15	8	240
2179	Norte	2022	Abril	2022-04-12T00:00:00	""	Colocação de Lonas Plásticas	Rua Vitor Pester, #^>	Dois Unidos	Vale do Senhor	""	2022-04-12T00:00:00	""	1	25	8	200
2180	Norte	2022	Abril	2022-04-12T00:00:00	""	Colocação de Lonas Plásticas	Rua Vale do Senhor, ~|}[	Dois Unidos	Vale do Senhor	""	2022-04-12T00:00:00	""	3	25	8	600
2181	Norte	2022	Abril	2022-04-12T00:00:00	""	Colocação de Lonas Plásticas	Rua Vale do Senhor, /@9=	Dois Unidos	Vale do Senhor	""	2022-04-12T00:00:00	""	2	20	8	320
2182	Norte	2022	Abril	2022-04-12T00:00:00	""	Colocação de Lonas Plásticas	"Rua Palmeiras, #""#~"	Dois Unidos	Vale do Senhor	""	2022-04-12T00:00:00	""	2	20	8	320
2183	Norte	2022	Abril	2022-04-12T00:00:00	""	Colocação de Lonas Plásticas	"Rua Palmeiras, +?""]"	Dois Unidos	Vale do Senhor	""	2022-04-12T00:00:00	""	4	15	8	480
2184	Norte	2022	Abril	2022-04-12T00:00:00	""	Colocação de Lonas Plásticas	"Rua Lumiar, ""#*9"	Dois Unidos	Alto do Capitao	""	2022-04-12T00:00:00	""	1	20	8	160
2185	Norte	2022	Abril	2022-04-12T00:00:00	""	Colocação de Lonas Plásticas	Rua Platina, #_|/	Dois Unidos	Alto do Capitao	""	2022-04-12T00:00:00	""	1	15	8	120
2186	Norte	2022	Abril	2022-04-12T00:00:00	""	Colocação de Lonas Plásticas	Rua Sao Jose, .[?	Agua Fria	Corrego Sao Jose	""	2022-04-12T00:00:00	""	1	15	8	120
2187	Norte	2022	Abril	2022-04-12T00:00:00	""	Colocação de Lonas Plásticas	Rua Mercurio, #$[	Agua Fria	Alto do Pascoal	""	2022-04-12T00:00:00	""	1	15	8	120
2188	Norte	2022	Abril	2022-04-12T00:00:00	""	Colocação de Lonas Plásticas	Rua Porto Real, `=-[	Beberibe	Porto da Madeira	""	2022-04-12T00:00:00	""	2	15	8	240
2189	Noroeste	2022	Abril	2022-04-12T00:00:00	""	Colocação de Lonas Plásticas	Senador Milton Campos, ?_$.	Vasco da Gama 	Vasco da Gama	""	2022-04-12T00:00:00	""	2	15	8	240
2190	Noroeste	2022	Abril	2022-04-12T00:00:00	""	Colocação de Lonas Plásticas	Rua Sempre Viva, >#'\	Nova Descoberta	Nova Descoberta	""	2022-04-12T00:00:00	""	4	15	8	480
2191	Noroeste	2022	Abril	2022-04-12T00:00:00	""	Colocação de Lonas Plásticas	Rua Alto Jardim Progresso, $!>=	Nova Descoberta	Alto Jardim Progresso	""	2022-04-12T00:00:00	""	1	50	8	400
2192	Noroeste	2022	Abril	2022-04-12T00:00:00	""	Colocação de Lonas Plásticas	Rua Carlos Maringuela, @}>	Nova Descoberta	Nova Descoberta	""	2022-04-12T00:00:00	""	3	15	8	360
2193	Oeste	2022	Abril	2022-04-12T00:00:00	""	Colocação de Lonas Plásticas	Rua Dooutor Solano Carneiro da Cunha, @}>	Varzea	Jardim Teresopolis	""	2022-04-12T00:00:00	""	1	20	8	160
2194	Noroeste	2022	Abril	2022-04-12T00:00:00	""	Colocação de Lonas Plásticas	Escola Dom Bosco, 9<-%	Nao Informado	Nao Cadastrada	""	2022-04-12T00:00:00	""	2	20	8	320
2195	Sul	2022	Abril	2022-04-12T00:00:00	""	Colocação de Lonas Plásticas	Rua Itiquira, $!>=	Ibura	Alto da Bela Vista	""	2022-04-12T00:00:00	Mapeamento de Area de Risco	2	15	8	240
2196	Sul	2022	Abril	2022-04-12T00:00:00	""	Colocação de Lonas Plásticas	Rua Itiquira, ?_$.	Ibura	Alto da Bela Vista	""	2022-04-12T00:00:00	Mapeamento de Area de Risco	1	15	8	120
2197	Nordeste	2022	Abril	2022-04-13T00:00:00	""	Monitoramento	Rua Alto da Bica, ?_$.	Passarinho	Alto da Bica	R2	2022-04-13T00:00:00	""				0
2198	Nordeste	2022	Abril	2022-04-13T00:00:00	""	Monitoramento	Rua Alto da Bica, >#'\	Passarinho	Alto da Bica	R2	2022-04-13T00:00:00	Atendimento Social				0
2199	Nordeste	2022	Abril	2022-04-13T00:00:00	""	Monitoramento	Rua Alto da Bica, $!>=	Passarinho	Alto da Bica	R2	2022-04-13T00:00:00	Atendimento Social				0
2200	Nordeste	2022	Abril	2022-04-13T00:00:00	""	Monitoramento	Avenida Chagas Ferreira, @}>	Passarinho	Alto Santa Tereza	R1	2022-04-13T00:00:00	Atendimento Social				0
2201	Nordeste	2022	Abril	2022-04-13T00:00:00	""	Monitoramento	Avenida Chagas Ferreira, 9<-%	Passarinho	Alto Santa Tereza	R1	2022-04-13T00:00:00	Atendimento Social				0
2202	Nordeste	2022	Abril	2022-04-13T00:00:00	""	Monitoramento	4ª Subida Corrego da Bica, %$<!	Passarinho	Corrego da Bica	R2	2022-04-13T00:00:00	Atendimento Social				0
2203	Nordeste	2022	Abril	2022-04-13T00:00:00	""	Monitoramento	4ª Subida Corrego da Bica, .<^&	Passarinho	Corrego da Bica	R2	2022-04-13T00:00:00	Atendimento Social				0
2204	Nordeste	2022	Abril	2022-04-13T00:00:00	""	""	Rua Aracari, ^[{	Nova Descoberta	Corrego da Areia	""	2022-04-13T00:00:00	Rocagem	1	20	10	200
2205	Nordeste	2022	Abril	2022-04-13T00:00:00	""	""	2ª Travessa So Nos Dois, {})!	Passarinho	Alto So Nos Dois	""	2022-04-13T00:00:00	Rocagem	1	18	10	180
2206	Sul	2022	Abril	2022-04-12T00:00:00	""	Colocação de Lonas Plásticas	Travessa Arlindo Almeida Fh, #^>	Cohab	Ur 03	""	2022-04-12T00:00:00	Mapeamento de Area de Risco	1	20	8	160
2207	Sul	2022	Abril	2022-04-12T00:00:00	""	Colocação de Lonas Plásticas	Travessa Arlindo Almeida Fh, ~|}[	Cohab	Ur 03	""	2022-04-12T00:00:00	Mapeamento de Area de Risco	1	20	8	160
2208	Sul	2022	Abril	2022-04-12T00:00:00	""	Colocação de Lonas Plásticas	Avenida Apolonio Sales, /@9=	Jordao 	Jordao Alto	""	2022-04-12T00:00:00	Mapeamento de Area de Risco	1	15	8	120
2209	Sul	2022	Abril	2022-04-12T00:00:00	""	Colocação de Lonas Plásticas	"Avenida Apolonio Sales, #""#~"	Jordao 	Jordao Alto	""	2022-04-12T00:00:00	Mapeamento de Area de Risco	1	15	8	120
2210	Sul	2022	Abril	2022-04-12T00:00:00	""	Colocação de Lonas Plásticas	"Travessa Itiquira, +?""]"	Ibura	Alto da Bela Vista	""	2022-04-12T00:00:00	Capinacao	1	12	10	120
2211	Sul	2022	Abril	2022-04-12T00:00:00	""	Colocação de Lonas Plásticas	"Travessa Itiquira, ""#*9"	Ibura	Alto da Bela Vista	""	2022-04-12T00:00:00	Mapeamento de Area de Risco	2	15	8	240
2212	Sul	2022	Abril	2022-04-12T00:00:00	""	Colocação de Lonas Plásticas	Rua Francisco Beltrao, #_|/	Ibura	Alto da Bela Vista	""	2022-04-12T00:00:00	Mapeamento de Area de Risco	1	15	8	120
2213	Sul	2022	Abril	2022-04-12T00:00:00	""	Colocação de Lonas Plásticas	Rua Aroldo Barbosa, .[?	Cohab	Lagoa Encantada	""	2022-04-12T00:00:00	Mapeamento de Area de Risco	1	15	8	120
2214	Sul	2022	Abril	2022-04-12T00:00:00	""	Colocação de Lonas Plásticas	Travessa Mato Grosso, #$[	Cohab	Ur 01	""	2022-04-12T00:00:00	Mapeamento de Area de Risco	2	15	8	240
2215	Sul	2022	Abril	2022-04-12T00:00:00	""	Colocação de Lonas Plásticas	Rua Itiquira, `=-[	Ibura	Alto da Bela Vista	""	2022-04-12T00:00:00	Mapeamento de Area de Risco	1	15	8	120
2216	Sul	2022	Abril	2022-04-12T00:00:00	""	Colocação de Lonas Plásticas	Travessa Itiquira, >#'\	Ibura	Alto da Bela Vista	""	2022-04-12T00:00:00	Mapeamento de Area de Risco	3	15	8	360
2217	Nordeste	2022	Abril	2022-04-13T00:00:00	""	Monitoramento	Rua Alto da Bica, `=-[	Passarinho	Alto da Bica	R2	2022-04-13T00:00:00	""				0
2218	Noroeste	2022	Abril	2022-04-12T00:00:00	""	Colocação de Lonas Plásticas	Rua Camburiu, %$<!	Vasco da Gama 	Vasco da Gama	""	2022-04-12T00:00:00	""	1	165	8	1320
2219	Nordeste	2022	Abril	2022-04-12T00:00:00	""	Colocação de Lonas Plásticas	Rua Portelandia, ^[{	Nova Descoberta	Alto do Refugio	""	2022-04-12T00:00:00	""	3	15	8	360
2220	Sul	2022	Abril	2022-04-12T00:00:00	""	""	"Rua Brejo da Cruz, #""#~"	Ibura	Alto da Esperanca	""	2022-04-12T00:00:00	Acoes de Porta-Porta				0
2221	Sul	2022	Abril	2022-04-12T00:00:00	""	""	"Rua Brejo da Cruz, +?""]"	Ibura	Alto da Esperanca	""	2022-04-12T00:00:00	Acoes de Porta-Porta				0
2222	Sul	2022	Abril	2022-04-12T00:00:00	""	""	"Rua Brejo da Cruz, ""#*9"	Ibura	Alto da Esperanca	""	2022-04-12T00:00:00	Acoes de Porta-Porta				0
2223	Sul	2022	Abril	2022-04-12T00:00:00	""	""	Rua Brejo da Cruz, #_|/	Ibura	Alto da Esperanca	""	2022-04-12T00:00:00	Acoes de Porta-Porta				0
2224	Sul	2022	Abril	2022-04-12T00:00:00	""	""	Rua Brejo da Cruz, .[?	Ibura	Alto da Esperanca	""	2022-04-12T00:00:00	Acoes de Porta-Porta				0
2225	Sul	2022	Abril	2022-04-12T00:00:00	""	""	Rua Brejo da Cruz, #$[	Ibura	Alto da Esperanca	""	2022-04-12T00:00:00	Acoes de Porta-Porta				0
2226	Sul	2022	Abril	2022-04-12T00:00:00	""	""	Rua Brejo da Cruz, `=-[	Ibura	Alto da Esperanca	""	2022-04-12T00:00:00	Acoes de Porta-Porta				0
2227	Sul	2022	Abril	2022-04-12T00:00:00	""	""	Rua Brejo da Cruz, ?_$.	Ibura	Alto da Esperanca	""	2022-04-12T00:00:00	Acoes de Porta-Porta				0
2228	Sul	2022	Abril	2022-04-12T00:00:00	""	Monitoramento	Rua Brejo da Cruz, >#'\	Ibura	Alto da Esperanca	R2	2022-04-12T00:00:00	Analise Visual Estrutural				0
2229	Sul	2022	Abril	2022-04-12T00:00:00	""	Monitoramento	Rua Brejo da Cruz, $!>=	Ibura	Alto da Esperanca	R3	2022-04-12T00:00:00	Analise Visual Estrutural				0
2230	Sul	2022	Abril	2022-04-12T00:00:00	""	Monitoramento	Rua Brejo da Cruz, @}>	Ibura	Alto da Esperanca	R2	2022-04-12T00:00:00	Analise Visual Estrutural				0
2231	Sul	2022	Abril	2022-04-12T00:00:00	""	Monitoramento	Rua Brejo da Cruz, 9<-%	Ibura	Alto da Esperanca	R2	2022-04-12T00:00:00	Analise Visual Estrutural				0
2232	Sul	2022	Abril	2022-04-12T00:00:00	""	Monitoramento	Rua Brejo da Cruz, %$<!	Ibura	Alto da Esperanca	R2	2022-04-12T00:00:00	Analise Visual Estrutural				0
2233	Sul	2022	Abril	2022-04-12T00:00:00	""	Monitoramento	Rua Brejo da Cruz, .<^&	Ibura	Alto da Esperanca	R3	2022-04-12T00:00:00	Analise Visual Estrutural				0
2234	Sul	2022	Abril	2022-04-12T00:00:00	""	Monitoramento	Rua Brejo da Cruz, ^[{	Ibura	Alto da Esperanca	R2	2022-04-12T00:00:00	Analise Visual Estrutural				0
2235	Sul	2022	Abril	2022-04-12T00:00:00	""	Monitoramento	Rua Brejo da Cruz, {})!	Ibura	Alto da Esperanca	R2	2022-04-12T00:00:00	Analise Visual Estrutural				0
2236	Sul	2022	Abril	2022-04-12T00:00:00	""	Monitoramento	Rua Brejo da Cruz, #^>	Ibura	Alto da Esperanca	R2	2022-04-12T00:00:00	Analise Visual Estrutural				0
2237	Sul	2022	Abril	2022-04-12T00:00:00	""	Monitoramento	Rua Brejo da Cruz, ~|}[	Ibura	Alto da Esperanca	R2	2022-04-12T00:00:00	Analise Visual Estrutural				0
2238	Sul	2022	Abril	2022-04-12T00:00:00	""	Monitoramento	Rua Brejo da Cruz, /@9=	Ibura	Alto da Esperanca	R2	2022-04-12T00:00:00	Analise Visual Estrutural				0
2239	Sul	2022	Abril	2022-04-12T00:00:00	""	""	Rua Brejo da Cruz, /@9=	Ibura	Alto da Esperanca	""	2022-04-12T00:00:00	Acoes de Porta-Porta				0
2240	Noroeste	2022	Abril	2022-04-12T00:00:00	""	Colocação de Lonas Plásticas	Rua Joaquim Teixeira, .<^&	Casa Amarela 	Nao Cadastrada	""	2022-04-12T00:00:00	""	1	20	8	160
2241	Sul	2022	Abril	2022-04-12T00:00:00	""	""	Rua Brejo da Cruz, ~|}[	Ibura	Alto da Esperanca	""	2022-04-12T00:00:00	Acoes de Porta-Porta				0
2242	Sul	2022	Abril	2022-04-12T00:00:00	""	""	Rua Brejo da Cruz, {})!	Ibura	Alto da Esperanca	""	2022-04-12T00:00:00	Acoes de Porta-Porta				0
2243	Nordeste	2022	Abril	2022-04-12T00:00:00	""	Colocação de Lonas Plásticas	Rua Alpinopolis, {})!	Guabiraba	Corrego Jose Idalino	""	2022-04-12T00:00:00	""	2	15	8	240
2244	Nordeste	2022	Abril	2022-04-12T00:00:00	""	Colocação de Lonas Plásticas	Rua Macarani, #^>	Guabiraba	Corrego do Marreco	""	2022-04-12T00:00:00	""	2	15	8	240
2245	Nordeste	2022	Abril	2022-04-12T00:00:00	""	Colocação de Lonas Plásticas	2ª Travessa Corrego da Bica, ~|}[	Passarinho	Corrego da Bica	""	2022-04-12T00:00:00	""	4	15	8	480
2246	Nordeste	2022	Abril	2022-04-12T00:00:00	""	Colocação de Lonas Plásticas	2ª Travessa Corrego da Bica, /@9=	Passarinho	Corrego da Bica	""	2022-04-12T00:00:00	""	1	1	720	720
2247	Nordeste	2022	Abril	2022-04-12T00:00:00	""	Colocação de Lonas Plásticas	"2ª Travessa Corrego da Bica, #""#~"	Passarinho	Corrego da Bica	""	2022-04-12T00:00:00	""	4	20	8	640
2248	Nordeste	2022	Abril	2022-04-12T00:00:00	""	Colocação de Lonas Plásticas	"Rua Corrego do Marreco, +?""]"	Guabiraba	Corrego do Marreco	""	2022-04-12T00:00:00	""	1	1	1040	1040
2249	Nordeste	2022	Abril	2022-04-12T00:00:00	""	Colocação de Lonas Plásticas	"Rua Macarani, ""#*9"	Guabiraba	Corrego do Marreco	""	2022-04-12T00:00:00	""	4	15	8	480
2250	Nordeste	2022	Abril	2022-04-12T00:00:00	""	Colocação de Lonas Plásticas	Rua Cruzeiro, #_|/	Brejo da Guabiraba	Corrego Jardim Primavera	""	2022-04-12T00:00:00	""	2	15	8	240
2251	Nordeste	2022	Abril	2022-04-12T00:00:00	""	Colocação de Lonas Plásticas	Rua Cruzeiro, .[?	Brejo da Guabiraba	Corrego Jardim Primavera	""	2022-04-12T00:00:00	""	2	15	8	240
2252	Nordeste	2022	Abril	2022-04-12T00:00:00	""	Colocação de Lonas Plásticas	Rua Cruzeiro, #$[	Brejo da Guabiraba	Corrego Jardim Primavera	""	2022-04-12T00:00:00	""	3	15	8	360
2253	Nordeste	2022	Abril	2022-04-12T00:00:00	""	Colocação de Lonas Plásticas	Rua Araripe, `=-[	Nova Descoberta	Alto do Refugio	""	2022-04-12T00:00:00	""	1	15	8	120
2254	Nordeste	2022	Abril	2022-04-12T00:00:00	""	Colocação de Lonas Plásticas	Rua Araripe, ?_$.	Nova Descoberta	Alto do Refugio	""	2022-04-12T00:00:00	""	1	20	8	160
2255	Nordeste	2022	Abril	2022-04-12T00:00:00	""	Colocação de Lonas Plásticas	Rua Araripe, >#'\	Nova Descoberta	Alto do Refugio	""	2022-04-12T00:00:00	""	3	15	8	360
2256	Sul	2022	Abril	2022-04-12T00:00:00	""	""	Rua Brejo da Cruz, $!>=	Ibura	Alto da Esperanca	""	2022-04-12T00:00:00	Acoes de Porta-Porta				0
2257	Sul	2022	Abril	2022-04-12T00:00:00	""	""	Rua Brejo da Cruz, @}>	Ibura	Alto da Esperanca	""	2022-04-12T00:00:00	Acoes de Porta-Porta				0
2258	Sul	2022	Abril	2022-04-12T00:00:00	""	""	Rua Brejo da Cruz, 9<-%	Ibura	Alto da Esperanca	""	2022-04-12T00:00:00	Acoes de Porta-Porta				0
2259	Sul	2022	Abril	2022-04-12T00:00:00	""	""	Rua Brejo da Cruz, %$<!	Ibura	Alto da Esperanca	""	2022-04-12T00:00:00	Acoes de Porta-Porta				0
2260	Sul	2022	Abril	2022-04-12T00:00:00	""	""	Rua Brejo da Cruz, .<^&	Ibura	Alto da Esperanca	""	2022-04-12T00:00:00	Acoes de Porta-Porta				0
2261	Sul	2022	Abril	2022-04-12T00:00:00	""	""	Rua Brejo da Cruz, ^[{	Ibura	Alto da Esperanca	""	2022-04-12T00:00:00	Acoes de Porta-Porta				0
2262	Sul	2022	Abril	2022-04-12T00:00:00	""	""	Rua Brejo da Cruz, #^>	Ibura	Alto da Esperanca	""	2022-04-12T00:00:00	Acoes de Porta-Porta				0
2263	Nordeste	2022	Abril	2022-04-13T00:00:00	""	Monitoramento	Rua Corrego da Bica, #$[	Passarinho	Corrego da Bica	R1	2022-04-13T00:00:00	""				0
2264	Nordeste	2022	Abril	2022-04-13T00:00:00	Árvores em Risco	Vistoria	Rua Euxenita, .[?	Nova Descoberta	Corrego do Joaquim	R3	2022-04-13T00:00:00	Atendimento Social				0
2265	Nordeste	2022	Abril	2022-04-13T00:00:00	Imóveis com Danos / Risco	Vistoria	1ª Subida do Joaquim, #_|/	Nova Descoberta	Corrego do Joaquim	R3	2022-04-13T00:00:00	Atendimento Social				0
2266	Noroeste	2022	Abril	2022-04-13T00:00:00	""	Monitoramento	Rua Alto do Bambui, .<^&	Vasco da Gama 	Alto Nossa Senhora de Fatima	R3	2022-04-13T00:00:00	Mapeamento de Area de Risco				0
2267	Noroeste	2022	Abril	2022-04-13T00:00:00	""	Monitoramento	Rua Itabora, ^[{	Vasco da Gama 	Vasco da Gama	R3	2022-04-13T00:00:00	Mapeamento de Area de Risco				0
2268	Noroeste	2022	Abril	2022-04-13T00:00:00	""	Monitoramento	Subida Tereza Carneiro, {})!	Nova Descoberta	Corrego do Eucalipto	R3	2022-04-13T00:00:00	Mapeamento de Area de Risco				0
2269	Noroeste	2022	Abril	2022-04-13T00:00:00	""	Monitoramento	Rua Angai, #^>	Nova Descoberta	Nova Descoberta	R3	2022-04-13T00:00:00	Mapeamento de Area de Risco				0
2270	Noroeste	2022	Abril	2022-04-13T00:00:00	""	Monitoramento	Rua Humberto Carneiro, ~|}[	Casa Amarela 	Alto Santa Isabel	R3	2022-04-13T00:00:00	Mapeamento de Area de Risco				0
2271	Noroeste	2022	Abril	2022-04-13T00:00:00	""	Monitoramento	1ª Travessa Arandu, /@9=	Morro da Conceicao	Morro da Conceicao	R3	2022-04-13T00:00:00	Mapeamento de Area de Risco				0
2272	Noroeste	2022	Abril	2022-04-13T00:00:00	""	Monitoramento	"Rua Sao Domingos Savio, #""#~"	Alto Jose Bonifacio 	Corrego Sao Domingos Savio	R3	2022-04-13T00:00:00	Mapeamento de Area de Risco				0
2273	Noroeste	2022	Abril	2022-04-13T00:00:00	""	Monitoramento	"Rua Jose Carneiro Lins, +?""]"	Nova Descoberta	Nova Descoberta	R3	2022-04-13T00:00:00	Mapeamento de Area de Risco				0
2274	Noroeste	2022	Abril	2022-04-13T00:00:00	""	Monitoramento	"Rua Diadema, ""#*9"	Vasco da Gama 	Vasco da Gama	R3	2022-04-13T00:00:00	Mapeamento de Area de Risco				0
2275	Noroeste	2022	Abril	2022-04-13T00:00:00	""	Monitoramento	Rua Francisco Gomes Machado, #_|/	Nova Descoberta	Nova Descoberta	R3	2022-04-13T00:00:00	Mapeamento de Area de Risco				0
2276	Noroeste	2022	Abril	2022-04-13T00:00:00	""	Monitoramento	Rua Taquaral, .[?	Vasco da Gama 	Alto 13 de Maio	R3	2022-04-13T00:00:00	Mapeamento de Area de Risco				0
2277	Noroeste	2022	Abril	2022-04-13T00:00:00	""	Monitoramento	Rua Severino Barbosa, #$[	Nova Descoberta	Alto Jardim Progresso	R3	2022-04-13T00:00:00	Mapeamento de Area de Risco				0
2278	Nordeste	2022	Abril	2022-04-13T00:00:00	""	Monitoramento	Travessa Alto do Reservatorio, `=-[	Nova Descoberta	Alto do Reservatorio	R1	2022-04-13T00:00:00	Atendimento Social				0
2279	Nordeste	2022	Abril	2022-04-13T00:00:00	""	Monitoramento	Rua Alto do Reservatorio, ?_$.	Nova Descoberta	Alto do Reservatorio	R2	2022-04-13T00:00:00	Atendimento Social				0
2280	Nordeste	2022	Abril	2022-04-13T00:00:00	""	Monitoramento	Rua Antonio Dias Adorno, >#'\	Guabiraba	Corrego do Jenipapo	R2	2022-04-13T00:00:00	Atendimento Social				0
2281	Nordeste	2022	Abril	2022-04-13T00:00:00	""	Monitoramento	Rua Antonio Dias Adorno, $!>=	Guabiraba	Corrego do Jenipapo	R2	2022-04-13T00:00:00	Atendimento Social				0
2282	Nordeste	2022	Abril	2022-04-13T00:00:00	""	Monitoramento	Rua Antonio Dias Adorno, @}>	Guabiraba	Corrego do Jenipapo	R3	2022-04-13T00:00:00	Atendimento Social				0
2283	Nordeste	2022	Abril	2022-04-13T00:00:00	""	Monitoramento	Rua Antonio Dias Adorno, 9<-%	Guabiraba	Corrego do Jenipapo	R3	2022-04-13T00:00:00	Atendimento Social				0
2284	Nordeste	2022	Abril	2022-04-13T00:00:00	""	Monitoramento	Rua Alto da Loura, %$<!	Guabiraba	Alto da Loura	R2	2022-04-13T00:00:00	""				0
2285	Noroeste	2022	Abril	2022-04-13T00:00:00	""	Monitoramento	4ª Subida do Comissario, %$<!	Nova Descoberta	Corrego da Joselia	R3	2022-04-13T00:00:00	Mapeamento de Area de Risco				0
2286	Nordeste	2022	Abril	2022-04-13T00:00:00	""	Monitoramento	Rua Alto da Loura, .<^&	Guabiraba	Alto da Loura	R2	2022-04-13T00:00:00	""				0
2287	Noroeste	2022	Abril	2022-04-13T00:00:00	""	Monitoramento	Rua Estreliana, 9<-%	Nao Informado	Alto Jose do Pinho	R3	2022-04-13T00:00:00	Mapeamento de Area de Risco				0
2288	Noroeste	2022	Abril	2022-04-13T00:00:00	""	Monitoramento	Rua Arare, $!>=	Vasco da Gama 	Alto do Eucalipto	R3	2022-04-13T00:00:00	Mapeamento de Area de Risco				0
2289	Noroeste	2022	Abril	2022-04-13T00:00:00	""	Monitoramento	5ª Travessa Monsenhor Teobaldo Rocha, $!>=	Nova Descoberta	Nova Descoberta	R3	2022-04-13T00:00:00	Mapeamento de Area de Risco				0
2290	Noroeste	2022	Abril	2022-04-13T00:00:00	""	Monitoramento	Rua das Palmeiras, @}>	Nova Descoberta	Alto Jardim Progresso	R3	2022-04-13T00:00:00	Mapeamento de Area de Risco				0
2291	Noroeste	2022	Abril	2022-04-13T00:00:00	""	Monitoramento	Rua das Palmeiras, 9<-%	Nova Descoberta	Alto Jardim Progresso	R3	2022-04-13T00:00:00	Mapeamento de Area de Risco				0
2292	Noroeste	2022	Abril	2022-04-13T00:00:00	""	Monitoramento	Rua Antonio Pinto Lapa, %$<!	Vasco da Gama 	Alto Nossa Senhora de Fatima	R3	2022-04-13T00:00:00	Mapeamento de Area de Risco				0
2293	Noroeste	2022	Abril	2022-04-13T00:00:00	""	Monitoramento	Rua Sao Bento, .<^&	Macaxeira 	Burity	R3	2022-04-13T00:00:00	Mapeamento de Area de Risco				0
2294	Noroeste	2022	Abril	2022-04-13T00:00:00	""	Monitoramento	Rua Deputada Cristina Tavares, ^[{	Macaxeira 	Macaxeira	R3	2022-04-13T00:00:00	Mapeamento de Area de Risco				0
2295	Noroeste	2022	Abril	2022-04-13T00:00:00	""	Monitoramento	Rua Alto Itauna, {})!	Alto Jose Bonifacio 	Alto Jose Bonifacio	R3	2022-04-13T00:00:00	Mapeamento de Area de Risco				0
2296	Noroeste	2022	Abril	2022-04-13T00:00:00	""	Monitoramento	Rua Alto Doutor Caete, #^>	Nova Descoberta	Alto Dr. Caete	R3	2022-04-13T00:00:00	Mapeamento de Area de Risco				0
2297	Noroeste	2022	Abril	2022-04-13T00:00:00	""	Monitoramento	3ª Travessa Damolandia, ~|}[	Nova Descoberta	Alto Dr. Caete	R3	2022-04-13T00:00:00	Mapeamento de Area de Risco				0
2298	Noroeste	2022	Abril	2022-04-13T00:00:00	""	Monitoramento	Avenida Joselia, /@9=	Nova Descoberta	Corrego da Joselia	R3	2022-04-13T00:00:00	Mapeamento de Area de Risco				0
2299	Noroeste	2022	Abril	2022-04-13T00:00:00	""	Monitoramento	"Rua Esplanada, #""#~"	Nao Informado	Corrego Jose Grande	R3	2022-04-13T00:00:00	Mapeamento de Area de Risco				0
2300	Noroeste	2022	Abril	2022-04-13T00:00:00	""	Monitoramento	"4ª Subida do Comissario, +?""]"	Nova Descoberta	Corrego da Joselia	R3	2022-04-13T00:00:00	Mapeamento de Area de Risco				0
2301	Noroeste	2022	Abril	2022-04-13T00:00:00	""	Monitoramento	"2ª Subida do Comissario, ""#*9"	Nova Descoberta	Corrego da Joselia	R3	2022-04-13T00:00:00	Mapeamento de Area de Risco				0
2302	Noroeste	2022	Abril	2022-04-13T00:00:00	""	Monitoramento	Rua da Macaiba, #_|/	Nao Informado	Alto Jose do Pinho	R3	2022-04-13T00:00:00	Mapeamento de Area de Risco				0
2303	Noroeste	2022	Abril	2022-04-13T00:00:00	""	Monitoramento	Rua Uniao da Vitoria, .[?	Nao Informado	Alto Jose do Pinho	R3	2022-04-13T00:00:00	Mapeamento de Area de Risco				0
2304	Noroeste	2022	Abril	2022-04-13T00:00:00	""	Monitoramento	Rua Hilca Machado, #$[	Nova Descoberta	Olho D'Agua	R3	2022-04-13T00:00:00	Mapeamento de Area de Risco				0
2305	Noroeste	2022	Abril	2022-04-13T00:00:00	""	Monitoramento	Rua Brejo de Areia, `=-[	Alto Jose Bonifacio 	Alto Jose Bonifacio	R3	2022-04-13T00:00:00	Mapeamento de Area de Risco				0
2306	Noroeste	2022	Abril	2022-04-13T00:00:00	""	Monitoramento	Rua Alto Itauna, ?_$.	Alto Jose Bonifacio 	Alto Jose Bonifacio	R3	2022-04-13T00:00:00	Mapeamento de Area de Risco				0
2307	Noroeste	2022	Abril	2022-04-13T00:00:00	""	Monitoramento	Rua Eduardo Menezes, >#'\	Vasco da Gama 	Alto Resplendor	R3	2022-04-13T00:00:00	Mapeamento de Area de Risco				0
2308	Noroeste	2022	Abril	2022-04-13T00:00:00	""	Monitoramento	Rua Antonio Pinto Lapa, @}>	Vasco da Gama 	Vasco da Gama	R3	2022-04-13T00:00:00	Mapeamento de Area de Risco				0
2309	Nordeste	2022	Abril	2022-04-13T00:00:00	""	Monitoramento	Rua Alto da Loura, ^[{	Guabiraba	Alto da Loura	R2	2022-04-13T00:00:00	""				0
2310	Nordeste	2022	Abril	2022-04-13T00:00:00	""	Monitoramento	Rua Antonio Dias Adorno, {})!	Guabiraba	Corrego do Jenipapo	R2	2022-04-13T00:00:00	""				0
2311	Nordeste	2022	Abril	2022-04-13T00:00:00	""	Monitoramento	Rua Rosal, #^>	Nova Descoberta	Alto do Reservatorio	R2	2022-04-13T00:00:00	""				0
2312	Nordeste	2022	Abril	2022-04-13T00:00:00	""	Monitoramento	Rua Compositor Edgar de Moraes, #_|/	Brejo da Guabiraba	Arca de Noe	R3	2022-04-13T00:00:00	Atendimento Social				0
2313	Nordeste	2022	Abril	2022-04-13T00:00:00	""	Monitoramento	Rua Compositor Edgar de Moraes, .[?	Brejo da Guabiraba	Arca de Noe	R3	2022-04-13T00:00:00	Atendimento Social				0
2314	Nordeste	2022	Abril	2022-04-13T00:00:00	""	Monitoramento	Rua Craolandia, #$[	Nova Descoberta	Corrego da Areia	R3	2022-04-13T00:00:00	Atendimento Social				0
2315	Nordeste	2022	Abril	2022-04-13T00:00:00	""	Monitoramento	Rua Craolandia, `=-[	Nova Descoberta	Corrego da Areia	R3	2022-04-13T00:00:00	Atendimento Social				0
2316	Nordeste	2022	Abril	2022-04-13T00:00:00	""	Monitoramento	Rua Presidente Costa e Silva, ?_$.	Guabiraba	Alto da Guabiraba	R3	2022-04-13T00:00:00	Atendimento Social				0
2317	Nordeste	2022	Abril	2022-04-13T00:00:00	""	Monitoramento	Rua Presidente Costa e Silva, >#'\	Guabiraba	Alto da Guabiraba	R3	2022-04-13T00:00:00	Atendimento Social				0
2318	Nordeste	2022	Abril	2022-04-13T00:00:00	""	Monitoramento	Rua Presidente Costa e Silva, $!>=	Guabiraba	Alto da Guabiraba	R3	2022-04-13T00:00:00	Atendimento Social				0
2319	Nordeste	2022	Abril	2022-04-13T00:00:00	""	Monitoramento	Rua Presidente Costa e Silva, @}>	Guabiraba	Alto da Guabiraba	R3	2022-04-13T00:00:00	Atendimento Social				0
2320	Nordeste	2022	Abril	2022-04-13T00:00:00	""	Monitoramento	Rua Renasceca, 9<-%	Brejo da Guabiraba	Corrego Jardim Primavera	R3	2022-04-13T00:00:00	Atendimento Social				0
2321	Nordeste	2022	Abril	2022-04-13T00:00:00	""	Monitoramento	Rua Renasceca, %$<!	Brejo da Guabiraba	Corrego Jardim Primavera	R3	2022-04-13T00:00:00	Atendimento Social				0
2322	Nordeste	2022	Abril	2022-04-13T00:00:00	""	""	Sibida Piorini, .<^&	Nova Descoberta	Corrego do Joaquim	""	2022-04-13T00:00:00	Corte de Arvores				0
2323	Nordeste	2022	Abril	2022-04-13T00:00:00	""	""	Sibida Piorini, ^[{	Nova Descoberta	Corrego do Joaquim	""	2022-04-13T00:00:00	Rocagem	1	50	10	500
2324	Nordeste	2022	Abril	2022-04-13T00:00:00	""	""	Rua Corrego da Areia, {})!	Nova Descoberta	Corrego da Areia	""	2022-04-13T00:00:00	Rocagem	1	18	10	180
2325	Nordeste	2022	Abril	2022-04-13T00:00:00	""	""	2ª Travessa Corrego do Marreco, #^>	Guabiraba	Corrego do Marreco	""	2022-04-13T00:00:00	Rocagem	1	32	10	320
2326	Nordeste	2022	Abril	2022-04-13T00:00:00	""	Monitoramento	Rua Alto das Queimadas, ~|}[	Nova Descoberta	Alto das Queimadas	""	2022-04-13T00:00:00	""				0
2327	Nordeste	2022	Abril	2022-04-13T00:00:00	""	Monitoramento	Rua Alto das Queimadas, /@9=	Nova Descoberta	Alto das Queimadas	""	2022-04-13T00:00:00	Atendimento Social				0
2328	Nordeste	2022	Abril	2022-04-13T00:00:00	""	Monitoramento	"Rua Alto das Queimadas, #""#~"	Nova Descoberta	Alto das Queimadas	R2	2022-04-13T00:00:00	Atendimento Social				0
2329	Nordeste	2022	Abril	2022-04-13T00:00:00	Deslizamentos de Barreiras	Vistoria	"Rua Rio Botafogo, +?""]"	Guabiraba	Bom Clima	R4	2022-04-13T00:00:00	Atendimento Social				0
2330	Nordeste	2022	Abril	2022-04-13T00:00:00	""	Monitoramento	"4ª Travessa do Tadeu, ""#*9"	Nova Descoberta	Corrego do Joaquim	R1	2022-04-13T00:00:00	Atendimento Social				0
2331	Nordeste	2022	Abril	2022-04-13T00:00:00	""	Monitoramento	"Rua Compositor Edgar de Moraes, ""#*9"	Brejo da Guabiraba	Arca de Noe	R3	2022-04-13T00:00:00	Atendimento Social				0
2332	Nordeste	2022	Abril	2022-04-13T00:00:00	""	Monitoramento	"Rua Compositor Edgar de Moraes, +?""]"	Brejo da Guabiraba	Arca de Noe	R3	2022-04-13T00:00:00	Atendimento Social				0
2333	Nordeste	2022	Abril	2022-04-13T00:00:00	""	Monitoramento	"Rua Irece, #""#~"	Nova Descoberta	Corrego da Areia	R3	2022-04-13T00:00:00	Atendimento Social				0
2334	Nordeste	2022	Abril	2022-04-13T00:00:00	""	Monitoramento	Rua Corrego da Areia, /@9=	Nova Descoberta	Corrego da Areia	R3	2022-04-13T00:00:00	Atendimento Social				0
2335	Nordeste	2022	Abril	2022-04-13T00:00:00	""	Monitoramento	2ª Travessa Alvares Florense, ~|}[	Guabiraba	Corrego do Jenipapo	R2	2022-04-13T00:00:00	""				0
2336	Nordeste	2022	Abril	2022-04-13T00:00:00	""	Monitoramento	2ª Travessa Alvares Florense, /@9=	Guabiraba	Corrego do Jenipapo	R2	2022-04-13T00:00:00	Atendimento Social				0
2337	Nordeste	2022	Abril	2022-04-13T00:00:00	""	Monitoramento	"2ª Travessa Alvares Florense, #""#~"	Guabiraba	Corrego do Jenipapo	R2	2022-04-13T00:00:00	Atendimento Social				0
2338	Nordeste	2022	Abril	2022-04-13T00:00:00	""	Monitoramento	"Rua Antonio Dias Adorno, +?""]"	Guabiraba	Corrego do Jenipapo	R3	2022-04-13T00:00:00	Atendimento Social				0
2339	Nordeste	2022	Abril	2022-04-13T00:00:00	""	Monitoramento	"Rua Antonio Dias Adorno, ""#*9"	Guabiraba	Corrego do Jenipapo	R3	2022-04-13T00:00:00	Atendimento Social				0
2340	Nordeste	2022	Abril	2022-04-13T00:00:00	""	Monitoramento	Rua Antonio Dias Adorno, #_|/	Guabiraba	Corrego do Jenipapo	R3	2022-04-13T00:00:00	Atendimento Social				0
2341	Nordeste	2022	Abril	2022-04-13T00:00:00	""	Monitoramento	Rua Antonio Dias Adorno, .[?	Guabiraba	Corrego do Jenipapo	R3	2022-04-13T00:00:00	Atendimento Social				0
2342	Nordeste	2022	Abril	2022-04-13T00:00:00	""	Monitoramento	Rua Corrego da Loura, #$[	Nova Descoberta	Corrego da Loura	R3	2022-04-13T00:00:00	Atendimento Social				0
2343	Nordeste	2022	Abril	2022-04-13T00:00:00	""	Monitoramento	Rua Corrego da Loura, `=-[	Nova Descoberta	Corrego da Loura	R3	2022-04-13T00:00:00	Atendimento Social				0
2344	Oeste	2022	Abril	2022-04-13T00:00:00	""	Monitoramento	Rua Barra do Sagi, ^[{	Varzea	Brega e Chique	R1	2022-04-13T00:00:00	Mapeamento de Area de Risco				0
2345	Nordeste	2022	Abril	2022-04-13T00:00:00	""	Monitoramento	Rua Subida do Joaquim, ?_$.	Nova Descoberta	Alto do Reservatorio	R2	2022-04-13T00:00:00	Atendimento Social				0
2346	Nordeste	2022	Abril	2022-04-13T00:00:00	""	Monitoramento	Rua Umirim, $!>=	Nova Descoberta	Alto do Venancio	R3	2022-04-13T00:00:00	Atendimento Social				0
2347	Nordeste	2022	Abril	2022-04-13T00:00:00	""	Monitoramento	Alto do Reservatorio, @}>	Nova Descoberta	Corrego da Areia	R3	2022-04-13T00:00:00	Atendimento Social				0
2348	Nordeste	2022	Abril	2022-04-13T00:00:00	""	Monitoramento	Alto do Reservatorio, 9<-%	Nova Descoberta	Corrego da Areia	R3	2022-04-13T00:00:00	Atendimento Social				0
2349	Nordeste	2022	Abril	2022-04-13T00:00:00	""	Monitoramento	Alto do Reservatorio, %$<!	Nova Descoberta	Corrego da Areia	R3	2022-04-13T00:00:00	Atendimento Social				0
2350	Nordeste	2022	Abril	2022-04-13T00:00:00	""	Monitoramento	Rua Corrego da Areia, .<^&	Nova Descoberta	Corrego da Areia	R3	2022-04-13T00:00:00	Atendimento Social				0
2351	Nordeste	2022	Abril	2022-04-13T00:00:00	""	Monitoramento	Rua Corrego da Areia, ^[{	Nova Descoberta	Corrego da Areia	R3	2022-04-13T00:00:00	Atendimento Social				0
2352	Nordeste	2022	Abril	2022-04-13T00:00:00	""	Monitoramento	Rua Corrego da Areia, {})!	Nova Descoberta	Corrego da Areia	R3	2022-04-13T00:00:00	Atendimento Social				0
2353	Nordeste	2022	Abril	2022-04-13T00:00:00	""	Monitoramento	Rua Corrego da Areia, #^>	Nova Descoberta	Corrego da Areia	R3	2022-04-13T00:00:00	Atendimento Social				0
2354	Nordeste	2022	Abril	2022-04-13T00:00:00	""	Monitoramento	Rua Corrego da Areia, ~|}[	Nova Descoberta	Corrego da Areia	R3	2022-04-13T00:00:00	Atendimento Social				0
2355	Nordeste	2022	Abril	2022-04-13T00:00:00	""	Monitoramento	Rua Umirim, >#'\	Nova Descoberta	Alto do Venancio	R3	2022-04-13T00:00:00	Atendimento Social				0
2356	Sul	2022	Abril	2022-04-12T00:00:00	""	Monitoramento	"Rua Brejo da Cruz, #""#~"	Ibura	Alto da Esperanca	R3	2022-04-12T00:00:00	Analise Visual Estrutural				0
2357	Oeste	2022	Abril	2022-04-13T00:00:00	""	Monitoramento	Rua Barra do Sagi, .<^&	Varzea	Brega e Chique	R2	2022-04-13T00:00:00	Mapeamento de Area de Risco				0
2358	Oeste	2022	Abril	2022-04-13T00:00:00	""	Monitoramento	Rua Barra do Sagi, 9<-%	Varzea	Brega e Chique	R2	2022-04-13T00:00:00	Mapeamento de Area de Risco				0
2359	Nordeste	2022	Abril	2022-04-14T00:00:00	""	""	1ª Subida do Joaquim, {})!	Nova Descoberta	Corrego do Joaquim	R3	2022-04-14T00:00:00	Atendimento Social				0
2360	Nordeste	2022	Abril	2022-04-14T00:00:00	""	""	1ª Subida do Joaquim, #^>	Nova Descoberta	Corrego do Joaquim	R3	2022-04-14T00:00:00	Atendimento Social				0
2361	Nordeste	2022	Abril	2022-04-14T00:00:00	""	""	1ª Subida do Joaquim, ~|}[	Nova Descoberta	Corrego do Joaquim	R3	2022-04-14T00:00:00	Atendimento Social				0
2362	Nordeste	2022	Abril	2022-04-14T00:00:00	""	""	1ª Subida do Joaquim, /@9=	Nova Descoberta	Corrego do Joaquim	R3	2022-04-14T00:00:00	Atendimento Social				0
2363	Nordeste	2022	Abril	2022-04-14T00:00:00	""	""	"Subida da Assembleia, #""#~"	Nova Descoberta	Alto da Brasileira	R3	2022-04-14T00:00:00	Atendimento Social				0
2364	Nordeste	2022	Abril	2022-04-14T00:00:00	""	""	"Subida da Assembleia, +?""]"	Nova Descoberta	Alto da Brasileira	R3	2022-04-14T00:00:00	Atendimento Social				0
2365	Nordeste	2022	Abril	2022-04-14T00:00:00	""	""	"Subida da Assembleia, ""#*9"	Nova Descoberta	Alto da Brasileira	R3	2022-04-14T00:00:00	Atendimento Social				0
2366	Nordeste	2022	Abril	2022-04-14T00:00:00	""	Monitoramento	Rua Dom Pedro, #_|/	Passarinho	Vila Canaa	R3	2022-04-14T00:00:00	Atendimento Social				0
2367	Nordeste	2022	Abril	2022-04-14T00:00:00	""	Monitoramento	Rua Dom Pedro, .[?	Passarinho	Vila Canaa	R3	2022-04-14T00:00:00	Atendimento Social				0
2368	Nordeste	2022	Abril	2022-04-14T00:00:00	""	Monitoramento	Rua Dom Pedro, #$[	Passarinho	Vila Canaa	R3	2022-04-14T00:00:00	Atendimento Social				0
2369	Nordeste	2022	Abril	2022-04-14T00:00:00	""	Monitoramento	Rua Dom Pedro, `=-[	Passarinho	Vila Canaa	R3	2022-04-14T00:00:00	Atendimento Social				0
2370	Nordeste	2022	Abril	2022-04-14T00:00:00	""	""	Rua do Amor, ?_$.	Guabiraba	Vila Boa Vista	""	2022-04-14T00:00:00	Atendimento Social				0
2371	Nordeste	2022	Abril	2022-04-14T00:00:00	""	""	Rua do Amor, >#'\	Guabiraba	Vila Boa Vista	""	2022-04-14T00:00:00	Atendimento Social				0
2372	Nordeste	2022	Abril	2022-04-14T00:00:00	""	""	Rua do Amor, $!>=	Guabiraba	Vila Boa Vista	""	2022-04-14T00:00:00	Atendimento Social				0
2373	Nordeste	2022	Abril	2022-04-14T00:00:00	""	""	Rua do Amor, @}>	Guabiraba	Vila Boa Vista	""	2022-04-14T00:00:00	Atendimento Social				0
2374	Nordeste	2022	Abril	2022-04-14T00:00:00	""	""	Rua do Amor, 9<-%	Guabiraba	Vila Boa Vista	""	2022-04-14T00:00:00	Atendimento Social				0
2375	Nordeste	2022	Abril	2022-04-14T00:00:00	""	""	Rua Corrego da Areia, %$<!	Nova Descoberta	Corrego da Areia	""	2022-04-14T00:00:00	Rocagem	1	40	10	400
2376	Sul	2022	Abril	2022-04-13T00:00:00	""	Colocação de Lonas Plásticas	Travessa Mato Grosso, .<^&	Cohab	Ur 04	""	2022-04-13T00:00:00	Mapeamento de Area de Risco	4	15	8	480
2377	Sul	2022	Abril	2022-04-13T00:00:00	""	Colocação de Lonas Plásticas	Rua Maria Adelaide Castelo Branco, ^[{	Cohab	Lagoa Encantada	""	2022-04-13T00:00:00	Mapeamento de Area de Risco	3	15	8	360
2378	Nordeste	2022	Abril	2022-04-14T00:00:00	""	""	Rua Alto da Brasileira, ^[{	Nova Descoberta	Alto da Brasileira	R2	2022-04-14T00:00:00	Atendimento Social				0
2379	Sul	2022	Abril	2022-04-13T00:00:00	""	Colocação de Lonas Plásticas	Rua Arlindo Almeida Filho, {})!	Cohab	Lagoa Encantada	""	2022-04-13T00:00:00	Mapeamento de Area de Risco	2	20	8	320
2380	Nordeste	2022	Abril	2022-04-14T00:00:00	""	""	Rua Alto da Brasileira, .<^&	Nova Descoberta	Alto da Brasileira	R2	2022-04-14T00:00:00	Atendimento Social				0
2381	Nordeste	2022	Abril	2022-04-14T00:00:00	""	Monitoramento	Rua da Paz, 9<-%	Passarinho	Vila Canaa	R3	2022-04-14T00:00:00	Acoes de Porta-Porta				0
2382	Noroeste	2022	Abril	2022-04-14T00:00:00	""	""	3ª Travessa Damolandia, 9<-%	Nova Descoberta	Alto Dr. Caete	""	2022-04-14T00:00:00	Acoes de Porta-Porta				0
2383	Noroeste	2022	Abril	2022-04-14T00:00:00	""	""	3ª Travessa Damolandia, %$<!	Nova Descoberta	Alto Dr. Caete	""	2022-04-14T00:00:00	Acoes de Porta-Porta				0
2384	Noroeste	2022	Abril	2022-04-14T00:00:00	""	""	3ª Travessa Damolandia, .<^&	Nova Descoberta	Alto Dr. Caete	""	2022-04-14T00:00:00	Acoes de Porta-Porta				0
2385	Noroeste	2022	Abril	2022-04-14T00:00:00	""	""	3ª Travessa Damolandia, ^[{	Nova Descoberta	Alto Dr. Caete	""	2022-04-14T00:00:00	Acoes de Porta-Porta				0
2386	Nordeste	2022	Abril	2022-04-14T00:00:00	""	""	Rua Maria da Fe, {})!	Passarinho	Corrego da Telha	""	2022-04-14T00:00:00	Rocagem	1	22	10	220
2387	Nordeste	2022	Abril	2022-04-14T00:00:00	""	Monitoramento	1ª Travessa Alto da Telha, #^>	Passarinho	Alto da Telha	R2	2022-04-14T00:00:00	Atendimento Social				0
2388	Nordeste	2022	Abril	2022-04-14T00:00:00	""	Monitoramento	1ª Travessa Alto da Telha, ~|}[	Passarinho	Alto da Telha	R2	2022-04-14T00:00:00	Atendimento Social				0
2389	Nordeste	2022	Abril	2022-04-14T00:00:00	""	Monitoramento	Rua Corrego da Bica, /@9=	Passarinho	Corrego da Bica	R1	2022-04-14T00:00:00	Atendimento Social				0
2390	Nordeste	2022	Abril	2022-04-14T00:00:00	""	Monitoramento	"Rua Alto da Bica, #""#~"	Passarinho	Alto da Bica	R2	2022-04-14T00:00:00	""				0
2391	Nordeste	2022	Abril	2022-04-14T00:00:00	""	Monitoramento	"Rua Alto da Bica, +?""]"	Passarinho	Alto da Bica	R2	2022-04-14T00:00:00	""				0
2392	Nordeste	2022	Abril	2022-04-14T00:00:00	""	Monitoramento	"Rua Alto da Bica, ""#*9"	Passarinho	Alto da Bica	R2	2022-04-14T00:00:00	Atendimento Social				0
2393	Nordeste	2022	Abril	2022-04-14T00:00:00	""	Monitoramento	Rua da Uniao, #_|/	Passarinho	Alto da Telha	R2	2022-04-14T00:00:00	Atendimento Social				0
2394	Nordeste	2022	Abril	2022-04-14T00:00:00	""	Monitoramento	2ª Travessa Corrego Manoel Carroceiro, .[?	Passarinho	Corrego Manoel Carroceiro	R3	2022-04-14T00:00:00	Atendimento Social				0
2395	Nordeste	2022	Abril	2022-04-14T00:00:00	""	Monitoramento	Rua Agostinho dos Santos, #$[	Passarinho	Alto da Telha	R3	2022-04-14T00:00:00	Atendimento Social				0
2396	Nordeste	2022	Abril	2022-04-14T00:00:00	""	Monitoramento	Rua Agostinho dos Santos, `=-[	Passarinho	Alto da Telha	R3	2022-04-14T00:00:00	Atendimento Social				0
2397	Nordeste	2022	Abril	2022-04-14T00:00:00	""	Monitoramento	2ª Travessa Corrego da Bica, ?_$.	Passarinho	Corrego da Bica	R4	2022-04-14T00:00:00	Acoes de Porta-Porta				0
2398	Nordeste	2022	Abril	2022-04-14T00:00:00	""	Monitoramento	2ª Travessa Corrego da Bica, >#'\	Passarinho	Corrego da Bica	R4	2022-04-14T00:00:00	Acoes de Porta-Porta				0
2399	Nordeste	2022	Abril	2022-04-14T00:00:00	""	Vistoria	Rua Vitoria Regia, $!>=	Passarinho	Vila Canaa	R1	2022-04-14T00:00:00	Atendimento Social				0
2400	Nordeste	2022	Abril	2022-04-14T00:00:00	""	Monitoramento	Rua Vitoria Regia, @}>	Passarinho	Vila Canaa	R1	2022-04-14T00:00:00	Acoes de Porta-Porta				0
2401	Nordeste	2022	Abril	2022-04-14T00:00:00	""	""	Rua Alto da Brasileira, %$<!	Nova Descoberta	Alto da Brasileira	R2	2022-04-14T00:00:00	Atendimento Social				0
2402	Noroeste	2022	Abril	2022-04-14T00:00:00	""	""	3ª Travessa Damolandia, @}>	Nova Descoberta	Alto Dr. Caete	""	2022-04-14T00:00:00	Acoes de Porta-Porta				0
2403	Sul	2022	Abril	2022-04-13T00:00:00	""	Colocação de Lonas Plásticas	Rua Arlindo Almeida Filho, #^>	Cohab	Lagoa Encantada	""	2022-04-13T00:00:00	Mapeamento de Area de Risco	1	15	8	120
2404	Sul	2022	Abril	2022-04-13T00:00:00	""	Colocação de Lonas Plásticas	Avenida Dona Carentina, /@9=	Jordao	Jordao Alto	""	2022-04-13T00:00:00	Mapeamento de Area de Risco	6	15	8	720
2405	Norte	2022	Abril	2022-04-13T00:00:00	""	Colocação de Lonas Plásticas	Rua Corrego do Curio, .[?	Dois Unidos	Corrego do Curio	""	2022-04-13T00:00:00	""	2	35	8	560
2406	Norte	2022	Abril	2022-04-13T00:00:00	""	Colocação de Lonas Plásticas	Rua Corrego do Curio, #$[	Dois Unidos	Corrego do Curio	""	2022-04-13T00:00:00	""	1	30	8	240
2407	Norte	2022	Abril	2022-04-13T00:00:00	""	Colocação de Lonas Plásticas	Rua Compositor Inaldo Mendonca, `=-[	Dois Unidos	Alto do Rosario	""	2022-04-13T00:00:00	""	2	45	8	720
2408	Norte	2022	Abril	2022-04-13T00:00:00	""	Colocação de Lonas Plásticas	Rua Compositor Inaldo Mendonca, ?_$.	Dois Unidos	Alto do Rosario	""	2022-04-13T00:00:00	""	1	20	8	160
2409	Norte	2022	Abril	2022-04-13T00:00:00	""	Colocação de Lonas Plásticas	Rua Compositor Inaldo Mendonca, >#'\	Dois Unidos	Alto do Rosario	""	2022-04-13T00:00:00	""	2	50	8	800
2410	Norte	2022	Abril	2022-04-13T00:00:00	""	Colocação de Lonas Plásticas	Rua Compositor Inaldo Mendonca, $!>=	Dois Unidos	Alto do Rosario	""	2022-04-13T00:00:00	""	1	40	8	320
2411	Norte	2022	Abril	2022-04-13T00:00:00	""	Colocação de Lonas Plásticas	Rua Compositor Inaldo Mendonca, @}>	Dois Unidos	Alto do Rosario	""	2022-04-13T00:00:00	""	1	50	8	400
2412	Norte	2022	Abril	2022-04-13T00:00:00	""	Colocação de Lonas Plásticas	Rua Corrego do Curio, 9<-%	Dois Unidos	Corrego do Curio	""	2022-04-13T00:00:00	""	1	40	8	320
2413	Norte	2022	Abril	2022-04-13T00:00:00	""	Colocação de Lonas Plásticas	Rua Corrego do Curio, %$<!	Dois Unidos	Corrego do Curio	""	2022-04-13T00:00:00	""	1	40	8	320
2414	Noroeste	2022	Abril	2022-04-13T00:00:00	""	Colocação de Lonas Plásticas	Escola Dom Bosco, .<^&	Casa Amarela 	Nao Cadastrada	""	2022-04-13T00:00:00	""	1	40	8	320
2415	Noroeste	2022	Abril	2022-04-13T00:00:00	""	Colocação de Lonas Plásticas	Rua Pitombinha, ^[{	Nova Descoberta	Nova Descoberta	""	2022-04-13T00:00:00	""	1	90	8	720
2416	Noroeste	2022	Abril	2022-04-13T00:00:00	""	Colocação de Lonas Plásticas	Rua Pitombinha, {})!	Nova Descoberta	Nova Descoberta	""	2022-04-13T00:00:00	""	1	20	8	160
2417	Noroeste	2022	Abril	2022-04-13T00:00:00	""	Colocação de Lonas Plásticas	Rua do Visgueiro, #^>	Vasco da Gama 	Vasco da Gama	""	2022-04-13T00:00:00	""	1	85	8	680
2418	Noroeste	2022	Abril	2022-04-13T00:00:00	""	Colocação de Lonas Plásticas	Subida Damolandia, ~|}[	Nova Descoberta	Nova Descoberta	""	2022-04-13T00:00:00	""	1	80	8	640
2419	Noroeste	2022	Abril	2022-04-13T00:00:00	""	Colocação de Lonas Plásticas	1ª Subida do Comissario, /@9=	Nova Descoberta	Nova Descoberta	""	2022-04-13T00:00:00	""	2	20	8	320
2420	Noroeste	2022	Abril	2022-04-13T00:00:00	""	Colocação de Lonas Plásticas	"Rua Fagundes, #""#~"	Nova Descoberta	Nova Descoberta	""	2022-04-13T00:00:00	""	2	15	8	240
2421	Nordeste	2022	Abril	2022-04-13T00:00:00	""	Colocação de Lonas Plásticas	"Rua Pesqueiro, +?""]"	Nova Descoberta	Corrego do Inacio	""	2022-04-13T00:00:00	""	1	15	8	120
2422	Nordeste	2022	Abril	2022-04-13T00:00:00	""	Colocação de Lonas Plásticas	"Rua Jatei, ""#*9"	Nova Descoberta	Alto das Queimadas	""	2022-04-13T00:00:00	""	1	1	520	520
2423	Nordeste	2022	Abril	2022-04-13T00:00:00	""	Colocação de Lonas Plásticas	Subida Piorini, #_|/	Nova Descoberta	Corrego do Joaquim	""	2022-04-13T00:00:00	""	1	1	920	920
2424	Norte	2022	Abril	2022-04-13T00:00:00	""	Colocação de Lonas Plásticas	Rua Corrego do Curio, #_|/	Dois Unidos	Corrego do Curio	""	2022-04-13T00:00:00	""	2	40	8	640
2425	Sul	2022	Abril	2022-04-13T00:00:00	""	Colocação de Lonas Plásticas	Rua Eduarda Magalhaes, ~|}[	Cohab	Ur 12	""	2022-04-13T00:00:00	Mapeamento de Area de Risco	2	20	8	320
2426	Norte	2022	Abril	2022-04-13T00:00:00	""	Colocação de Lonas Plásticas	"Rua Mercurio, ""#*9"	Agua Fria	Alto do Pascoal	""	2022-04-13T00:00:00	""	3	15	8	360
2427	Norte	2022	Abril	2022-04-13T00:00:00	""	Colocação de Lonas Plásticas	"Rua Ladeira de Pedra, #""#~"	Agua Fria	Alto do Pascoal	""	2022-04-13T00:00:00	""	3	15	8	360
2428	Sul	2022	Abril	2022-04-13T00:00:00	""	Colocação de Lonas Plásticas	"Rua Pedro Moscoso, #""#~"	Cohab	Ur 01	""	2022-04-13T00:00:00	Mapeamento de Area de Risco	2	15	8	240
2429	Sul	2022	Abril	2022-04-13T00:00:00	""	Colocação de Lonas Plásticas	"Rua Benig. Jordao Vasconcelos, +?""]"	Cohab	Ur 04	""	2022-04-13T00:00:00	Mapeamento de Area de Risco	1	15	8	120
2430	Sul	2022	Abril	2022-04-13T00:00:00	""	Colocação de Lonas Plásticas	"Rua Sarg. Brasileiro Nogueira, ""#*9"	Cohab	Ur 04	""	2022-04-13T00:00:00	Mapeamento de Area de Risco	1	15	8	120
2431	Sul	2022	Abril	2022-04-13T00:00:00	""	Colocação de Lonas Plásticas	Rua Capitao Vicente Curado, #_|/	Cohab	Ur 04	""	2022-04-13T00:00:00	Mapeamento de Area de Risco	2	15	8	240
2432	Sul	2022	Abril	2022-04-13T00:00:00	""	Colocação de Lonas Plásticas	Rua Irma Evangelista, .[?	Cohab	Ur 04	""	2022-04-13T00:00:00	Mapeamento de Area de Risco	2	15	8	240
2433	Sul	2022	Abril	2022-04-13T00:00:00	""	Colocação de Lonas Plásticas	Rua Irma Evangelista, #$[	Cohab	Ur 04	""	2022-04-13T00:00:00	Mapeamento de Area de Risco	3	15	8	360
2434	Sul	2022	Abril	2022-04-13T00:00:00	""	Colocação de Lonas Plásticas	Rua Itiquira, `=-[	Ibura	Alto da Bela Vista	""	2022-04-13T00:00:00	Mapeamento de Area de Risco	3	20	8	480
2435	Sul	2022	Abril	2022-04-13T00:00:00	""	Colocação de Lonas Plásticas	Rua Itiquira, ?_$.	Ibura	Alto da Bela Vista	""	2022-04-13T00:00:00	Mapeamento de Area de Risco	1	15	8	120
2436	Sul	2022	Abril	2022-04-13T00:00:00	""	Colocação de Lonas Plásticas	Rua Itiquira, >#'\	Ibura	Alto da Bela Vista	""	2022-04-13T00:00:00	Mapeamento de Area de Risco	2	15	8	240
2437	Sul	2022	Abril	2022-04-13T00:00:00	""	Colocação de Lonas Plásticas	Rua Sarg. Brasileiro Nogueira, $!>=	Cohab	Ur 04	""	2022-04-13T00:00:00	Mapeamento de Area de Risco	3	15	8	360
2438	Oeste	2022	Abril	2022-04-13T00:00:00	""	Colocação de Lonas Plásticas	Rua Alto do Caxambu, @}>	Cohab	Jardim Monte Verde	""	2022-04-13T00:00:00	""	1	20	8	160
2439	Oeste	2022	Abril	2022-04-13T00:00:00	""	Colocação de Lonas Plásticas	Rua Manoel Pascoal, 9<-%	Cohab	Jardim Monte Verde	""	2022-04-13T00:00:00	""	1	20	8	160
2440	Oeste	2022	Abril	2022-04-13T00:00:00	""	Colocação de Lonas Plásticas	Rua Paulo Frontin, %$<!	Varzea	Jardim Teresopolis	""	2022-04-13T00:00:00	""	3	20	8	480
2441	Oeste	2022	Abril	2022-04-13T00:00:00	""	Colocação de Lonas Plásticas	Rua Paulo Frontin, .<^&	Varzea	Jardim Teresopolis	""	2022-04-13T00:00:00	""	2	20	8	320
2442	Oeste	2022	Abril	2022-04-13T00:00:00	""	Colocação de Lonas Plásticas	Rua Paulo Frontin, ^[{	Varzea	Brega e Chique	""	2022-04-13T00:00:00	""	3	20	8	480
2443	Oeste	2022	Abril	2022-04-13T00:00:00	""	Colocação de Lonas Plásticas	Rua Cassia Eler, {})!	Barro	Parque dos Milagres	""	2022-04-13T00:00:00	Rocagem	3	20	8	480
2444	Oeste	2022	Abril	2022-04-13T00:00:00	""	Colocação de Lonas Plásticas	Rua Sao Vicente de Paula, #^>	Varzea	Jardim Teresopolis	""	2022-04-13T00:00:00	""	3	20	8	480
2445	Oeste	2022	Abril	2022-04-13T00:00:00	""	Colocação de Lonas Plásticas	Rua Sao Vicente de Paula, ~|}[	Varzea	Jardim Teresopolis	""	2022-04-13T00:00:00	""	2	20	8	320
2446	Norte	2022	Abril	2022-04-13T00:00:00	""	Colocação de Lonas Plásticas	Rua Ladeira de Pedra, /@9=	Agua Fria	Alto do Pascoal	""	2022-04-13T00:00:00	""	3	20	8	480
2447	Norte	2022	Abril	2022-04-13T00:00:00	""	Colocação de Lonas Plásticas	"Rua Corrego do Deodato, +?""]"	Agua Fria	Corrego do Deodato	""	2022-04-13T00:00:00	""				0
2448	Nordeste	2022	Abril	2022-04-13T00:00:00	""	Colocação de Lonas Plásticas	Rua Erece, .[?	Nova Descoberta	Corrego da Areia	""	2022-04-13T00:00:00	""	3	15	8	360
2449	Noroeste	2022	Abril	2022-04-14T00:00:00	""	""	3ª Travessa Damolandia, $!>=	Nova Descoberta	Alto Dr. Caete	""	2022-04-14T00:00:00	Acoes de Porta-Porta				0
2450	Noroeste	2022	Abril	2022-04-14T00:00:00	""	""	Rua Rio Tigre, ?_$.	Nova Descoberta	Alto Dr. Caete	""	2022-04-14T00:00:00	Acoes de Porta-Porta				0
2451	Noroeste	2022	Abril	2022-04-14T00:00:00	""	""	Rua Alvaraes, /@9=	Nova Descoberta	Alto Dr. Caete	""	2022-04-14T00:00:00	Acoes de Porta-Porta				0
2452	Noroeste	2022	Abril	2022-04-14T00:00:00	""	""	"3ª Subida do Leoncio, #""#~"	Nova Descoberta	Alto Dr. Caete	""	2022-04-14T00:00:00	Acoes de Porta-Porta				0
2453	Noroeste	2022	Abril	2022-04-14T00:00:00	""	""	"3ª Subida do Leoncio, +?""]"	Nova Descoberta	Alto Dr. Caete	""	2022-04-14T00:00:00	Acoes de Porta-Porta				0
2454	Noroeste	2022	Abril	2022-04-14T00:00:00	""	""	"Rua Doutor Caete, ""#*9"	Nova Descoberta	Alto Dr. Caete	""	2022-04-14T00:00:00	Acoes de Porta-Porta				0
2455	Noroeste	2022	Abril	2022-04-14T00:00:00	""	""	Rua Rio Tigre, #_|/	Nova Descoberta	Alto Dr. Caete	""	2022-04-14T00:00:00	Acoes de Porta-Porta				0
2456	Noroeste	2022	Abril	2022-04-14T00:00:00	""	""	Rua Rio Tigre, .[?	Nova Descoberta	Alto Dr. Caete	""	2022-04-14T00:00:00	Acoes de Porta-Porta				0
2457	Noroeste	2022	Abril	2022-04-14T00:00:00	""	""	Rua Rio Tigre, #$[	Nova Descoberta	Alto Dr. Caete	""	2022-04-14T00:00:00	Acoes de Porta-Porta				0
2458	Noroeste	2022	Abril	2022-04-14T00:00:00	""	""	Rua Rio Tigre, `=-[	Nova Descoberta	Alto Dr. Caete	""	2022-04-14T00:00:00	Acoes de Porta-Porta				0
2459	Noroeste	2022	Abril	2022-04-14T00:00:00	""	""	Rua Rio Tigre, ?_$.	Nova Descoberta	Alto Dr. Caete	""	2022-04-14T00:00:00	Acoes de Porta-Porta				0
2460	Noroeste	2022	Abril	2022-04-14T00:00:00	""	""	Rua Rio Tigre, >#'\	Nova Descoberta	Alto Dr. Caete	""	2022-04-14T00:00:00	Acoes de Porta-Porta				0
2461	Noroeste	2022	Abril	2022-04-14T00:00:00	""	""	3ª Travessa Damolandia, $!>=	Nova Descoberta	Alto Dr. Caete	""	2022-04-14T00:00:00	Acoes de Porta-Porta				0
2462	Noroeste	2022	Abril	2022-04-14T00:00:00	""	""	3ª Travessa Damolandia, @}>	Nova Descoberta	Alto Dr. Caete	""	2022-04-14T00:00:00	Acoes de Porta-Porta				0
2463	Noroeste	2022	Abril	2022-04-14T00:00:00	""	""	3ª Travessa Damolandia, 9<-%	Nova Descoberta	Alto Dr. Caete	""	2022-04-14T00:00:00	Acoes de Porta-Porta				0
2464	Noroeste	2022	Abril	2022-04-14T00:00:00	""	""	3ª Travessa Damolandia, %$<!	Nova Descoberta	Alto Dr. Caete	""	2022-04-14T00:00:00	Acoes de Porta-Porta				0
2465	Noroeste	2022	Abril	2022-04-14T00:00:00	""	""	3ª Travessa Damolandia, .<^&	Nova Descoberta	Alto Dr. Caete	""	2022-04-14T00:00:00	Acoes de Porta-Porta				0
2466	Noroeste	2022	Abril	2022-04-14T00:00:00	""	""	3ª Travessa Damolandia, ^[{	Nova Descoberta	Alto Dr. Caete	""	2022-04-14T00:00:00	Acoes de Porta-Porta				0
2467	Noroeste	2022	Abril	2022-04-14T00:00:00	""	""	Rua Damolandia, {})!	Nova Descoberta	Alto Dr. Caete	""	2022-04-14T00:00:00	Acoes de Porta-Porta				0
2468	Noroeste	2022	Abril	2022-04-14T00:00:00	""	""	Rua Damolandia, #^>	Nova Descoberta	Alto Dr. Caete	""	2022-04-14T00:00:00	Acoes de Porta-Porta				0
2469	Noroeste	2022	Abril	2022-04-14T00:00:00	""	""	Rua Damolandia, ~|}[	Nova Descoberta	Alto Dr. Caete	""	2022-04-14T00:00:00	Acoes de Porta-Porta				0
2470	Noroeste	2022	Abril	2022-04-14T00:00:00	""	""	Rua Alvaraes, ~|}[	Nova Descoberta	Alto Dr. Caete	""	2022-04-14T00:00:00	Acoes de Porta-Porta				0
2471	Noroeste	2022	Abril	2022-04-14T00:00:00	""	""	Rua Damolandia, /@9=	Nova Descoberta	Alto Dr. Caete	""	2022-04-14T00:00:00	Acoes de Porta-Porta				0
2472	Noroeste	2022	Abril	2022-04-14T00:00:00	""	""	Rua Alvaraes, #^>	Nova Descoberta	Alto Dr. Caete	""	2022-04-14T00:00:00	Acoes de Porta-Porta				0
2473	Noroeste	2022	Abril	2022-04-14T00:00:00	""	""	Rua Alvaraes, ^[{	Nova Descoberta	Alto Dr. Caete	""	2022-04-14T00:00:00	Acoes de Porta-Porta				0
2474	Noroeste	2022	Abril	2022-04-14T00:00:00	""	""	5ª Travessa Damolandia, ^[{	Nova Descoberta	Alto Dr. Caete	""	2022-04-14T00:00:00	Acoes de Porta-Porta				0
2475	Noroeste	2022	Abril	2022-04-14T00:00:00	""	""	5ª Travessa Damolandia, {})!	Nova Descoberta	Alto Dr. Caete	""	2022-04-14T00:00:00	Acoes de Porta-Porta				0
2476	Noroeste	2022	Abril	2022-04-14T00:00:00	""	""	Rua Damolandia, #^>	Nova Descoberta	Alto Dr. Caete	""	2022-04-14T00:00:00	Acoes de Porta-Porta				0
2477	Noroeste	2022	Abril	2022-04-14T00:00:00	""	""	Rua Damolandia, ~|}[	Nova Descoberta	Alto Dr. Caete	""	2022-04-14T00:00:00	Acoes de Porta-Porta				0
2478	Noroeste	2022	Abril	2022-04-14T00:00:00	""	""	1ª Subida Jose Correia, /@9=	Nova Descoberta	Alto Dr. Caete	""	2022-04-14T00:00:00	Acoes de Porta-Porta				0
2479	Noroeste	2022	Abril	2022-04-14T00:00:00	""	""	"Rua Damolandia, #""#~"	Nova Descoberta	Alto Dr. Caete	""	2022-04-14T00:00:00	Acoes de Porta-Porta				0
2480	Noroeste	2022	Abril	2022-04-14T00:00:00	""	""	"Rua Felisburgo, +?""]"	Nova Descoberta	Alto Dr. Caete	""	2022-04-14T00:00:00	Acoes de Porta-Porta				0
2481	Noroeste	2022	Abril	2022-04-14T00:00:00	""	""	"Rua Damolandia, ""#*9"	Nova Descoberta	Alto Dr. Caete	""	2022-04-14T00:00:00	Acoes de Porta-Porta				0
2482	Noroeste	2022	Abril	2022-04-14T00:00:00	""	""	Rua Damolandia, #_|/	Nova Descoberta	Alto Dr. Caete	""	2022-04-14T00:00:00	Acoes de Porta-Porta				0
2483	Noroeste	2022	Abril	2022-04-14T00:00:00	""	""	Rua Damolandia, .[?	Nova Descoberta	Alto Dr. Caete	""	2022-04-14T00:00:00	Acoes de Porta-Porta				0
2484	Noroeste	2022	Abril	2022-04-14T00:00:00	""	""	Rua Amapora, #$[	Nova Descoberta	Alto Dr. Caete	""	2022-04-14T00:00:00	Acoes de Porta-Porta				0
2485	Noroeste	2022	Abril	2022-04-14T00:00:00	""	""	Rua Amapora, `=-[	Nova Descoberta	Alto Dr. Caete	""	2022-04-14T00:00:00	Acoes de Porta-Porta				0
2486	Noroeste	2022	Abril	2022-04-14T00:00:00	""	""	Rua Amapora, ?_$.	Nova Descoberta	Alto Dr. Caete	""	2022-04-14T00:00:00	Acoes de Porta-Porta				0
2487	Noroeste	2022	Abril	2022-04-14T00:00:00	""	""	Rua Amapora, >#'\	Nova Descoberta	Alto Dr. Caete	""	2022-04-14T00:00:00	Acoes de Porta-Porta				0
2488	Noroeste	2022	Abril	2022-04-14T00:00:00	""	""	Rua Amapora, $!>=	Nova Descoberta	Alto Dr. Caete	""	2022-04-14T00:00:00	Acoes de Porta-Porta				0
2489	Noroeste	2022	Abril	2022-04-14T00:00:00	""	""	Rua Amapora, @}>	Nova Descoberta	Alto Dr. Caete	""	2022-04-14T00:00:00	Acoes de Porta-Porta				0
2490	Noroeste	2022	Abril	2022-04-14T00:00:00	""	""	Rua Alvaraes, 9<-%	Nova Descoberta	Alto Dr. Caete	""	2022-04-14T00:00:00	Acoes de Porta-Porta				0
2491	Noroeste	2022	Abril	2022-04-14T00:00:00	""	""	Rua Alvaraes, %$<!	Nova Descoberta	Alto Dr. Caete	""	2022-04-14T00:00:00	Acoes de Porta-Porta				0
2492	Noroeste	2022	Abril	2022-04-14T00:00:00	""	""	Rua Alvaraes, .<^&	Nova Descoberta	Alto Dr. Caete	""	2022-04-14T00:00:00	Acoes de Porta-Porta				0
2493	Noroeste	2022	Abril	2022-04-14T00:00:00	""	""	Rua Alvaraes, {})!	Nova Descoberta	Alto Dr. Caete	""	2022-04-14T00:00:00	Acoes de Porta-Porta				0
2494	Noroeste	2022	Abril	2022-04-14T00:00:00	""	""	3ª Travessa Damolandia, >#'\	Nova Descoberta	Alto Dr. Caete	""	2022-04-14T00:00:00	Acoes de Porta-Porta				0
2495	Noroeste	2022	Abril	2022-04-14T00:00:00	""	""	"Rua Damolandia, #""#~"	Nova Descoberta	Alto Dr. Caete	""	2022-04-14T00:00:00	Acoes de Porta-Porta				0
2496	Noroeste	2022	Abril	2022-04-14T00:00:00	""	""	"Rua Damolandia, ""#*9"	Nova Descoberta	Alto Dr. Caete	""	2022-04-14T00:00:00	Acoes de Porta-Porta				0
2497	Noroeste	2022	Abril	2022-04-14T00:00:00	""	""	Rua Damolandia, ?_$.	Nova Descoberta	Alto Dr. Caete	""	2022-04-14T00:00:00	Acoes de Porta-Porta				0
2498	Noroeste	2022	Abril	2022-04-14T00:00:00	""	""	Rua Damolandia, >#'\	Nova Descoberta	Alto Dr. Caete	""	2022-04-14T00:00:00	Acoes de Porta-Porta				0
2499	Noroeste	2022	Abril	2022-04-14T00:00:00	""	""	Rua Alvares, $!>=	Nova Descoberta	Alto Dr. Caete	""	2022-04-14T00:00:00	Acoes de Porta-Porta				0
2500	Noroeste	2022	Abril	2022-04-14T00:00:00	""	""	Rua Alvares, @}>	Nova Descoberta	Alto Dr. Caete	""	2022-04-14T00:00:00	Acoes de Porta-Porta				0
2501	Noroeste	2022	Abril	2022-04-14T00:00:00	""	""	Rua Alvares, 9<-%	Nova Descoberta	Alto Dr. Caete	""	2022-04-14T00:00:00	Acoes de Porta-Porta				0
2502	Noroeste	2022	Abril	2022-04-14T00:00:00	""	""	Rua Alvares, %$<!	Nova Descoberta	Alto Dr. Caete	""	2022-04-14T00:00:00	Acoes de Porta-Porta				0
2503	Noroeste	2022	Abril	2022-04-14T00:00:00	""	""	Rua Alvares, .<^&	Nova Descoberta	Alto Dr. Caete	""	2022-04-14T00:00:00	Acoes de Porta-Porta				0
2504	Noroeste	2022	Abril	2022-04-14T00:00:00	""	""	Rua Alvares, ^[{	Nova Descoberta	Alto Dr. Caete	""	2022-04-14T00:00:00	Acoes de Porta-Porta				0
2505	Noroeste	2022	Abril	2022-04-14T00:00:00	""	""	Rua Alvares, {})!	Nova Descoberta	Alto Dr. Caete	""	2022-04-14T00:00:00	Acoes de Porta-Porta				0
2506	Noroeste	2022	Abril	2022-04-14T00:00:00	""	""	Rua Alvares, #^>	Nova Descoberta	Alto Dr. Caete	""	2022-04-14T00:00:00	Acoes de Porta-Porta				0
2507	Noroeste	2022	Abril	2022-04-14T00:00:00	""	""	Rua Alvares, ~|}[	Nova Descoberta	Alto Dr. Caete	""	2022-04-14T00:00:00	Acoes de Porta-Porta				0
2508	Noroeste	2022	Abril	2022-04-14T00:00:00	""	""	Rua Alvares, /@9=	Nova Descoberta	Alto Dr. Caete	""	2022-04-14T00:00:00	Acoes de Porta-Porta				0
2509	Noroeste	2022	Abril	2022-04-14T00:00:00	""	""	"Subida do Leoncio, #""#~"	Nova Descoberta	Alto Dr. Caete	""	2022-04-14T00:00:00	Acoes de Porta-Porta				0
2510	Noroeste	2022	Abril	2022-04-14T00:00:00	""	""	"Subida do Leoncio, +?""]"	Nova Descoberta	Alto Dr. Caete	""	2022-04-14T00:00:00	Acoes de Porta-Porta				0
2511	Noroeste	2022	Abril	2022-04-14T00:00:00	""	""	"Rua Rio Tigre, ""#*9"	Nova Descoberta	Alto Dr. Caete	""	2022-04-14T00:00:00	Acoes de Porta-Porta				0
2512	Noroeste	2022	Abril	2022-04-14T00:00:00	""	""	Rua Rio Tigre, #_|/	Nova Descoberta	Alto Dr. Caete	""	2022-04-14T00:00:00	Acoes de Porta-Porta				0
2513	Noroeste	2022	Abril	2022-04-14T00:00:00	""	""	Rua Rio Tigre, .[?	Nova Descoberta	Alto Dr. Caete	""	2022-04-14T00:00:00	Acoes de Porta-Porta				0
2514	Noroeste	2022	Abril	2022-04-14T00:00:00	""	""	Rua Rio Tigre, #$[	Nova Descoberta	Alto Dr. Caete	""	2022-04-14T00:00:00	Acoes de Porta-Porta				0
2515	Noroeste	2022	Abril	2022-04-14T00:00:00	""	""	Rua Rio Tigre, `=-[	Nova Descoberta	Alto Dr. Caete	""	2022-04-14T00:00:00	Acoes de Porta-Porta				0
2516	Noroeste	2022	Abril	2022-04-14T00:00:00	""	""	Rua Amapora, `=-[	Nova Descoberta	Alto Dr. Caete	""	2022-04-14T00:00:00	Acoes de Porta-Porta				0
2517	Noroeste	2022	Abril	2022-04-14T00:00:00	""	""	"Rua Damolandia, +?""]"	Nova Descoberta	Alto Dr. Caete	""	2022-04-14T00:00:00	Acoes de Porta-Porta				0
2518	Noroeste	2022	Abril	2022-04-14T00:00:00	""	""	Rua Amapora, #$[	Nova Descoberta	Alto Dr. Caete	""	2022-04-14T00:00:00	Acoes de Porta-Porta				0
2519	Noroeste	2022	Abril	2022-04-14T00:00:00	""	""	Rua Amapora, #_|/	Nova Descoberta	Alto Dr. Caete	""	2022-04-14T00:00:00	Acoes de Porta-Porta				0
2520	Noroeste	2022	Abril	2022-04-14T00:00:00	""	""	Rua Damolandia, #_|/	Nova Descoberta	Alto Dr. Caete	""	2022-04-14T00:00:00	Acoes de Porta-Porta				0
2521	Noroeste	2022	Abril	2022-04-14T00:00:00	""	""	Rua Damolandia, .[?	Nova Descoberta	Alto Dr. Caete	""	2022-04-14T00:00:00	Acoes de Porta-Porta				0
2522	Noroeste	2022	Abril	2022-04-14T00:00:00	""	""	Rua Damolandia, #$[	Nova Descoberta	Alto Dr. Caete	""	2022-04-14T00:00:00	Acoes de Porta-Porta				0
2523	Noroeste	2022	Abril	2022-04-14T00:00:00	""	""	Rua Damolandia, `=-[	Nova Descoberta	Alto Dr. Caete	""	2022-04-14T00:00:00	Acoes de Porta-Porta				0
2524	Noroeste	2022	Abril	2022-04-14T00:00:00	""	""	Rua Damolandia, ?_$.	Nova Descoberta	Alto Dr. Caete	""	2022-04-14T00:00:00	Acoes de Porta-Porta				0
2525	Noroeste	2022	Abril	2022-04-14T00:00:00	""	""	Rua Damolandia, >#'\	Nova Descoberta	Alto Dr. Caete	""	2022-04-14T00:00:00	Acoes de Porta-Porta				0
2526	Noroeste	2022	Abril	2022-04-14T00:00:00	""	""	Rua Damolandia, $!>=	Nova Descoberta	Alto Dr. Caete	""	2022-04-14T00:00:00	Acoes de Porta-Porta				0
2527	Noroeste	2022	Abril	2022-04-14T00:00:00	""	""	Rua Damolandia, @}>	Nova Descoberta	Alto Dr. Caete	""	2022-04-14T00:00:00	Acoes de Porta-Porta				0
2528	Noroeste	2022	Abril	2022-04-14T00:00:00	""	""	Rua Damolandia, 9<-%	Nova Descoberta	Alto Dr. Caete	""	2022-04-14T00:00:00	Acoes de Porta-Porta				0
2529	Noroeste	2022	Abril	2022-04-14T00:00:00	""	""	Rua Damolandia, %$<!	Nova Descoberta	Alto Dr. Caete	""	2022-04-14T00:00:00	Acoes de Porta-Porta				0
2530	Noroeste	2022	Abril	2022-04-14T00:00:00	""	""	Rua Damolandia, .<^&	Nova Descoberta	Alto Dr. Caete	""	2022-04-14T00:00:00	Acoes de Porta-Porta				0
2531	Noroeste	2022	Abril	2022-04-14T00:00:00	""	""	Rua Damolandia, ^[{	Nova Descoberta	Alto Dr. Caete	""	2022-04-14T00:00:00	Acoes de Porta-Porta				0
2532	Noroeste	2022	Abril	2022-04-14T00:00:00	""	""	Rua Damolandia, {})!	Nova Descoberta	Alto Dr. Caete	""	2022-04-14T00:00:00	Acoes de Porta-Porta				0
2533	Noroeste	2022	Abril	2022-04-14T00:00:00	""	""	Rua Damolandia, #^>	Nova Descoberta	Alto Dr. Caete	""	2022-04-14T00:00:00	Acoes de Porta-Porta				0
2534	Noroeste	2022	Abril	2022-04-14T00:00:00	""	""	Rua Damolandia, ~|}[	Nova Descoberta	Alto Dr. Caete	""	2022-04-14T00:00:00	Acoes de Porta-Porta				0
2535	Noroeste	2022	Abril	2022-04-14T00:00:00	""	""	Rua Damolandia, /@9=	Nova Descoberta	Alto Dr. Caete	""	2022-04-14T00:00:00	Acoes de Porta-Porta				0
2536	Noroeste	2022	Abril	2022-04-14T00:00:00	""	""	"Rua Damolandia, #""#~"	Nova Descoberta	Alto Dr. Caete	""	2022-04-14T00:00:00	Acoes de Porta-Porta				0
2537	Noroeste	2022	Abril	2022-04-14T00:00:00	""	""	"Rua Damolandia, +?""]"	Nova Descoberta	Alto Dr. Caete	""	2022-04-14T00:00:00	Acoes de Porta-Porta				0
2538	Noroeste	2022	Abril	2022-04-14T00:00:00	""	""	"Rua Damolandia, ""#*9"	Nova Descoberta	Alto Dr. Caete	""	2022-04-14T00:00:00	Acoes de Porta-Porta				0
2539	Noroeste	2022	Abril	2022-04-14T00:00:00	""	""	Rua Amapora, .[?	Nova Descoberta	Alto Dr. Caete	""	2022-04-14T00:00:00	Acoes de Porta-Porta				0
2540	Nordeste	2022	Abril	2022-04-13T00:00:00	""	Colocação de Lonas Plásticas	Subida do Acafrao, #$[	Nova Descoberta	Corrego da Areia	""	2022-04-13T00:00:00	""	4	15	8	480
2541	Nordeste	2022	Abril	2022-04-13T00:00:00	""	Colocação de Lonas Plásticas	Rua Corrego da Areia, `=-[	Nova Descoberta	Corrego da Areia	""	2022-04-13T00:00:00	""	3	15	8	360
2542	Nordeste	2022	Abril	2022-04-13T00:00:00	""	Colocação de Lonas Plásticas	2ª Travessa Corrego do Marreco, ?_$.	Guabiraba	Corrego do Marreco	""	2022-04-13T00:00:00	""	6	15	8	720
2543	Oeste	2022	Abril	2022-04-13T00:00:00	""	Monitoramento	Rua Vale do Jaguaribe, #_|/	Varzea	Brega e Chique	R1	2022-04-13T00:00:00	Mapeamento de Area de Risco				0
2544	Oeste	2022	Abril	2022-04-13T00:00:00	""	Monitoramento	Rua Vale do Jaguaribe, .[?	Varzea	Brega e Chique	R1	2022-04-13T00:00:00	Mapeamento de Area de Risco				0
2545	Oeste	2022	Abril	2022-04-13T00:00:00	""	Monitoramento	Rua Vale do Jaguaribe, #$[	Varzea	Brega e Chique	R1	2022-04-13T00:00:00	Mapeamento de Area de Risco				0
2546	Oeste	2022	Abril	2022-04-13T00:00:00	""	""	Rua Engenho Babilonia, `=-[	Barro	Vila dos Milagres	""	2022-04-13T00:00:00	Atendimento Social				0
2547	Oeste	2022	Abril	2022-04-13T00:00:00	""	""	2ª Travessa Nossa Senhora do Carmo, ?_$.	Barro	Vila dos Milagres	""	2022-04-13T00:00:00	Atendimento Social				0
2548	Oeste	2022	Abril	2022-04-13T00:00:00	""	Monitoramento	Rua Engenho Babilonia, >#'\	Barro	Vila dos Milagres	R3	2022-04-13T00:00:00	Mapeamento de Area de Risco				0
2549	Oeste	2022	Abril	2022-04-13T00:00:00	""	Monitoramento	2ª Travessa Nossa Senhora do Carmo, $!>=	Barro	Vila dos Milagres	R3	2022-04-13T00:00:00	Mapeamento de Area de Risco				0
2550	Oeste	2022	Abril	2022-04-13T00:00:00	""	""	Rua Caxambu, @}>	Cohab	Jardim Monte Verde	""	2022-04-13T00:00:00	Atendimento Social				0
2551	Oeste	2022	Abril	2022-04-13T00:00:00	""	""	Rua Caxambu, 9<-%	Cohab	Jardim Monte Verde	""	2022-04-13T00:00:00	Atendimento Social				0
2552	Oeste	2022	Abril	2022-04-13T00:00:00	""	""	Rua Caxambu, %$<!	Cohab	Jardim Monte Verde	""	2022-04-13T00:00:00	Atendimento Social				0
2553	Oeste	2022	Abril	2022-04-13T00:00:00	""	""	Rua Caxambu, .<^&	Cohab	Jardim Monte Verde	""	2022-04-13T00:00:00	Atendimento Social				0
2554	Oeste	2022	Abril	2022-04-13T00:00:00	""	""	Rua Caxambu, ^[{	Cohab	Jardim Monte Verde	""	2022-04-13T00:00:00	Atendimento Social				0
2555	Oeste	2022	Abril	2022-04-13T00:00:00	""	""	Rua Caxambu, {})!	Cohab	Jardim Monte Verde	""	2022-04-13T00:00:00	Atendimento Social				0
2556	Oeste	2022	Abril	2022-04-13T00:00:00	""	""	Rua Caxambu, #^>	Cohab	Jardim Monte Verde	""	2022-04-13T00:00:00	Atendimento Social				0
2557	Oeste	2022	Abril	2022-04-13T00:00:00	""	""	Rua Monte Pascoal, ~|}[	Cohab	Jardim Monte Verde	""	2022-04-13T00:00:00	Atendimento Social				0
2558	Oeste	2022	Abril	2022-04-13T00:00:00	""	Monitoramento	Rua Caxambu, /@9=	Cohab	Jardim Monte Verde	R3	2022-04-13T00:00:00	Mapeamento de Area de Risco				0
2559	Oeste	2022	Abril	2022-04-13T00:00:00	""	Monitoramento	"Rua Caxambu, #""#~"	Cohab	Jardim Monte Verde	R3	2022-04-13T00:00:00	Mapeamento de Area de Risco				0
2560	Oeste	2022	Abril	2022-04-13T00:00:00	""	Monitoramento	"Rua Caxambu, +?""]"	Cohab	Jardim Monte Verde	R3	2022-04-13T00:00:00	Mapeamento de Area de Risco				0
2561	Oeste	2022	Abril	2022-04-13T00:00:00	""	Monitoramento	"Rua Caxambu, ""#*9"	Cohab	Jardim Monte Verde	R3	2022-04-13T00:00:00	Mapeamento de Area de Risco				0
2562	Oeste	2022	Abril	2022-04-13T00:00:00	""	Monitoramento	"Rua Vale do Jaguaribe, ""#*9"	Varzea	Brega e Chique	R1	2022-04-13T00:00:00	Mapeamento de Area de Risco				0
2563	Oeste	2022	Abril	2022-04-13T00:00:00	""	Monitoramento	Rua Caxambu, #_|/	Cohab	Jardim Monte Verde	R2	2022-04-13T00:00:00	Mapeamento de Area de Risco				0
2564	Oeste	2022	Abril	2022-04-13T00:00:00	""	Monitoramento	"Rua Vale do Jaguaribe, +?""]"	Varzea	Brega e Chique	R1	2022-04-13T00:00:00	Mapeamento de Area de Risco				0
2565	Oeste	2022	Abril	2022-04-13T00:00:00	""	Monitoramento	Rua Vale do Jaguaribe, /@9=	Varzea	Brega e Chique	R1	2022-04-13T00:00:00	Mapeamento de Area de Risco				0
2566	Sul	2022	Abril	2022-04-13T00:00:00	""	""	Avenida Dona Carentina, `=-[	Jordao	Jordao Alto	""	2022-04-13T00:00:00	Atendimento Social				0
2567	Sul	2022	Abril	2022-04-13T00:00:00	""	VISTORIA	Avenida Dona Carentina, ?_$.	Jordao	Jordao Alto	""	2022-04-13T00:00:00	Acompanhamento de Servicos de Outros Orgaos				0
2568	Sul	2022	Abril	2022-04-13T00:00:00	""	""	Rua Arlindo Almeida Filho, >#'\	Cohab	Lagoa Encantada	""	2022-04-13T00:00:00	Capinacao				0
2569	Sul	2022	Abril	2022-04-13T00:00:00	""	""	Rua Pedro Moscoso, $!>=	Cohab	Ur 01	""	2022-04-13T00:00:00	Capinacao	1	15	8	120
2570	Sul	2022	Abril	2022-04-13T00:00:00	""	""	Rua Irma Evangelista, @}>	Cohab	Ur 04	""	2022-04-13T00:00:00	Capinacao	1	20	10	200
2571	Sul	2022	Abril	2022-04-13T00:00:00	""	""	Rua Itiquira, 9<-%	Ibura	Alto da Bela Vista	""	2022-04-13T00:00:00	Capinacao	1	12	10	120
2572	Oeste	2022	Abril	2022-04-13T00:00:00	""	Monitoramento	Rua Vale do Jaguaribe, #$[	Varzea	Brega e Chique	R1	2022-04-13T00:00:00	Mapeamento de Area de Risco				0
2573	Oeste	2022	Abril	2022-04-13T00:00:00	""	Monitoramento	Rua Vale do Jaguaribe, `=-[	Varzea	Brega e Chique	R1	2022-04-13T00:00:00	Mapeamento de Area de Risco				0
2574	Oeste	2022	Abril	2022-04-13T00:00:00	""	Monitoramento	Rua Vale do Jaguaribe, ?_$.	Varzea	Brega e Chique	R1	2022-04-13T00:00:00	Mapeamento de Area de Risco				0
2575	Oeste	2022	Abril	2022-04-13T00:00:00	""	Monitoramento	Rua Vale do Jaguaribe, >#'\	Varzea	Brega e Chique	R1	2022-04-13T00:00:00	Mapeamento de Area de Risco				0
2576	Oeste	2022	Abril	2022-04-13T00:00:00	""	Monitoramento	Rua Vale do Jaguaribe, $!>=	Varzea	Brega e Chique	R1	2022-04-13T00:00:00	Mapeamento de Area de Risco				0
2577	Oeste	2022	Abril	2022-04-13T00:00:00	""	Monitoramento	Rua Vale do Jaguaribe, @}>	Varzea	Brega e Chique	R1	2022-04-13T00:00:00	Mapeamento de Area de Risco				0
2578	Oeste	2022	Abril	2022-04-13T00:00:00	""	Monitoramento	Rua Vale do Jaguaribe, 9<-%	Varzea	Brega e Chique	R1	2022-04-13T00:00:00	Mapeamento de Area de Risco				0
2579	Oeste	2022	Abril	2022-04-13T00:00:00	""	Monitoramento	Rua Vale do Jaguaribe, %$<!	Varzea	Brega e Chique	R1	2022-04-13T00:00:00	Mapeamento de Area de Risco				0
2580	Oeste	2022	Abril	2022-04-13T00:00:00	""	Monitoramento	Rua Vale do Jaguaribe, .<^&	Varzea	Brega e Chique	R1	2022-04-13T00:00:00	Mapeamento de Area de Risco				0
2581	Oeste	2022	Abril	2022-04-13T00:00:00	""	Monitoramento	Rua Vale do Jaguaribe, ^[{	Varzea	Brega e Chique	R1	2022-04-13T00:00:00	Mapeamento de Area de Risco				0
2582	Oeste	2022	Abril	2022-04-13T00:00:00	""	Monitoramento	Rua Vale do Jaguaribe, {})!	Varzea	Brega e Chique	R1	2022-04-13T00:00:00	Mapeamento de Area de Risco				0
2583	Oeste	2022	Abril	2022-04-13T00:00:00	""	Monitoramento	Rua Vale do Jaguaribe, #^>	Varzea	Brega e Chique	R1	2022-04-13T00:00:00	Mapeamento de Area de Risco				0
2584	Oeste	2022	Abril	2022-04-13T00:00:00	""	Monitoramento	Rua Vale do Jaguaribe, ~|}[	Varzea	Brega e Chique	R1	2022-04-13T00:00:00	Mapeamento de Area de Risco				0
2585	Oeste	2022	Abril	2022-04-13T00:00:00	""	Monitoramento	"Rua Vale do Jaguaribe, #""#~"	Varzea	Brega e Chique	R1	2022-04-13T00:00:00	Mapeamento de Area de Risco				0
2586	Sul	2022	Abril	2022-04-13T00:00:00	""	VISTORIA	Rua Atalaia, #$[	Jordao	Jordao Alto	""	2022-04-13T00:00:00	Analise Visual Estrutural				0
2587	Oeste	2022	Abril	2022-04-13T00:00:00	""	Monitoramento	Rua Caxambu, .[?	Cohab	Jardim Monte Verde	R2	2022-04-13T00:00:00	Mapeamento de Area de Risco				0
2588	Oeste	2022	Abril	2022-04-13T00:00:00	""	Monitoramento	Rua Monte Pascoal, `=-[	Cohab	Jardim Monte Verde	R3	2022-04-13T00:00:00	Mapeamento de Area de Risco				0
2589	Oeste	2022	Abril	2022-04-13T00:00:00	""	""	Rua Vale do Jaguaribe, 9<-%	Varzea	Brega e Chique	""	2022-04-13T00:00:00	Acoes de Porta-Porta				0
2590	Oeste	2022	Abril	2022-04-13T00:00:00	""	Monitoramento	Rua Barra do Sagi, %$<!	Varzea	Brega e Chique	R1	2022-04-13T00:00:00	Mapeamento de Area de Risco				0
2591	Oeste	2022	Abril	2022-04-13T00:00:00	""	Monitoramento	Rua Barra do Sagi, .<^&	Varzea	Brega e Chique	R1	2022-04-13T00:00:00	Mapeamento de Area de Risco				0
2592	Oeste	2022	Abril	2022-04-13T00:00:00	""	Monitoramento	Rua Barra do Sagi, ^[{	Varzea	Brega e Chique	R1	2022-04-13T00:00:00	Mapeamento de Area de Risco				0
2593	Oeste	2022	Abril	2022-04-13T00:00:00	""	Monitoramento	Rua Barra do Sagi, {})!	Varzea	Brega e Chique	R1	2022-04-13T00:00:00	Mapeamento de Area de Risco				0
2594	Oeste	2022	Abril	2022-04-13T00:00:00	""	Monitoramento	Rua Barra do Sagi, #^>	Varzea	Brega e Chique	R1	2022-04-13T00:00:00	Mapeamento de Area de Risco				0
2595	Oeste	2022	Abril	2022-04-13T00:00:00	""	Monitoramento	Rua Barra do Sagi, ~|}[	Varzea	Brega e Chique	R2	2022-04-13T00:00:00	Mapeamento de Area de Risco				0
2596	Oeste	2022	Abril	2022-04-13T00:00:00	""	Monitoramento	Rua Barra do Sagi, /@9=	Varzea	Brega e Chique	R2	2022-04-13T00:00:00	Mapeamento de Area de Risco				0
2597	Oeste	2022	Abril	2022-04-13T00:00:00	""	Monitoramento	"Rua Barra do Sagi, #""#~"	Varzea	Brega e Chique	R2	2022-04-13T00:00:00	Mapeamento de Area de Risco				0
2598	Oeste	2022	Abril	2022-04-13T00:00:00	""	Monitoramento	"Rua Barra do Sagi, +?""]"	Varzea	Brega e Chique	R1	2022-04-13T00:00:00	Mapeamento de Area de Risco				0
2599	Oeste	2022	Abril	2022-04-13T00:00:00	""	Monitoramento	"Rua Barra do Sagi, ""#*9"	Varzea	Brega e Chique	R1	2022-04-13T00:00:00	Mapeamento de Area de Risco				0
2600	Oeste	2022	Abril	2022-04-13T00:00:00	""	Monitoramento	Rua Barra do Sagi, #_|/	Varzea	Brega e Chique	R2	2022-04-13T00:00:00	Mapeamento de Area de Risco				0
2601	Oeste	2022	Abril	2022-04-13T00:00:00	""	Monitoramento	Rua Barra do Sagi, .[?	Varzea	Brega e Chique	R1	2022-04-13T00:00:00	Mapeamento de Area de Risco				0
2602	Oeste	2022	Abril	2022-04-13T00:00:00	""	Monitoramento	Rua Barra do Sagi, #$[	Varzea	Brega e Chique	R2	2022-04-13T00:00:00	Mapeamento de Area de Risco				0
2603	Oeste	2022	Abril	2022-04-13T00:00:00	""	Monitoramento	Rua Barra do Sagi, `=-[	Varzea	Brega e Chique	R1	2022-04-13T00:00:00	Mapeamento de Area de Risco				0
2604	Oeste	2022	Abril	2022-04-13T00:00:00	""	Monitoramento	Rua Barra do Sagi, ?_$.	Varzea	Brega e Chique	R2	2022-04-13T00:00:00	Mapeamento de Area de Risco				0
2605	Oeste	2022	Abril	2022-04-13T00:00:00	""	Monitoramento	Rua Barra do Sagi, >#'\	Varzea	Brega e Chique	R3	2022-04-13T00:00:00	Mapeamento de Area de Risco				0
2606	Oeste	2022	Abril	2022-04-13T00:00:00	""	Monitoramento	Rua Barra do Sagi, $!>=	Varzea	Brega e Chique	R3	2022-04-13T00:00:00	Mapeamento de Area de Risco				0
2607	Oeste	2022	Abril	2022-04-13T00:00:00	""	Monitoramento	Rua Barra do Sagi, @}>	Varzea	Brega e Chique	R3	2022-04-13T00:00:00	Mapeamento de Area de Risco				0
2608	Oeste	2022	Abril	2022-04-13T00:00:00	""	""	Rua Barra do Sagi, @}>	Varzea	Brega e Chique	""	2022-04-13T00:00:00	Acoes de Porta-Porta				0
2609	Oeste	2022	Abril	2022-04-13T00:00:00	""	Monitoramento	Rua Caxambu, #$[	Cohab	Jardim Monte Verde	R2	2022-04-13T00:00:00	Mapeamento de Area de Risco				0
2610	Oeste	2022	Abril	2022-04-13T00:00:00	""	""	Rua Barra do Sagi, $!>=	Varzea	Brega e Chique	""	2022-04-13T00:00:00	Acoes de Porta-Porta				0
2611	Oeste	2022	Abril	2022-04-13T00:00:00	""	""	Rua Barra do Sagi, ?_$.	Varzea	Brega e Chique	""	2022-04-13T00:00:00	Acoes de Porta-Porta				0
2612	Oeste	2022	Abril	2022-04-13T00:00:00	""	""	Rua Barra do Sagi, ?_$.	Varzea	Brega e Chique	""	2022-04-13T00:00:00	Acoes de Porta-Porta				0
2613	Oeste	2022	Abril	2022-04-13T00:00:00	""	""	Rua Barra do Sagi, >#'\	Varzea	Brega e Chique	""	2022-04-13T00:00:00	Acoes de Porta-Porta				0
2614	Oeste	2022	Abril	2022-04-13T00:00:00	""	""	Rua Barra do Sagi, $!>=	Varzea	Brega e Chique	""	2022-04-13T00:00:00	Acoes de Porta-Porta				0
2615	Oeste	2022	Abril	2022-04-13T00:00:00	""	""	Rua Barra do Sagi, @}>	Varzea	Brega e Chique	""	2022-04-13T00:00:00	Acoes de Porta-Porta				0
2616	Oeste	2022	Abril	2022-04-13T00:00:00	""	""	Rua Barra do Sagi, 9<-%	Varzea	Brega e Chique	""	2022-04-13T00:00:00	Acoes de Porta-Porta				0
2617	Oeste	2022	Abril	2022-04-13T00:00:00	""	""	Rua Barra do Sagi, %$<!	Varzea	Brega e Chique	""	2022-04-13T00:00:00	Acoes de Porta-Porta				0
2618	Oeste	2022	Abril	2022-04-13T00:00:00	""	""	Rua Barra do Sagi, .<^&	Varzea	Brega e Chique	""	2022-04-13T00:00:00	Acoes de Porta-Porta				0
2619	Oeste	2022	Abril	2022-04-13T00:00:00	""	""	Rua Barra do Sagi, ^[{	Varzea	Brega e Chique	""	2022-04-13T00:00:00	Acoes de Porta-Porta				0
2620	Oeste	2022	Abril	2022-04-13T00:00:00	""	""	Rua Barra do Sagi, {})!	Varzea	Brega e Chique	""	2022-04-13T00:00:00	Acoes de Porta-Porta				0
2621	Oeste	2022	Abril	2022-04-13T00:00:00	""	""	Rua Barra do Sagi, #^>	Varzea	Brega e Chique	""	2022-04-13T00:00:00	Acoes de Porta-Porta				0
2622	Oeste	2022	Abril	2022-04-13T00:00:00	""	""	Rua Barra do Sagi, ~|}[	Varzea	Brega e Chique	""	2022-04-13T00:00:00	Acoes de Porta-Porta				0
2623	Oeste	2022	Abril	2022-04-13T00:00:00	""	""	Rua Barra do Sagi, /@9=	Varzea	Brega e Chique	""	2022-04-13T00:00:00	Acoes de Porta-Porta				0
2624	Oeste	2022	Abril	2022-04-13T00:00:00	""	""	"Rua Barra do Sagi, #""#~"	Varzea	Brega e Chique	""	2022-04-13T00:00:00	Acoes de Porta-Porta				0
2625	Oeste	2022	Abril	2022-04-13T00:00:00	""	""	"Rua Barra do Sagi, +?""]"	Varzea	Brega e Chique	""	2022-04-13T00:00:00	Acoes de Porta-Porta				0
2626	Oeste	2022	Abril	2022-04-13T00:00:00	""	""	"Rua Barra do Sagi, ""#*9"	Varzea	Brega e Chique	""	2022-04-13T00:00:00	Acoes de Porta-Porta				0
2627	Oeste	2022	Abril	2022-04-13T00:00:00	""	""	Rua Barra do Sagi, #_|/	Varzea	Brega e Chique	""	2022-04-13T00:00:00	Acoes de Porta-Porta				0
2628	Oeste	2022	Abril	2022-04-13T00:00:00	""	""	Rua Barra do Sagi, .[?	Varzea	Brega e Chique	""	2022-04-13T00:00:00	Acoes de Porta-Porta				0
2629	Oeste	2022	Abril	2022-04-13T00:00:00	""	""	Rua Barra do Sagi, #$[	Varzea	Brega e Chique	""	2022-04-13T00:00:00	Acoes de Porta-Porta				0
2630	Oeste	2022	Abril	2022-04-13T00:00:00	""	""	Rua Barra do Sagi, `=-[	Varzea	Brega e Chique	""	2022-04-13T00:00:00	Acoes de Porta-Porta				0
2631	Oeste	2022	Abril	2022-04-13T00:00:00	""	""	Rua Barra do Sagi, >#'\	Varzea	Brega e Chique	""	2022-04-13T00:00:00	Acoes de Porta-Porta				0
2632	Sul	2022	Abril	2022-04-13T00:00:00	""	""	Rua Atalaia, .[?	Jordao	Jordao Alto	""	2022-04-13T00:00:00	Atendimento Social				0
2633	Sul	2022	Abril	2022-04-13T00:00:00	""	VISTORIA	Rua Soldado Virgilio Lucio, #_|/	Cohab	Ur 04	R3 	2022-04-13T00:00:00	Analise Visual Estrutural				0
2634	Sul	2022	Abril	2022-04-13T00:00:00	""	""	"Rua Soldado Virgilio Lucio, ""#*9"	Cohab	Ur 04	""	2022-04-13T00:00:00	Atendimento Social				0
2635	Sul	2022	Abril	2022-04-13T00:00:00	""	Monitoramento	Rua Alto Paranaiba, %$<!	Cohab	Ur 10	R2	2022-04-13T00:00:00	Analise Visual Estrutural				0
2636	Sul	2022	Abril	2022-04-13T00:00:00	""	""	Rua Alto Paranaiba, .<^&	Cohab	Ur 10	""	2022-04-13T00:00:00	Acoes de Porta-Porta				0
2637	Sul	2022	Abril	2022-04-13T00:00:00	""	Monitoramento	Rua Alto Paranaiba, ^[{	Cohab	Ur 10	R3	2022-04-13T00:00:00	Analise Visual Estrutural				0
2638	Sul	2022	Abril	2022-04-13T00:00:00	""	""	Rua Alto Paranaiba, {})!	Cohab	Ur 10	""	2022-04-13T00:00:00	Acoes de Porta-Porta				0
2639	Sul	2022	Abril	2022-04-13T00:00:00	""	Monitoramento	Rua Alto Paranaiba, #^>	Cohab	Ur 10	R3	2022-04-13T00:00:00	Analise Visual Estrutural				0
2640	Sul	2022	Abril	2022-04-13T00:00:00	""	""	Rua Alto Paranaiba, ~|}[	Cohab	Ur 10	""	2022-04-13T00:00:00	Acoes de Porta-Porta				0
2641	Sul	2022	Abril	2022-04-13T00:00:00	""	Monitoramento	Rua Alto Paranaiba, /@9=	Cohab	Ur 10	R2	2022-04-13T00:00:00	Analise Visual Estrutural				0
2642	Sul	2022	Abril	2022-04-13T00:00:00	""	""	"Rua Alto do Paranaiba, #""#~"	Cohab	Ur 10	""	2022-04-13T00:00:00	Acoes de Porta-Porta				0
2643	Sul	2022	Abril	2022-04-13T00:00:00	""	Monitoramento	"Rua Alto do Paranaiba, +?""]"	Cohab	Ur 10	R2	2022-04-13T00:00:00	Analise Visual Estrutural				0
2644	Sul	2022	Abril	2022-04-13T00:00:00	""	""	"Rua Alto do Paranaiba, ""#*9"	Cohab	Ur 10	""	2022-04-13T00:00:00	Acoes de Porta-Porta				0
2645	Sul	2022	Abril	2022-04-13T00:00:00	""	Monitoramento	Rua Alto do Paranaiba, #_|/	Cohab	Ur 10	R2	2022-04-13T00:00:00	Analise Visual Estrutural				0
2646	Sul	2022	Abril	2022-04-13T00:00:00	""	""	Rua Alto do Paranaiba, .[?	Cohab	Ur 10	""	2022-04-13T00:00:00	Acoes de Porta-Porta				0
2647	Sul	2022	Abril	2022-04-13T00:00:00	""	Monitoramento	Rua Alto do Paranaiba, #$[	Cohab	Ur 10	R2	2022-04-13T00:00:00	Analise Visual Estrutural				0
2648	Sul	2022	Abril	2022-04-13T00:00:00	""	""	Rua Alto do Paranaiba, `=-[	Cohab	Ur 10	""	2022-04-13T00:00:00	Acoes de Porta-Porta				0
2649	Sul	2022	Abril	2022-04-13T00:00:00	""	Monitoramento	Rua Alto do Paranaiba, ?_$.	Cohab	Ur 10	R2	2022-04-13T00:00:00	Analise Visual Estrutural				0
2650	Sul	2022	Abril	2022-04-13T00:00:00	""	""	Rua Alto do Paranaiba, >#'\	Cohab	Ur 10	""	2022-04-13T00:00:00	Acoes de Porta-Porta				0
2651	Sul	2022	Abril	2022-04-13T00:00:00	""	Monitoramento	Rua Alto do Paranaiba, $!>=	Cohab	Ur 10	R2	2022-04-13T00:00:00	Analise Visual Estrutural				0
2652	Sul	2022	Abril	2022-04-13T00:00:00	""	""	Rua Alto do Paranaiba, @}>	Cohab	Ur 10	""	2022-04-13T00:00:00	Acoes de Porta-Porta				0
2653	Sul	2022	Abril	2022-04-13T00:00:00	""	Monitoramento	Rua Alto do Paranaiba, 9<-%	Cohab	Ur 10	R2	2022-04-13T00:00:00	Analise Visual Estrutural				0
2654	Sul	2022	Abril	2022-04-13T00:00:00	""	""	Rua Alto Paranaiba, 9<-%	Cohab	Ur 10	""	2022-04-13T00:00:00	Acoes de Porta-Porta				0
2655	Sul	2022	Abril	2022-04-13T00:00:00	""	""	Rua Alto do Paranaiba, %$<!	Cohab	Ur 10	""	2022-04-13T00:00:00	Acoes de Porta-Porta				0
2656	Sul	2022	Abril	2022-04-13T00:00:00	""	Monitoramento	Rua Alto Paranaiba, @}>	Cohab	Ur 10	R2	2022-04-13T00:00:00	Analise Visual Estrutural				0
2657	Sul	2022	Abril	2022-04-13T00:00:00	""	Monitoramento	Rua Alto Paranaiba, >#'\	Cohab	Ur 10	R2	2022-04-13T00:00:00	Analise Visual Estrutural				0
2658	Nordeste	2022	Abril	2022-04-13T00:00:00	""	Colocação de Lonas Plásticas	Rua Aracari, >#'\	Nova Descoberta	Corrego da Areia	""	2022-04-13T00:00:00	""	2	15	8	240
2659	Nordeste	2022	Abril	2022-04-13T00:00:00	""	Colocação de Lonas Plásticas	2ª Travessa So Nos Dois, $!>=	Passarinho	Alto So Nos Dois	""	2022-04-13T00:00:00	""	1	1	840	840
2660	Nordeste	2022	Abril	2022-04-13T00:00:00	""	Colocação de Lonas Plásticas	Rua Guapiranga, @}>	Brejo da Guabiraba	Corrego Jardim Primavera	""	2022-04-13T00:00:00	""	2	15	8	240
2661	Nordeste	2022	Abril	2022-04-13T00:00:00	""	Colocação de Lonas Plásticas	Rua Tupiramba, 9<-%	Brejo da Guabiraba	Corrego Jardim Primavera	""	2022-04-13T00:00:00	""	1	20	8	160
2662	Nordeste	2022	Abril	2022-04-13T00:00:00	""	Colocação de Lonas Plásticas	Rua Cruzeiro, %$<!	Brejo da Guabiraba	Corrego Jardim Primavera	""	2022-04-13T00:00:00	""	2	15	8	240
2663	Nordeste	2022	Abril	2022-04-13T00:00:00	""	Colocação de Lonas Plásticas	Rua Cruzeiro, .<^&	Brejo da Guabiraba	Corrego Jardim Primavera	""	2022-04-13T00:00:00	""	2	15	8	240
2664	Sul	2022	Abril	2022-04-13T00:00:00	""	""	Rua Alto Paranaiba, ^[{	Cohab	Ur 10	""	2022-04-13T00:00:00	Acoes de Porta-Porta				0
2665	Sul	2022	Abril	2022-04-13T00:00:00	""	Monitoramento	Rua Alto Paranaiba, {})!	Cohab	Ur 10	R2	2022-04-13T00:00:00	Analise Visual Estrutural				0
2666	Sul	2022	Abril	2022-04-13T00:00:00	""	""	Rua Alto Paranaiba, #^>	Cohab	Ur 10	""	2022-04-13T00:00:00	Acoes de Porta-Porta				0
2667	Sul	2022	Abril	2022-04-13T00:00:00	""	Monitoramento	Rua Alto Paranaiba, ~|}[	Cohab	Ur 10	R2	2022-04-13T00:00:00	Analise Visual Estrutural				0
2668	Sul	2022	Abril	2022-04-13T00:00:00	""	""	Rua Alto Paranaiba, /@9=	Cohab	Ur 10	""	2022-04-13T00:00:00	Acoes de Porta-Porta				0
2669	Sul	2022	Abril	2022-04-13T00:00:00	""	Monitoramento	"Rua Alto Paranaiba, #""#~"	Cohab	Ur 10	R2	2022-04-13T00:00:00	Analise Visual Estrutural				0
2670	Sul	2022	Abril	2022-04-13T00:00:00	""	""	"Rua Alto Paranaiba, +?""]"	Cohab	Ur 10	""	2022-04-13T00:00:00	Acoes de Porta-Porta				0
2671	Sul	2022	Abril	2022-04-13T00:00:00	""	Monitoramento	"Rua Alto Paranaiba, ""#*9"	Cohab	Ur 10	R2	2022-04-13T00:00:00	Analise Visual Estrutural				0
2672	Sul	2022	Abril	2022-04-13T00:00:00	""	""	Rua Alto Paranaiba, #_|/	Cohab	Ur 10	""	2022-04-13T00:00:00	Acoes de Porta-Porta				0
2673	Sul	2022	Abril	2022-04-13T00:00:00	""	Monitoramento	Rua Alto Paranaiba, .[?	Cohab	Ur 10	R2	2022-04-13T00:00:00	Analise Visual Estrutural				0
2674	Sul	2022	Abril	2022-04-13T00:00:00	""	""	Rua Alto Paranaiba, #$[	Cohab	Ur 10	""	2022-04-13T00:00:00	Acoes de Porta-Porta				0
2675	Sul	2022	Abril	2022-04-13T00:00:00	""	Monitoramento	Rua Alto Paranaiba, `=-[	Cohab	Ur 10	R2	2022-04-13T00:00:00	Analise Visual Estrutural				0
2676	Sul	2022	Abril	2022-04-13T00:00:00	""	""	Rua Alto Paranaiba, ?_$.	Cohab	Ur 10	""	2022-04-13T00:00:00	Acoes de Porta-Porta				0
2677	Sul	2022	Abril	2022-04-13T00:00:00	""	""	Rua Alto Paranaiba, $!>=	Cohab	Ur 10	""	2022-04-13T00:00:00	Acoes de Porta-Porta				0
2678	Sul	2022	Abril	2022-04-13T00:00:00	""	Monitoramento	Rua Alto do Paranaiba, .<^&	Cohab	Ur 10	R2	2022-04-13T00:00:00	Analise Visual Estrutural				0
2679	Sul	2022	Abril	2022-04-13T00:00:00	""	""	Rua Alto do Paranaiba, ^[{	Cohab	Ur 10	""	2022-04-13T00:00:00	Acoes de Porta-Porta				0
2680	Sul	2022	Abril	2022-04-13T00:00:00	""	Monitoramento	Rua Alto do Paranaiba, {})!	Cohab	Ur 10	R2	2022-04-13T00:00:00	Analise Visual Estrutural				0
2681	Sul	2022	Abril	2022-04-13T00:00:00	""	""	"Rua Alto do Paranaiba, ""#*9"	Cohab	Ur 10	""	2022-04-13T00:00:00	Acoes de Porta-Porta				0
2682	Sul	2022	Abril	2022-04-13T00:00:00	""	Monitoramento	Rua Alto do Paranaiba, #_|/	Cohab	Ur 10	R2	2022-04-13T00:00:00	Analise Visual Estrutural				0
2683	Sul	2022	Abril	2022-04-13T00:00:00	""	""	Rua Alto do Paranaiba, .[?	Cohab	Ur 10	""	2022-04-13T00:00:00	Acoes de Porta-Porta				0
2684	Sul	2022	Abril	2022-04-13T00:00:00	""	Monitoramento	Rua Alto do Paranaiba, #$[	Cohab	Ur 10	R2	2022-04-13T00:00:00	Analise Visual Estrutural				0
2685	Sul	2022	Abril	2022-04-13T00:00:00	""	""	Rua Alto do Paranaiba, `=-[	Cohab	Ur 10	""	2022-04-13T00:00:00	Acoes de Porta-Porta				0
2686	Sul	2022	Abril	2022-04-13T00:00:00	""	Monitoramento	Rua Alto do Paranaiba, ?_$.	Cohab	Ur 10	R2	2022-04-13T00:00:00	Analise Visual Estrutural				0
2687	Sul	2022	Abril	2022-04-13T00:00:00	""	""	Rua Alto do Paranaiba, >#'\	Cohab	Ur 10	""	2022-04-13T00:00:00	Acoes de Porta-Porta				0
2688	Sul	2022	Abril	2022-04-13T00:00:00	""	Monitoramento	Rua Alto do Paranaiba, $!>=	Cohab	Ur 10	R2	2022-04-13T00:00:00	Analise Visual Estrutural				0
2689	Sul	2022	Abril	2022-04-13T00:00:00	""	""	Rua Soldado Virgilio Lucio, @}>	Cohab	Ur 04	""	2022-04-13T00:00:00	Atendimento Social				0
2690	Sul	2022	Abril	2022-04-13T00:00:00	""	""	3ª Travessa Bom Destino, 9<-%	Cohab	Ur 05	""	2022-04-13T00:00:00	Atendimento Social				0
2691	Sul	2022	Abril	2022-04-13T00:00:00	""	""	Rua Henrique Moreira, %$<!	Cohab	Ur 10	""	2022-04-13T00:00:00	Atendimento Social				0
2692	Sul	2022	Abril	2022-04-13T00:00:00	""	""	Rua Tanapa, .<^&	Cohab	Tres Carneiros Alto	""	2022-04-13T00:00:00	Atendimento Social				0
2693	Sul	2022	Abril	2022-04-13T00:00:00	""	""	2ª Travessa Soldado Virgilio Lucio, ^[{	Cohab	Ur 04	""	2022-04-13T00:00:00	Atendimento Social				0
2694	Sul	2022	Abril	2022-04-13T00:00:00	""	""	Rua Pessegueiros, {})!	Cohab	Ur 12	""	2022-04-13T00:00:00	Atendimento Social				0
2695	Sul	2022	Abril	2022-04-13T00:00:00	""	VISTORIA	Rua Pessegueiros, #^>	Cohab	Ur 12	""	2022-04-13T00:00:00	Analise Visual Estrutural				0
2696	Sul	2022	Abril	2022-04-13T00:00:00	""	""	Rua Pessegueiros, ~|}[	Cohab	Ur 12	""	2022-04-13T00:00:00	Atendimento Social				0
2697	Sul	2022	Abril	2022-04-13T00:00:00	""	VISTORIA	Rua Pessegueiros, /@9=	Cohab	Ur 12	""	2022-04-13T00:00:00	Analise Visual Estrutural				0
2698	Sul	2022	Abril	2022-04-13T00:00:00	""	""	"Rua Guirapa, #""#~"	Cohab	Ur 12	""	2022-04-13T00:00:00	Atendimento Social				0
2699	Sul	2022	Abril	2022-04-13T00:00:00	""	VISTORIA	"Rua Guirapa, +?""]"	Cohab	Ur 12	""	2022-04-13T00:00:00	Analise Visual Estrutural				0
2700	Sul	2022	Abril	2022-04-13T00:00:00	""	Monitoramento	"Rua Alto do Paranaiba, +?""]"	Cohab	Ur 10	R2	2022-04-13T00:00:00	Analise Visual Estrutural				0
2701	Sul	2022	Abril	2022-04-13T00:00:00	""	""	"Rua Alto do Paranaiba, #""#~"	Cohab	Ur 10	""	2022-04-13T00:00:00	Acoes de Porta-Porta				0
2702	Sul	2022	Abril	2022-04-13T00:00:00	""	Monitoramento	Rua Alto do Paranaiba, /@9=	Cohab	Ur 10	R2	2022-04-13T00:00:00	Analise Visual Estrutural				0
2703	Sul	2022	Abril	2022-04-13T00:00:00	""	""	Rua Alto do Paranaiba, ~|}[	Cohab	Ur 10	""	2022-04-13T00:00:00	Acoes de Porta-Porta				0
2704	Sul	2022	Abril	2022-04-13T00:00:00	""	""	Rua Alto do Paranaiba, #^>	Cohab	Ur 10	""	2022-04-13T00:00:00	Acoes de Porta-Porta				0
2705	Sul	2022	Abril	2022-04-13T00:00:00	""	Monitoramento	Rua Alto do Paranaiba, ~|}[	Cohab	Ur 10	R2	2022-04-13T00:00:00	Analise Visual Estrutural				0
2706	Sul	2022	Abril	2022-04-13T00:00:00	""	""	Rua Alto do Paranaiba, /@9=	Cohab	Ur 10	""	2022-04-13T00:00:00	Acoes de Porta-Porta				0
2707	Sul	2022	Abril	2022-04-13T00:00:00	""	Monitoramento	"Rua Alto do Paranaiba, #""#~"	Cohab	Ur 10	R2	2022-04-13T00:00:00	Analise Visual Estrutural				0
2708	Sul	2022	Abril	2022-04-13T00:00:00	""	""	"Rua Alto do Paranaiba, +?""]"	Cohab	Ur 10	""	2022-04-13T00:00:00	Acoes de Porta-Porta				0
2709	Sul	2022	Abril	2022-04-13T00:00:00	""	Monitoramento	"Rua Alto do Paranaiba, ""#*9"	Cohab	Ur 10	R2	2022-04-13T00:00:00	Analise Visual Estrutural				0
2710	Sul	2022	Abril	2022-04-13T00:00:00	""	""	Rua Alto do Paranaiba, #_|/	Cohab	Ur 10	""	2022-04-13T00:00:00	Acoes de Porta-Porta				0
2711	Sul	2022	Abril	2022-04-13T00:00:00	""	Monitoramento	Rua Alto do Paranaiba, .[?	Cohab	Ur 10	R2	2022-04-13T00:00:00	Analise Visual Estrutural				0
2712	Sul	2022	Abril	2022-04-13T00:00:00	""	""	Rua Alto do Paranaiba, #$[	Cohab	Ur 10	""	2022-04-13T00:00:00	Acoes de Porta-Porta				0
2713	Oeste	2022	Abril	2022-04-13T00:00:00	""	Monitoramento	Rua Barra do Sagi, %$<!	Varzea	Brega e Chique	R2	2022-04-13T00:00:00	Mapeamento de Area de Risco				0
2714	Sul	2022	Abril	2022-04-13T00:00:00	""	Monitoramento	Rua Alto do Paranaiba, `=-[	Cohab	Ur 10	R3	2022-04-13T00:00:00	Analise Visual Estrutural				0
2715	Sul	2022	Abril	2022-04-13T00:00:00	""	Monitoramento	Rua Alto do Paranaiba, >#'\	Cohab	Ur 10	R2	2022-04-13T00:00:00	Analise Visual Estrutural				0
2716	Sul	2022	Abril	2022-04-13T00:00:00	""	""	Rua Alto do Paranaiba, $!>=	Cohab	Ur 10	""	2022-04-13T00:00:00	Acoes de Porta-Porta				0
2717	Sul	2022	Abril	2022-04-13T00:00:00	""	Monitoramento	Rua Alto do Paranaiba, @}>	Cohab	Ur 10	R3	2022-04-13T00:00:00	Analise Visual Estrutural				0
2718	Sul	2022	Abril	2022-04-13T00:00:00	""	""	Rua Alto do Paranaiba, 9<-%	Cohab	Ur 10	""	2022-04-13T00:00:00	Acoes de Porta-Porta				0
2719	Sul	2022	Abril	2022-04-13T00:00:00	""	Monitoramento	Rua Alto do Paranaiba, %$<!	Cohab	Ur 10	R2	2022-04-13T00:00:00	Analise Visual Estrutural				0
2720	Sul	2022	Abril	2022-04-13T00:00:00	""	""	Rua Alto do Paranaiba, .<^&	Cohab	Ur 10	""	2022-04-13T00:00:00	Acoes de Porta-Porta				0
2721	Sul	2022	Abril	2022-04-13T00:00:00	""	Monitoramento	Rua Alto do Paranaiba, ^[{	Cohab	Ur 10	R2	2022-04-13T00:00:00	Analise Visual Estrutural				0
2722	Sul	2022	Abril	2022-04-13T00:00:00	""	""	Rua Alto do Paranaiba, {})!	Cohab	Ur 10	""	2022-04-13T00:00:00	Acoes de Porta-Porta				0
2723	Sul	2022	Abril	2022-04-13T00:00:00	""	Monitoramento	Rua Alto do Paranaiba, #^>	Cohab	Ur 10	R2	2022-04-13T00:00:00	Analise Visual Estrutural				0
2724	Sul	2022	Abril	2022-04-13T00:00:00	""	""	Rua Alto do Paranaiba, ?_$.	Cohab	Ur 10	""	2022-04-13T00:00:00	Acoes de Porta-Porta				0
2725	Oeste	2022	Abril	2022-04-11T00:00:00	""	""	Rua Afonso Pena, ?_$.	Barro	Pantanal	""	2022-04-11T00:00:00	Atendimento Social				0
2726	Sul	2022	Abril	2022-04-12T00:00:00	""	Monitoramento	"Rua Brejo da Cruz, +?""]"	Ibura	Alto da Esperanca	R2	2022-04-12T00:00:00	Analise Visual Estrutural				0
2727	Sul	2022	Abril	2022-04-12T00:00:00	""	Monitoramento	Rua Brejo da Cruz, #_|/	Ibura	Alto da Esperanca	R2	2022-04-12T00:00:00	Analise Visual Estrutural				0
2728	Nordeste	2022	Abril	2022-04-12T00:00:00	""	Monitoramento	"Rua Dom Pedro, #""#~"	Passarinho	Vila Canaa	R3	2022-04-12T00:00:00	Atendimento Social				0
2729	Nordeste	2022	Abril	2022-04-12T00:00:00	""	Monitoramento	"Rua Dom Pedro, +?""]"	Passarinho	Vila Canaa	R3	2022-04-12T00:00:00	Atendimento Social				0
2730	Nordeste	2022	Abril	2022-04-12T00:00:00	""	Monitoramento	"Rua Dom Pedro, ""#*9"	Passarinho	Vila Canaa	R3	2022-04-12T00:00:00	Atendimento Social				0
2731	Nordeste	2022	Abril	2022-04-12T00:00:00	""	Monitoramento	Rua Dom Pedro, #_|/	Passarinho	Vila Canaa	R3	2022-04-12T00:00:00	Atendimento Social				0
2732	Nordeste	2022	Abril	2022-04-12T00:00:00	""	Monitoramento	Rua Alto das Queimadas, .[?	Nova Descoberta	Alto das Queimadas	""	2022-04-12T00:00:00	Acoes de Porta-Porta				0
2733	Nordeste	2022	Abril	2022-04-12T00:00:00	""	Monitoramento	Rua Alto das Queimadas, #$[	Nova Descoberta	Alto das Queimadas	""	2022-04-12T00:00:00	Atendimento Social				0
2734	Nordeste	2022	Abril	2022-04-12T00:00:00	""	Vistoria	Rua Rio Botafogo, `=-[	Guabiraba	Bom Clima	R4	2022-04-12T00:00:00	Atendimento Social				0
2735	Sul	2022	Abril	2022-04-11T00:00:00	""	Colocação de Lonas Plásticas	Rua Joao Cordeiro Souza, ?_$.	Cohab	Tres Carneiros 	""	2022-04-11T00:00:00	Mapeamento de Area de Risco	1	10	8	80
2736	Sul	2022	Abril	2022-04-11T00:00:00	""	Colocação de Lonas Plásticas	Antonio Gonsalves da Cruz, >#'\	Cohab	Ur 05	""	2022-04-11T00:00:00	Mapeamento de Area de Risco	1	15	8	120
2737	Sul	2022	Abril	2022-04-11T00:00:00	""	Colocação de Lonas Plásticas	Vila das Criancas, $!>=	Cohab	Ur 04	""	2022-04-11T00:00:00	Mapeamento de Area de Risco	3	15	8	360
2738	Sul	2022	Abril	2022-04-11T00:00:00	""	Colocação de Lonas Plásticas	Vila das Criancas, @}>	Cohab	Ur 04	""	2022-04-11T00:00:00	Mapeamento de Area de Risco	4	15	8	480
2739	Sul	2022	Abril	2022-04-11T00:00:00	""	Colocação de Lonas Plásticas	Travessa Bom Destino, 9<-%	Cohab	Ur 05	""	2022-04-11T00:00:00	Mapeamento de Area de Risco	1	15	8	120
2740	Sul	2022	Abril	2022-04-11T00:00:00	""	Colocação de Lonas Plásticas	Travessa Bom Destino, %$<!	Cohab	Ur 05	""	2022-04-11T00:00:00	Mapeamento de Area de Risco	3	15	8	360
2741	Sul	2022	Abril	2022-04-11T00:00:00	""	Colocação de Lonas Plásticas	Rua Conego Marinho, .<^&	Ibura	Ibura de Baixo	""	2022-04-11T00:00:00	Mapeamento de Area de Risco	1	15	8	120
2742	Sul	2022	Abril	2022-04-11T00:00:00	""	Colocação de Lonas Plásticas	Rua Visconde de Azuara, ^[{	Ibura	Ibura de Baixo	""	2022-04-11T00:00:00	Mapeamento de Area de Risco	3	15	8	360
2743	Sul	2022	Abril	2022-04-11T00:00:00	""	Colocação de Lonas Plásticas	Visconde de Azuaran, {})!	Ibura	Ibura de Baixo	""	2022-04-11T00:00:00	Mapeamento de Area de Risco		15	8	0
2744	Sul	2022	Abril	2022-04-11T00:00:00	""	Colocação de Lonas Plásticas	Rua Rio Espera, #^>	Ibura	Ibura de Baixo	""	2022-04-11T00:00:00	Mapeamento de Area de Risco	1	15	8	120
2745	Sul	2022	Abril	2022-04-11T00:00:00	""	Colocação de Lonas Plásticas	Travessa Rio Espera, ~|}[	Ibura	Ibura de Baixo	""	2022-04-11T00:00:00	Mapeamento de Area de Risco	2	15	8	240
2746	Sul	2022	Abril	2022-04-11T00:00:00	""	Colocação de Lonas Plásticas	Rua Guriu, /@9=	Cohab	Tres Carneiros Baixo	""	2022-04-11T00:00:00	Mapeamento de Area de Risco	2	15	8	240
2747	Nordeste	2022	Abril	2022-04-12T00:00:00	""	Monitoramento	1ª Subida do Joaquim, /@9=	Nova Descoberta	Corrego do Joaquim	R3	2022-04-12T00:00:00	Atendimento Social				0
2748	Sul	2022	Abril	2022-04-11T00:00:00	""	Colocação de Lonas Plásticas	"Rua Guriu, #""#~"	Cohab	Tres Carneiros Baixo	""	2022-04-11T00:00:00	Mapeamento de Area de Risco	2	15	8	240
2749	Nordeste	2022	Abril	2022-04-12T00:00:00	""	Monitoramento	1ª Subida do Joaquim, ~|}[	Nova Descoberta	Corrego do Joaquim	R3	2022-04-12T00:00:00	Atendimento Social				0
2750	Nordeste	2022	Abril	2022-04-12T00:00:00	""	Monitoramento	1ª Subida do Joaquim, {})!	Nova Descoberta	Corrego do Joaquim	R3	2022-04-12T00:00:00	Atendimento Social				0
2751	Nordeste	2022	Abril	2022-04-12T00:00:00	""	Monitoramento	Rua Gimirim, {})!	Guabiraba	Corrego Jose Idalino	R1	2022-04-12T00:00:00	""				0
2752	Nordeste	2022	Abril	2022-04-12T00:00:00	""	Monitoramento	Rua Petropolis, #^>	Brejo da Guabiraba	Corrego Jardim Primavera	R1	2022-04-12T00:00:00	""				0
2753	Nordeste	2022	Abril	2022-04-12T00:00:00	""	Monitoramento	Rua Petropolis, ~|}[	Brejo da Guabiraba	Corrego Jardim Primavera	R1	2022-04-12T00:00:00	""				0
2754	Nordeste	2022	Abril	2022-04-12T00:00:00	""	Monitoramento	Rua Subida da Cotinha, /@9=	Nova Descoberta	Alto do Refugio	R3	2022-04-12T00:00:00	""				0
2755	Nordeste	2022	Abril	2022-04-12T00:00:00	""	Monitoramento	"Rua Subida da Cotinha, #""#~"	Nova Descoberta	Alto do Refugio	R3	2022-04-12T00:00:00	""				0
2756	Nordeste	2022	Abril	2022-04-12T00:00:00	""	Monitoramento	"Rua Subida da Cotinha, +?""]"	Nova Descoberta	Alto do Refugio	R3	2022-04-12T00:00:00	""				0
2757	Nordeste	2022	Abril	2022-04-12T00:00:00	""	Monitoramento	"Rua Subida da Cotinha, ""#*9"	Nova Descoberta	Alto do Refugio	R3	2022-04-12T00:00:00	""				0
2758	Nordeste	2022	Abril	2022-04-12T00:00:00	""	Monitoramento	Rua Floresta Azul, #_|/	Nova Descoberta	Alto do Refugio	R1	2022-04-12T00:00:00	""				0
2759	Nordeste	2022	Abril	2022-04-12T00:00:00	""	Monitoramento	Rua Floresta Azul, .[?	Nova Descoberta	Alto do Refugio	R3	2022-04-12T00:00:00	""				0
2760	Nordeste	2022	Abril	2022-04-12T00:00:00	""	Monitoramento	Rua Floresta Azul, #$[	Nova Descoberta	Alto do Refugio	R3	2022-04-12T00:00:00	""				0
2761	Nordeste	2022	Abril	2022-04-12T00:00:00	""	Monitoramento	Rua Floresta Azul, `=-[	Nova Descoberta	Alto do Refugio	R3	2022-04-12T00:00:00	""				0
2762	Nordeste	2022	Abril	2022-04-12T00:00:00	""	Monitoramento	Rua Floresta Azul, ?_$.	Nova Descoberta	Alto do Refugio	R3	2022-04-12T00:00:00	""				0
2763	Nordeste	2022	Abril	2022-04-12T00:00:00	""	Monitoramento	Rua Araripe, >#'\	Brejo da Guabiraba	Corrego Jardim Primavera	R3	2022-04-12T00:00:00	""				0
2764	Nordeste	2022	Abril	2022-04-12T00:00:00	""	Monitoramento	Rua Araripe, $!>=	Brejo da Guabiraba	Corrego Jardim Primavera	R3	2022-04-12T00:00:00	""				0
2765	Nordeste	2022	Abril	2022-04-12T00:00:00	""	Monitoramento	Rua Corrego Manoel das Meninas, @}>	Guabiraba	Corrego Manoel das Meninas	R3	2022-04-12T00:00:00	""				0
2766	Nordeste	2022	Abril	2022-04-12T00:00:00	""	Monitoramento	Rua Dois, 9<-%	Brejo da Guabiraba	Arca de Noe	R3	2022-04-12T00:00:00	""				0
2767	Nordeste	2022	Abril	2022-04-12T00:00:00	""	Monitoramento	Rua Renascenca, %$<!	Brejo da Guabiraba	Corrego Jardim Primavera	R3	2022-04-12T00:00:00	Atendimento Social				0
2768	Nordeste	2022	Abril	2022-04-12T00:00:00	""	Monitoramento	Rua Renascenca, .<^&	Brejo da Guabiraba	Corrego Jardim Primavera	R3	2022-04-12T00:00:00	Atendimento Social				0
2769	Nordeste	2022	Abril	2022-04-12T00:00:00	""	Monitoramento	Rua Presidente Costa e Silva, ^[{	Guabiraba	Alto da Guabiraba	R2	2022-04-12T00:00:00	Atendimento Social				0
2770	Nordeste	2022	Abril	2022-04-12T00:00:00	""	Monitoramento	1ª Subida do Joaquim, #^>	Nova Descoberta	Corrego do Joaquim	R3	2022-04-12T00:00:00	Atendimento Social				0
2771	Nordeste	2022	Abril	2022-04-12T00:00:00	""	Monitoramento	Rua Sao Curvela, ^[{	Guabiraba	Corrego Jose Idalino	R1	2022-04-12T00:00:00	""				0
2772	Sul	2022	Abril	2022-04-11T00:00:00	""	Colocação de Lonas Plásticas	"Rua Rio Espera, +?""]"	Ibura	Ibura de Baixo	""	2022-04-11T00:00:00	Mapeamento de Area de Risco	2	15	8	240
2773	Oeste	2022	Abril	2022-04-11T00:00:00	""	Colocação de Lonas Plásticas	Rua Vale do Sirigi, #_|/	Varzea	Jardim Teresopolis	""	2022-04-11T00:00:00	""	4	20	8	640
2774	Noroeste	2022	Abril	2022-04-11T00:00:00	""	Colocação de Lonas Plásticas	Subida do Leoncio, >#'\	Nova Descoberta	Nova Descoberta	""	2022-04-11T00:00:00	""	1	50	8	400
2775	Noroeste	2022	Abril	2022-04-11T00:00:00	""	Colocação de Lonas Plásticas	1ª Travessa Damolandia, $!>=	Nova Descoberta	Nova Descoberta	""	2022-04-11T00:00:00	""	3	15	8	360
2776	Noroeste	2022	Abril	2022-04-11T00:00:00	""	Colocação de Lonas Plásticas	Rua Corrego da Joselia, @}>	Nova Descoberta	Corrego da Joselia	""	2022-04-11T00:00:00	""	4	15	8	480
2777	Noroeste	2022	Abril	2022-04-11T00:00:00	""	Colocação de Lonas Plásticas	Rua Hilza Machado, 9<-%	Nova Descoberta	Alto Jardim Progresso	""	2022-04-11T00:00:00	""	3	15	8	360
2778	Noroeste	2022	Abril	2022-04-11T00:00:00	""	Colocação de Lonas Plásticas	Rua Dende, %$<!	Morro da Conceicao	Morro da Conceicao	""	2022-04-11T00:00:00	""	3	15	8	360
2779	Noroeste	2022	Abril	2022-04-11T00:00:00	""	Colocação de Lonas Plásticas	Rua Santa Isabel, .<^&	Casa Amarela 	Alto Santa Isabel	""	2022-04-11T00:00:00	""	2	15	8	240
2780	Noroeste	2022	Abril	2022-04-11T00:00:00	""	Colocação de Lonas Plásticas	Rua Demene, ^[{	Nova Descoberta	Nova Descoberta	""	2022-04-11T00:00:00	""	4	15	8	480
2781	Nordeste	2022	Abril	2022-04-11T00:00:00	""	Colocação de Lonas Plásticas	Rua Alto do Refugio, {})!	Nova Descoberta	Alto do Refugio	""	2022-04-11T00:00:00	""	2	15	8	240
2782	Nordeste	2022	Abril	2022-04-11T00:00:00	""	Colocação de Lonas Plásticas	Rua Plinio Colho, #^>	Nova Descoberta	Alto do Refugio	""	2022-04-11T00:00:00	""	4	15	8	480
2783	Nordeste	2022	Abril	2022-04-11T00:00:00	""	Colocação de Lonas Plásticas	Rua Alto da Bica, ~|}[	Passarinho	Alto da Bica	""	2022-04-11T00:00:00	""	2	15	8	240
2784	Nordeste	2022	Abril	2022-04-11T00:00:00	""	Colocação de Lonas Plásticas	Avenida Chagas Ferreira, /@9=	Passarinho	Alto Santa Tereza	""	2022-04-11T00:00:00	""	1	1	800	800
2785	Nordeste	2022	Abril	2022-04-11T00:00:00	""	Colocação de Lonas Plásticas	"Rua Plinio Coelho, #""#~"	Nova Descoberta	Alto do Refugio	""	2022-04-11T00:00:00	""	2	15	8	240
2786	Nordeste	2022	Abril	2022-04-11T00:00:00	""	Colocação de Lonas Plásticas	"1ª Travessa Plinio Coelho, +?""]"	Nova Descoberta	Alto do Refugio	""	2022-04-11T00:00:00	""	5	15	8	600
2787	Nordeste	2022	Abril	2022-04-11T00:00:00	""	Colocação de Lonas Plásticas	"Rua Plinio Coelho, ""#*9"	Nova Descoberta	Alto do Refugio	""	2022-04-11T00:00:00	""	6	15	8	720
2788	Nordeste	2022	Abril	2022-04-11T00:00:00	""	Colocação de Lonas Plásticas	2ª Subida Corrego da Bica, #_|/	Passarinho	Corrego da Bica	""	2022-04-11T00:00:00	""	1	1	680	680
2789	Nordeste	2022	Abril	2022-04-11T00:00:00	""	Colocação de Lonas Plásticas	Rua Goiatuba, .[?	Passarinho	Alto da Telha	""	2022-04-11T00:00:00	""	5	15	8	600
2790	Nordeste	2022	Abril	2022-04-11T00:00:00	""	Colocação de Lonas Plásticas	Rua So Nos Dois, #$[	Passarinho	Alto So Nos Dois	""	2022-04-11T00:00:00	""	1	1	880	880
2791	Sul	2022	Abril	2022-04-11T00:00:00	""	""	Rua Petrolandia, `=-[	Jordao	Jordao Alto	""	2022-04-11T00:00:00	Acoes de Porta-Porta				0
2792	Sul	2022	Abril	2022-04-11T00:00:00	""	""	Rua Petrolandia, ?_$.	Jordao	Jordao Alto	""	2022-04-11T00:00:00	Acoes de Porta-Porta				0
2793	Noroeste	2022	Abril	2022-04-11T00:00:00	""	Colocação de Lonas Plásticas	Rua Alvilandia, ?_$.	Nova Descoberta	Nova Descoberta	""	2022-04-11T00:00:00	""	4	15	8	480
2794	Sul	2022	Abril	2022-04-11T00:00:00	""	Colocação de Lonas Plásticas	"Rua Rio Espera, ""#*9"	Ibura	Ibura de Baixo	""	2022-04-11T00:00:00	Mapeamento de Area de Risco	3	15	8	360
2795	Norte	2022	Abril	2022-04-11T00:00:00	""	Colocação de Lonas Plásticas	Rua Sempre Vida, `=-[	Dois Unidos	Vale do Senhor	""	2022-04-11T00:00:00	""	1	15	8	120
2796	Norte	2022	Abril	2022-04-11T00:00:00	""	Colocação de Lonas Plásticas	Rua Sempre Livre, .[?	Dois Unidos	Vale do Senhor	""	2022-04-11T00:00:00	""	1	15	8	120
2797	Oeste	2022	Abril	2022-04-11T00:00:00	""	Colocação de Lonas Plásticas	Rua Soldado Kosel Filho, .[?	Varzea	Jardim Teresopolis	""	2022-04-11T00:00:00	""	4	20	8	640
2798	Oeste	2022	Abril	2022-04-11T00:00:00	""	Colocação de Lonas Plásticas	1ª Travessa Angra dos Reis, #$[	Cohab	Jardim Monte Verde	""	2022-04-11T00:00:00	""	1	20	8	160
2799	Oeste	2022	Abril	2022-04-11T00:00:00	""	Colocação de Lonas Plásticas	Rua Mandiore, `=-[	Cohab	Jardim Monte Verde	""	2022-04-11T00:00:00	""	2	20	8	320
2800	Oeste	2022	Abril	2022-04-11T00:00:00	""	Colocação de Lonas Plásticas	Rua Nova Esperanca, ?_$.	Cohab	Ur 02	""	2022-04-11T00:00:00	""	3	20	8	480
2801	Oeste	2022	Abril	2022-04-11T00:00:00	""	Colocação de Lonas Plásticas	Rua Nova Esperanca, >#'\	Cohab	Ur 02	""	2022-04-11T00:00:00	""	2	20	8	320
2802	Oeste	2022	Abril	2022-04-11T00:00:00	""	Colocação de Lonas Plásticas	Rua Nova Esperanca, $!>=	Cohab	Ur 02	""	2022-04-11T00:00:00	""	3	20	8	480
2803	Oeste	2022	Abril	2022-04-11T00:00:00	""	Colocação de Lonas Plásticas	Rua Nova Esperanca, @}>	Cohab	Ur 02	""	2022-04-11T00:00:00	""	2	20	8	320
2804	Oeste	2022	Abril	2022-04-11T00:00:00	""	Colocação de Lonas Plásticas	1ª Travessa Angra dos Reis, 9<-%	Cohab	Jardim Monte Verde	""	2022-04-11T00:00:00	""	2	20	8	320
2805	Norte	2022	Abril	2022-04-11T00:00:00	""	Colocação de Lonas Plásticas	Rua Vertentes do Lerio, %$<!	Dois Unidos	Alto do Rosario	""	2022-04-11T00:00:00	""				0
2806	Norte	2022	Abril	2022-04-11T00:00:00	""	Colocação de Lonas Plásticas	Rua Vertentes do Lerio, .<^&	Dois Unidos	Alto do Rosario	""	2022-04-11T00:00:00	""	2	15	8	240
2807	Norte	2022	Abril	2022-04-11T00:00:00	""	Colocação de Lonas Plásticas	Rua Vertentes do Lerio, ^[{	Dois Unidos	Alto do Rosario	""	2022-04-11T00:00:00	""	2	15	8	240
2808	Norte	2022	Abril	2022-04-11T00:00:00	""	Colocação de Lonas Plásticas	Rua Vertentes do Lerio, {})!	Dois Unidos	Alto do Rosario	""	2022-04-11T00:00:00	""	1	25	8	200
2809	Norte	2022	Abril	2022-04-11T00:00:00	""	Colocação de Lonas Plásticas	Rua Vertentes do Lerio, #^>	Dois Unidos	Alto do Rosario	""	2022-04-11T00:00:00	""	2	20	8	320
2810	Norte	2022	Abril	2022-04-11T00:00:00	""	Colocação de Lonas Plásticas	Rua Victor Pester, ~|}[	Dois Unidos	Vale do Senhor	""	2022-04-11T00:00:00	""	1	20	8	160
2811	Norte	2022	Abril	2022-04-11T00:00:00	""	Colocação de Lonas Plásticas	Rua Victor Pester, /@9=	Dois Unidos	Vale do Senhor	""	2022-04-11T00:00:00	""	1	15	8	120
2812	Norte	2022	Abril	2022-04-11T00:00:00	""	Colocação de Lonas Plásticas	"Rua Victor Pester, #""#~"	Dois Unidos	Vale do Senhor	""	2022-04-11T00:00:00	""	1	20	8	160
2813	Norte	2022	Abril	2022-04-11T00:00:00	""	Colocação de Lonas Plásticas	"Rua Victor Pester, +?""]"	Dois Unidos	Vale do Senhor	""	2022-04-11T00:00:00	""	1	20	8	160
2814	Norte	2022	Abril	2022-04-11T00:00:00	""	Colocação de Lonas Plásticas	"Rua Victor Pester, ""#*9"	Dois Unidos	Vale do Senhor	""	2022-04-11T00:00:00	""	2	20	8	320
2815	Norte	2022	Abril	2022-04-11T00:00:00	""	Colocação de Lonas Plásticas	Rua Sempre Livre, #_|/	Dois Unidos	Vale do Senhor	""	2022-04-11T00:00:00	""	1	20	8	160
2816	Norte	2022	Abril	2022-04-11T00:00:00	""	Colocação de Lonas Plásticas	Rua Sempre Livre, #$[	Dois Unidos	Vale do Senhor	""	2022-04-11T00:00:00	""	3	15	8	360
2817	Sul	2022	Abril	2022-04-11T00:00:00	""	""	Rua Petrolandia, >#'\	Jordao	Jordao Alto	""	2022-04-11T00:00:00	Acoes de Porta-Porta				0
2818	Nordeste	2022	Abril	2022-04-12T00:00:00	""	Monitoramento	Rua Campestre, .<^&	Nova Descoberta	Alto do Refugio	R1	2022-04-12T00:00:00	""				0
2819	Nordeste	2022	Abril	2022-04-12T00:00:00	""	Monitoramento	Rua Campestre, 9<-%	Nova Descoberta	Alto do Refugio	R1	2022-04-12T00:00:00	""				0
2820	Noroeste	2022	Abril	2022-04-12T00:00:00	""	Monitoramento	Rua Alto, #_|/	Vasco da Gama 	Alto 13 de Maio	R2	2022-04-12T00:00:00	Mapeamento de Area de Risco				0
2821	Noroeste	2022	Abril	2022-04-12T00:00:00	""	Monitoramento	2ª Travessa Marita, .[?	Vasco da Gama 	Alto 13 de Maio	R2	2022-04-12T00:00:00	Mapeamento de Area de Risco				0
2822	Noroeste	2022	Abril	2022-04-12T00:00:00	""	Monitoramento	Rua Alto, #$[	Vasco da Gama 	Alto 13 de Maio	R2	2022-04-12T00:00:00	Mapeamento de Area de Risco				0
2823	Noroeste	2022	Abril	2022-04-12T00:00:00	""	Monitoramento	Rua Alto, `=-[	Vasco da Gama 	Alto 13 de Maio	R1	2022-04-12T00:00:00	Mapeamento de Area de Risco				0
2824	Noroeste	2022	Abril	2022-04-12T00:00:00	""	Monitoramento	Rua Alto, ?_$.	Vasco da Gama 	Alto 13 de Maio	R2	2022-04-12T00:00:00	Mapeamento de Area de Risco				0
2825	Noroeste	2022	Abril	2022-04-12T00:00:00	""	Monitoramento	Rua das Pedrinhas, >#'\	Vasco da Gama 	Alto 13 de Maio	R2	2022-04-12T00:00:00	Mapeamento de Area de Risco				0
2826	Noroeste	2022	Abril	2022-04-12T00:00:00	""	Monitoramento	Rua Alto, $!>=	Vasco da Gama 	Alto 13 de Maio	R2	2022-04-12T00:00:00	Mapeamento de Area de Risco				0
2827	Noroeste	2022	Abril	2022-04-12T00:00:00	""	Monitoramento	Rua Alto, @}>	Vasco da Gama 	Alto 13 de Maio	R2	2022-04-12T00:00:00	Mapeamento de Area de Risco				0
2828	Noroeste	2022	Abril	2022-04-12T00:00:00	""	Monitoramento	Rua Alto, 9<-%	Vasco da Gama 	Alto 13 de Maio	R1	2022-04-12T00:00:00	Mapeamento de Area de Risco				0
2829	Noroeste	2022	Abril	2022-04-12T00:00:00	""	Monitoramento	5ª Travessa Alto, %$<!	Vasco da Gama 	Alto 13 de Maio	R1	2022-04-12T00:00:00	Mapeamento de Area de Risco				0
2830	Noroeste	2022	Abril	2022-04-12T00:00:00	""	Monitoramento	5ª Travessa Alto, .<^&	Vasco da Gama 	Alto 13 de Maio	R2	2022-04-12T00:00:00	Mapeamento de Area de Risco				0
2831	Noroeste	2022	Abril	2022-04-12T00:00:00	""	Monitoramento	5ª Travessa Alto, ^[{	Vasco da Gama 	Alto 13 de Maio	R1	2022-04-12T00:00:00	Mapeamento de Area de Risco				0
2832	Noroeste	2022	Abril	2022-04-12T00:00:00	""	Monitoramento	5ª Travessa Alto, {})!	Vasco da Gama 	Alto 13 de Maio	R2	2022-04-12T00:00:00	Mapeamento de Area de Risco				0
2833	Noroeste	2022	Abril	2022-04-12T00:00:00	""	Monitoramento	Rua Alto, #^>	Vasco da Gama 	Alto 13 de Maio	R1	2022-04-12T00:00:00	Mapeamento de Area de Risco				0
2834	Noroeste	2022	Abril	2022-04-12T00:00:00	""	Monitoramento	Rua Alto, ~|}[	Vasco da Gama 	Alto 13 de Maio	R1	2022-04-12T00:00:00	Mapeamento de Area de Risco				0
2835	Noroeste	2022	Abril	2022-04-12T00:00:00	""	Monitoramento	Rua Alto, /@9=	Vasco da Gama 	Alto 13 de Maio	R1	2022-04-12T00:00:00	Mapeamento de Area de Risco				0
2836	Noroeste	2022	Abril	2022-04-12T00:00:00	""	Monitoramento	"Rua Alto, #""#~"	Vasco da Gama 	Alto 13 de Maio	R2	2022-04-12T00:00:00	Mapeamento de Area de Risco				0
2837	Noroeste	2022	Abril	2022-04-12T00:00:00	""	Monitoramento	"Rua Alto, +?""]"	Vasco da Gama 	Alto 13 de Maio	R2	2022-04-12T00:00:00	Mapeamento de Area de Risco				0
2838	Noroeste	2022	Abril	2022-04-12T00:00:00	""	Monitoramento	"Rua Alto, ""#*9"	Vasco da Gama 	Alto 13 de Maio	R2	2022-04-12T00:00:00	Mapeamento de Area de Risco				0
2839	Noroeste	2022	Abril	2022-04-12T00:00:00	""	Monitoramento	"Rua Alto, ""#*9"	Vasco da Gama 	Alto 13 de Maio	R2	2022-04-12T00:00:00	Mapeamento de Area de Risco				0
2840	Noroeste	2022	Abril	2022-04-12T00:00:00	""	Monitoramento	Rua Alto, #_|/	Vasco da Gama 	Alto 13 de Maio	R2	2022-04-12T00:00:00	Mapeamento de Area de Risco				0
2841	Noroeste	2022	Abril	2022-04-12T00:00:00	""	Monitoramento	"Rua Alto, +?""]"	Vasco da Gama 	Alto 13 de Maio	R1	2022-04-12T00:00:00	Mapeamento de Area de Risco				0
2842	Noroeste	2022	Abril	2022-04-12T00:00:00	""	Monitoramento	Rua Raposa, /@9=	Vasco da Gama 	Alto 13 de Maio	R1	2022-04-12T00:00:00	Mapeamento de Area de Risco				0
2843	Norte	2022	Abril	2022-04-12T00:00:00	""	Monitoramento	Rua Vertentes do Lerio, /@9=	Dois Unidos	Alto do Rosario	R1	2022-04-12T00:00:00	""				0
2844	Norte	2022	Abril	2022-04-12T00:00:00	""	Monitoramento	"Rua Vertentes do Lerio, #""#~"	Dois Unidos	Alto do Rosario	R1	2022-04-12T00:00:00	""				0
2845	Norte	2022	Abril	2022-04-12T00:00:00	""	Monitoramento	"Rua Vertentes do Lerio, +?""]"	Dois Unidos	Alto do Rosario	R1	2022-04-12T00:00:00	""				0
2846	Norte	2022	Abril	2022-04-12T00:00:00	""	Monitoramento	"Rua Vertentes do Lerio, ""#*9"	Dois Unidos	Alto do Rosario	R1	2022-04-12T00:00:00	""				0
2847	Norte	2022	Abril	2022-04-12T00:00:00	""	Monitoramento	Rua Vertentes do Lerio, #_|/	Dois Unidos	Alto do Rosario	R1	2022-04-12T00:00:00	""				0
2848	Norte	2022	Abril	2022-04-12T00:00:00	""	Monitoramento	Rua Vertentes do Lerio, .[?	Dois Unidos	Alto do Rosario	R3	2022-04-12T00:00:00	Encaminhar para Colocacao de Lonas				0
2849	Norte	2022	Abril	2022-04-12T00:00:00	""	Monitoramento	Rua Vertentes do Lerio, #$[	Dois Unidos	Alto do Rosario	R3	2022-04-12T00:00:00	""				0
2850	Noroeste	2022	Abril	2022-04-12T00:00:00	""	""	Senador Milton Campos, `=-[	Vasco da Gama 	Vasco da Gama	""	2022-04-12T00:00:00	Rocagem	2	15	8	240
2851	Noroeste	2022	Abril	2022-04-12T00:00:00	""	""	Rua Alto Jardim Progresso, ?_$.	Nova Descoberta	Alto Jardim Progresso	""	2022-04-12T00:00:00	Rocagem	1	50	8	400
2852	Noroeste	2022	Abril	2022-04-12T00:00:00	""	""	Rua Camburiu, >#'\	Vasco da Gama 	Vasco da Gama	""	2022-04-12T00:00:00	Rocagem	1	165	8	1320
2853	Noroeste	2022	Abril	2022-04-12T00:00:00	""	""	Rua Hilca Machado, $!>=	Nova Descoberta	Nova Descoberta	""	2022-04-12T00:00:00	Remocao de entulhos				0
2854	Noroeste	2022	Abril	2022-04-12T00:00:00	""	Monitoramento	Rua Alto, @}>	Vasco da Gama 	Alto 13 de Maio	R2	2022-04-12T00:00:00	Mapeamento de Area de Risco				0
2855	Noroeste	2022	Abril	2022-04-12T00:00:00	""	Monitoramento	Rua Alto, 9<-%	Vasco da Gama 	Alto 13 de Maio	R2	2022-04-12T00:00:00	Mapeamento de Area de Risco				0
2856	Noroeste	2022	Abril	2022-04-12T00:00:00	""	Monitoramento	Rua Alto, %$<!	Vasco da Gama 	Alto 13 de Maio	R2	2022-04-12T00:00:00	Mapeamento de Area de Risco				0
2857	Noroeste	2022	Abril	2022-04-12T00:00:00	""	Monitoramento	Rua Alto, .<^&	Vasco da Gama 	Alto 13 de Maio	R1	2022-04-12T00:00:00	Mapeamento de Area de Risco				0
2858	Noroeste	2022	Abril	2022-04-12T00:00:00	""	Monitoramento	Rua Alto, ^[{	Vasco da Gama 	Alto 13 de Maio	R1	2022-04-12T00:00:00	Mapeamento de Area de Risco				0
2859	Noroeste	2022	Abril	2022-04-12T00:00:00	""	Monitoramento	Rua Alto, {})!	Vasco da Gama 	Alto 13 de Maio	R2	2022-04-12T00:00:00	Mapeamento de Area de Risco				0
2860	Noroeste	2022	Abril	2022-04-12T00:00:00	""	Monitoramento	Rua Alto, #^>	Vasco da Gama 	Alto 13 de Maio	R1	2022-04-12T00:00:00	Mapeamento de Area de Risco				0
2861	Noroeste	2022	Abril	2022-04-12T00:00:00	""	Monitoramento	Rua Alto, ~|}[	Vasco da Gama 	Alto 13 de Maio	R2	2022-04-12T00:00:00	Mapeamento de Area de Risco				0
2862	Noroeste	2022	Abril	2022-04-12T00:00:00	""	Monitoramento	"Rua Alto, #""#~"	Vasco da Gama 	Alto 13 de Maio	R1	2022-04-12T00:00:00	Mapeamento de Area de Risco				0
2863	Nordeste	2022	Abril	2022-04-12T00:00:00	""	Monitoramento	Rua Campestre, %$<!	Nova Descoberta	Alto do Refugio	R1	2022-04-12T00:00:00	""				0
2864	Noroeste	2022	Abril	2022-04-12T00:00:00	""	Monitoramento	Rua Alto, .[?	Vasco da Gama 	Alto 13 de Maio	R2	2022-04-12T00:00:00	Mapeamento de Area de Risco				0
2865	Noroeste	2022	Abril	2022-04-12T00:00:00	""	Monitoramento	Rua A, `=-[	Nova Descoberta	Corrego do Eucalipto	R3	2022-04-12T00:00:00	Mapeamento de Area de Risco				0
2866	Noroeste	2022	Abril	2022-04-12T00:00:00	""	Monitoramento	4ª Subida do Comissario, 9<-%	Nova Descoberta	Corrego da Joselia	R3	2022-04-12T00:00:00	Mapeamento de Area de Risco				0
2867	Noroeste	2022	Abril	2022-04-12T00:00:00	""	Monitoramento	Rua Alto do Bambui, %$<!	Vasco da Gama 	Alto Nossa Senhora de Fatima	R3	2022-04-12T00:00:00	Mapeamento de Area de Risco				0
2868	Noroeste	2022	Abril	2022-04-12T00:00:00	""	Monitoramento	Rua Itabora, .<^&	Vasco da Gama 	Vasco da Gama	R3	2022-04-12T00:00:00	Mapeamento de Area de Risco				0
2869	Noroeste	2022	Abril	2022-04-12T00:00:00	""	Monitoramento	Subida Tereza Carneiro, ^[{	Nova Descoberta	Corrego do Eucalipto	R3	2022-04-12T00:00:00	Mapeamento de Area de Risco				0
2870	Noroeste	2022	Abril	2022-04-12T00:00:00	""	Monitoramento	Rua Angai, {})!	Nova Descoberta	Nova Descoberta	R3	2022-04-12T00:00:00	Mapeamento de Area de Risco				0
2871	Noroeste	2022	Abril	2022-04-12T00:00:00	""	Monitoramento	Rua Humberto Carneiro, #^>	Casa Amarela 	Alto Santa Isabel	R3	2022-04-12T00:00:00	Mapeamento de Area de Risco				0
2872	Noroeste	2022	Abril	2022-04-12T00:00:00	""	Monitoramento	1ª Travessa Arandu, ~|}[	Morro da Conceicao	Morro da Conceicao	R3	2022-04-12T00:00:00	Mapeamento de Area de Risco				0
2873	Noroeste	2022	Abril	2022-04-12T00:00:00	""	Monitoramento	Rua Sao Domingos Savio, /@9=	Alto Jose Bonifacio 	Corrego Sao Domingos Savio	R3	2022-04-12T00:00:00	Mapeamento de Area de Risco				0
2874	Noroeste	2022	Abril	2022-04-12T00:00:00	""	Monitoramento	"Rua Jose Carneiro Lins, #""#~"	Nova Descoberta	Nova Descoberta	R3	2022-04-12T00:00:00	Mapeamento de Area de Risco				0
2875	Noroeste	2022	Abril	2022-04-12T00:00:00	""	Monitoramento	"Rua Diadema, +?""]"	Vasco da Gama 	Vasco da Gama	R3	2022-04-12T00:00:00	Mapeamento de Area de Risco				0
2876	Noroeste	2022	Abril	2022-04-12T00:00:00	""	Monitoramento	"Rua Francisco Gomes Machado, ""#*9"	Nova Descoberta	Nova Descoberta	R3	2022-04-12T00:00:00	Mapeamento de Area de Risco				0
2877	Noroeste	2022	Abril	2022-04-12T00:00:00	""	Monitoramento	Rua Taquaral, #_|/	Vasco da Gama 	Alto 13 de Maio	R3	2022-04-12T00:00:00	Mapeamento de Area de Risco				0
2878	Noroeste	2022	Abril	2022-04-12T00:00:00	""	Monitoramento	Rua Severino Barbosa, .[?	Nova Descoberta	Alto Jardim Progresso	R3	2022-04-12T00:00:00	Mapeamento de Area de Risco				0
2879	Nordeste	2022	Abril	2022-04-12T00:00:00	""	""	Rua Portelandia, #$[	Nova Descoberta	Alto do Refugio	""	2022-04-12T00:00:00	Rocagem	1	25	10	250
2880	Nordeste	2022	Abril	2022-04-12T00:00:00	""	Monitoramento	Rua Campestre, `=-[	Nova Descoberta	Alto do Refugio	R1	2022-04-12T00:00:00	""				0
2881	Nordeste	2022	Abril	2022-04-12T00:00:00	""	Monitoramento	Rua Campestre, ?_$.	Nova Descoberta	Alto do Refugio	R1	2022-04-12T00:00:00	""				0
2882	Nordeste	2022	Abril	2022-04-12T00:00:00	""	Monitoramento	Rua Campestre, >#'\	Nova Descoberta	Alto do Refugio	R1	2022-04-12T00:00:00	""				0
2883	Nordeste	2022	Abril	2022-04-12T00:00:00	""	Monitoramento	Rua Campestre, $!>=	Nova Descoberta	Alto do Refugio	R1	2022-04-12T00:00:00	""				0
2884	Nordeste	2022	Abril	2022-04-12T00:00:00	""	Monitoramento	Rua Campestre, @}>	Nova Descoberta	Alto do Refugio	R1	2022-04-12T00:00:00	""				0
2885	Noroeste	2022	Abril	2022-04-12T00:00:00	""	Monitoramento	Rua Estreliana, @}>	Nao Informado	Alto Jose do Pinho	R3	2022-04-12T00:00:00	Mapeamento de Area de Risco				0
2886	Noroeste	2022	Abril	2022-04-12T00:00:00	""	Monitoramento	Rua A, #$[	Nova Descoberta	Corrego do Eucalipto	R3	2022-04-12T00:00:00	Mapeamento de Area de Risco				0
2887	Noroeste	2022	Abril	2022-04-12T00:00:00	""	Monitoramento	Rua Antonio Pinto Lapa, $!>=	Vasco da Gama 	Vasco da Gama	R3	2022-04-12T00:00:00	Mapeamento de Area de Risco				0
2888	Noroeste	2022	Abril	2022-04-12T00:00:00	""	Monitoramento	Rua Eduardo Menezes, ?_$.	Vasco da Gama 	Alto Resplendor	R3	2022-04-12T00:00:00	Mapeamento de Area de Risco				0
2889	Noroeste	2022	Abril	2022-04-12T00:00:00	""	Monitoramento	Rua Alto Alegre, ?_$.	Morro da Conceicao	Morro da Conceicao	R3	2022-04-12T00:00:00	Mapeamento de Area de Risco				0
2890	Noroeste	2022	Abril	2022-04-12T00:00:00	""	Monitoramento	5ª Travessa Monsenhor Teobaldo Rocha, >#'\	Nova Descoberta	Nova Descoberta	R3	2022-04-12T00:00:00	Mapeamento de Area de Risco				0
2891	Noroeste	2022	Abril	2022-04-12T00:00:00	""	Monitoramento	Rua das Palmeiras, $!>=	Nova Descoberta	Alto Jardim Progresso	R3	2022-04-12T00:00:00	Mapeamento de Area de Risco				0
2892	Noroeste	2022	Abril	2022-04-12T00:00:00	""	Monitoramento	Rua das Palmeiras, @}>	Nova Descoberta	Alto Jardim Progresso	R3	2022-04-12T00:00:00	Mapeamento de Area de Risco				0
2893	Noroeste	2022	Abril	2022-04-12T00:00:00	""	Monitoramento	Rua Antonio Pinto Lapa, 9<-%	Vasco da Gama 	Alto Nossa Senhora de Fatima	R3	2022-04-12T00:00:00	Mapeamento de Area de Risco				0
2894	Noroeste	2022	Abril	2022-04-12T00:00:00	""	Monitoramento	Rua Sao Bento, %$<!	Macaxeira 	Burity	R3	2022-04-12T00:00:00	Mapeamento de Area de Risco				0
2895	Noroeste	2022	Abril	2022-04-12T00:00:00	""	Monitoramento	Rua Deputada Cristina Tavares, .<^&	Macaxeira 	Macaxeira	R3	2022-04-12T00:00:00	Mapeamento de Area de Risco				0
2896	Noroeste	2022	Abril	2022-04-12T00:00:00	""	Monitoramento	Rua Alto Itauna, ^[{	Alto Jose Bonifacio 	Alto Jose Bonifacio	R3	2022-04-12T00:00:00	Mapeamento de Area de Risco				0
2897	Noroeste	2022	Abril	2022-04-12T00:00:00	""	Monitoramento	Rua Alto Doutor Caete, {})!	Nova Descoberta	Alto Dr. Caete	R3	2022-04-12T00:00:00	Mapeamento de Area de Risco				0
2898	Noroeste	2022	Abril	2022-04-12T00:00:00	""	Monitoramento	3ª Travessa Damolandia, #^>	Nova Descoberta	Alto Dr. Caete	R3	2022-04-12T00:00:00	Mapeamento de Area de Risco				0
2899	Noroeste	2022	Abril	2022-04-12T00:00:00	""	Monitoramento	Avenida Joselia, ~|}[	Nova Descoberta	Corrego da Joselia	R3	2022-04-12T00:00:00	Mapeamento de Area de Risco				0
2900	Noroeste	2022	Abril	2022-04-12T00:00:00	""	Monitoramento	Rua Esplanada, /@9=	Nao Informado	Corrego Jose Grande	R3	2022-04-12T00:00:00	Mapeamento de Area de Risco				0
2901	Noroeste	2022	Abril	2022-04-12T00:00:00	""	Monitoramento	"4ª Subida do Comissario, #""#~"	Nova Descoberta	Corrego da Joselia	R3	2022-04-12T00:00:00	Mapeamento de Area de Risco				0
2902	Noroeste	2022	Abril	2022-04-12T00:00:00	""	Monitoramento	"2ª Subida do Comissario, +?""]"	Nova Descoberta	Corrego da Joselia	R3	2022-04-12T00:00:00	Mapeamento de Area de Risco				0
2903	Noroeste	2022	Abril	2022-04-12T00:00:00	""	Monitoramento	"Rua da Macaiba, ""#*9"	Nao Informado	Alto Jose do Pinho	R3	2022-04-12T00:00:00	Mapeamento de Area de Risco				0
2904	Noroeste	2022	Abril	2022-04-12T00:00:00	""	Monitoramento	Rua Uniao da Vitoria, #_|/	Nao Informado	Alto Jose do Pinho	R3	2022-04-12T00:00:00	Mapeamento de Area de Risco				0
2905	Noroeste	2022	Abril	2022-04-12T00:00:00	""	Monitoramento	Rua Hilca Machado, .[?	Nova Descoberta	Olho D'Agua	R3	2022-04-12T00:00:00	Mapeamento de Area de Risco				0
2906	Noroeste	2022	Abril	2022-04-12T00:00:00	""	Monitoramento	Rua Brejo de Areia, #$[	Alto Jose Bonifacio 	Alto Jose Bonifacio	R3	2022-04-12T00:00:00	Mapeamento de Area de Risco				0
2907	Noroeste	2022	Abril	2022-04-12T00:00:00	""	Monitoramento	Rua Alto Itauna, `=-[	Alto Jose Bonifacio 	Alto Jose Bonifacio	R3	2022-04-12T00:00:00	Mapeamento de Area de Risco				0
2908	Noroeste	2022	Abril	2022-04-12T00:00:00	""	Monitoramento	Rua Arare, >#'\	Vasco da Gama 	Alto do Eucalipto	R3	2022-04-12T00:00:00	Mapeamento de Area de Risco				0
2909	Sul	2022	Abril	2022-04-11T00:00:00	""	""	Rua Petrolandia, $!>=	Jordao	Jordao Alto	""	2022-04-11T00:00:00	Acoes de Porta-Porta				0
2910	Sul	2022	Abril	2022-04-11T00:00:00	""	""	Rua Petrolandia, @}>	Jordao	Jordao Alto	""	2022-04-11T00:00:00	Acoes de Porta-Porta				0
2911	Sul	2022	Abril	2022-04-11T00:00:00	""	""	Rua Petrolandia, 9<-%	Jordao	Jordao Alto	""	2022-04-11T00:00:00	Acoes de Porta-Porta				0
2912	Sul	2022	Abril	2022-04-11T00:00:00	""	Monitoramento	Rua Manuel Buffone Pires, .<^&	Cohab	Lagoa Encantada	R1	2022-04-11T00:00:00	Analise Visual Estrutural				0
2913	Sul	2022	Abril	2022-04-11T00:00:00	""	Monitoramento	Rua Manuel Buffone Pires, ^[{	Cohab	Lagoa Encantada	R1	2022-04-11T00:00:00	ANalise Visual Estrutural				0
2914	Sul	2022	Abril	2022-04-11T00:00:00	""	Monitoramento	Rua Manuel Buffone Pires, {})!	Cohab	Lagoa Encantada	R1	2022-04-11T00:00:00	Analise Visual Estrutural				0
2915	Sul	2022	Abril	2022-04-11T00:00:00	""	Monitoramento	Rua Manuel Buffone Pires, #^>	Cohab	Lagoa Encantada	R1	2022-04-11T00:00:00	Acoes de Porta-Porta				0
2916	Sul	2022	Abril	2022-04-11T00:00:00	""	Monitoramento	Rua Manuel Buffone Pires, ~|}[	Cohab	Lagoa Encantada	R1	2022-04-11T00:00:00	Analise Visual Estrutural				0
2917	Sul	2022	Abril	2022-04-11T00:00:00	""	Monitoramento	Rua Manuel Buffone Pires, /@9=	Cohab	Lagoa Encantada	R2	2022-04-11T00:00:00	Analise Visual Estrutural				0
2918	Sul	2022	Abril	2022-04-11T00:00:00	""	Monitoramento	"Rua Manuel Buffone Pires, #""#~"	Cohab	Lagoa Encantada	R2	2022-04-11T00:00:00	Acoes de Porta-Porta				0
2919	Sul	2022	Abril	2022-04-11T00:00:00	""	Monitoramento	"Rua Manuel Buffone Pires, +?""]"	Cohab	Lagoa Encantada	R2	2022-04-11T00:00:00	Analise Visual Estrutural				0
2920	Sul	2022	Abril	2022-04-11T00:00:00	""	Monitoramento	"Rua Manuel Buffone Pires, ""#*9"	Cohab	Lagoa Encantada	R2	2022-04-11T00:00:00	Acoes de Porta-Porta				0
2921	Sul	2022	Abril	2022-04-11T00:00:00	""	Monitoramento	Rua Manuel Buffone Pires, #_|/	Cohab	Lagoa Encantada	R2	2022-04-11T00:00:00	Analise Visual Estrutural				0
2922	Sul	2022	Abril	2022-04-11T00:00:00	""	Monitoramento	Rua Manuel Buffone Pires, .[?	Cohab	Lagoa Encantada	R3	2022-04-11T00:00:00	Analise Visual Estrutural				0
2923	Sul	2022	Abril	2022-04-11T00:00:00	""	Monitoramento	Rua Manuel Buffone Pires, #$[	Cohab	Lagoa Encantada	R3	2022-04-11T00:00:00	Analise Visual Estrutural				0
2924	Sul	2022	Abril	2022-04-11T00:00:00	""	Monitoramento	Rua Manoel Buffone Pires, `=-[	Cohab	Lagoa Encantada	R3	2022-04-11T00:00:00	Analise Visual Estrutural				0
2925	Sul	2022	Abril	2022-04-11T00:00:00	""	Monitoramento	Rua Manoel Buffone Pires, ?_$.	Cohab	Lagoa Encantada	R3	2022-04-11T00:00:00	Analise Visual Estrutural				0
2926	Sul	2022	Abril	2022-04-11T00:00:00	""	Monitoramento	Rua Manoel Buffone Pires, >#'\	Cohab	Lagoa Encantada	R3	2022-04-11T00:00:00	Analise Visual Estrutural				0
2927	Sul	2022	Abril	2022-04-11T00:00:00	""	Monitoramento	Rua Manoel Buffone Pires, $!>=	Cohab	Lagoa Encantada	R3	2022-04-11T00:00:00	Analise Visual Estrutural				0
2928	Sul	2022	Abril	2022-04-11T00:00:00	""	Monitoramento	Rua Manoel Buffone Pires, @}>	Cohab	Lagoa Encantada	R3	2022-04-11T00:00:00	Analise Visual Estrutural				0
2929	Sul	2022	Abril	2022-04-11T00:00:00	""	Monitoramento	Rua Manoel Buffone Pires, 9<-%	Cohab	Lagoa Encantada	R3	2022-04-11T00:00:00	Analise Visual Estrutural				0
2930	Sul	2022	Abril	2022-04-11T00:00:00	""	Monitoramento	Rua Manoel Buffone Pires, %$<!	Cohab	Lagoa Encantada	R3	2022-04-11T00:00:00	Analise Visual Estrutural				0
2931	Sul	2022	Abril	2022-04-11T00:00:00	""	""	Rua Empresario Edson Queiroz, %$<!	Cohab	Lagoa Encantada	""	2022-04-11T00:00:00	Acoes de Porta-Porta				0
2932	Sul	2022	Abril	2022-04-11T00:00:00	""	Monitoramento	Rua Manoel Buffone Pires, .<^&	Cohab	Lagoa Encantada	R3	2022-04-11T00:00:00	Analise Visual Estrutural				0
2933	Sul	2022	Abril	2022-04-11T00:00:00	""	""	Rua Empresario Edson Queiroz, 9<-%	Cohab	Lagoa Encantada	""	2022-04-11T00:00:00	Acoes de Porta-Porta				0
2934	Sul	2022	Abril	2022-04-11T00:00:00	""	""	Rua Empresario Edson Queiroz, $!>=	Cohab	Lagoa Encantada	""	2022-04-11T00:00:00	Acoes de Porta-Porta				0
2935	Sul	2022	Abril	2022-04-11T00:00:00	""	""	Rua Manoel Buffone Pires, $!>=	Cohab	Lagoa Encantada	""	2022-04-11T00:00:00	Acoes de Porta-Porta				0
2936	Sul	2022	Abril	2022-04-11T00:00:00	""	""	Rua Manoel Buffone Pires, @}>	Cohab	Lagoa Encantada	""	2022-04-11T00:00:00	Acoes de Porta-Porta				0
2937	Sul	2022	Abril	2022-04-11T00:00:00	""	""	Rua Manoel Buffone Pires, 9<-%	Cohab	Lagoa Encantada	""	2022-04-11T00:00:00	Acoes de Porta-Porta				0
2938	Sul	2022	Abril	2022-04-11T00:00:00	""	""	Rua Manoel Buffone Pires, %$<!	Cohab	Lagoa Encantada	""	2022-04-11T00:00:00	Acoes de Porta-Porta				0
2939	Sul	2022	Abril	2022-04-11T00:00:00	""	""	Rua Manoel Buffone Pires, .<^&	Cohab	Lagoa Encantada	""	2022-04-11T00:00:00	Acoes de Porta-Porta				0
2940	Sul	2022	Abril	2022-04-11T00:00:00	""	""	Rua Manoel Buffone Pires, ^[{	Cohab	Lagoa Encantada	""	2022-04-11T00:00:00	Acoes de Porta-Porta				0
2941	Sul	2022	Abril	2022-04-11T00:00:00	""	""	Rua Manoel Buffone Pires, {})!	Cohab	Lagoa Encantada	""	2022-04-11T00:00:00	Acoes de Porta-Porta				0
2942	Sul	2022	Abril	2022-04-11T00:00:00	""	""	Rua Manoel Buffone Pires, #^>	Cohab	Lagoa Encantada	""	2022-04-11T00:00:00	Acoes de Porta-Porta				0
2943	Sul	2022	Abril	2022-04-11T00:00:00	""	""	Rua Manoel Buffone Pires, ~|}[	Cohab	Lagoa Encantada	""	2022-04-11T00:00:00	Acoes de Porta-Porta				0
2944	Sul	2022	Abril	2022-04-11T00:00:00	""	""	Rua Manoel Buffone Pires, /@9=	Cohab	Lagoa Encantada	""	2022-04-11T00:00:00	Acoes de Porta-Porta				0
2945	Sul	2022	Abril	2022-04-11T00:00:00	""	""	"Rua Manoel Buffone Pires, #""#~"	Cohab	Lagoa Encantada	""	2022-04-11T00:00:00	Acoes de Porta-Porta				0
2946	Sul	2022	Abril	2022-04-11T00:00:00	""	""	"Rua Manoel Buffone Pires, +?""]"	Cohab	Lagoa Encantada	""	2022-04-11T00:00:00	Acoes de Porta-Porta				0
2947	Sul	2022	Abril	2022-04-11T00:00:00	""	""	"Rua Manoel Buffone Pires, ""#*9"	Cohab	Lagoa Encantada	""	2022-04-11T00:00:00	Acoes de Porta-Porta				0
2948	Sul	2022	Abril	2022-04-11T00:00:00	""	""	Rua Manoel Buffone Pires, #_|/	Cohab	Lagoa Encantada	""	2022-04-11T00:00:00	Acoes de Porta-Porta				0
2949	Sul	2022	Abril	2022-04-11T00:00:00	""	""	Rua Empresario Edson Queiroz, .[?	Cohab	Lagoa Encantada	""	2022-04-11T00:00:00	Acoes de Porta-Porta				0
2950	Sul	2022	Abril	2022-04-11T00:00:00	""	""	Rua Empresario Edson Queiroz, #$[	Cohab	Lagoa Encantada	""	2022-04-11T00:00:00	Acoes de Porta-Porta				0
2951	Sul	2022	Abril	2022-04-11T00:00:00	""	""	Rua Empresario Edson Queiroz, `=-[	Cohab	Lagoa Encantada	""	2022-04-11T00:00:00	Acoes de Porta-Porta				0
2952	Sul	2022	Abril	2022-04-11T00:00:00	""	""	Rua Empresario Edson Queiroz, ?_$.	Cohab	Lagoa Encantada	""	2022-04-11T00:00:00	Acoes de Porta-Porta				0
2953	Sul	2022	Abril	2022-04-11T00:00:00	""	""	Rua Empresario Edson Queiroz, >#'\	Cohab	Lagoa Encantada	""	2022-04-11T00:00:00	Acoes de Porta-Porta				0
2954	Sul	2022	Abril	2022-04-11T00:00:00	""	""	Rua Empresario Edson Queiroz, @}>	Cohab	Lagoa Encantada	""	2022-04-11T00:00:00	Acoes de Porta-Porta				0
2955	Sul	2022	Abril	2022-04-11T00:00:00	""	""	Rua Manoel Buffone Pires, >#'\	Cohab	Lagoa Encantada	""	2022-04-11T00:00:00	Acoes de Porta-Porta				0
2956	Sul	2022	Abril	2022-04-11T00:00:00	""	Monitoramento	Rua Manoel Buffone Pires, ^[{	Cohab	Lagoa Encantada	R3	2022-04-11T00:00:00	Analise Visual Estrutural				0
2957	Sul	2022	Abril	2022-04-11T00:00:00	""	Monitoramento	Rua Manoel Buffone Pires, #^>	Cohab	Lagoa Encantada	R3	2022-04-11T00:00:00	Analise Visual Estrutural				0
2958	Sul	2022	Abril	2022-04-11T00:00:00	""	""	"Rua Ibicare, ""#*9"	Cohab	Lagoa Encantada	""	2022-04-11T00:00:00	Acoes Educativas				0
2959	Sul	2022	Abril	2022-04-11T00:00:00	""	VISTORIA	Rua Guriu, #_|/	Cohab	Tres Carneiros Baixo	""	2022-04-11T00:00:00	Analise Visual Estrutural				0
2960	Sul	2022	Abril	2022-04-11T00:00:00	""	VISTORIA	4ª Travessa Bom Destino, .[?	Cohab	Tres Carneiros Baixo	""	2022-04-11T00:00:00	Analise Visual Estrutural				0
2961	Sul	2022	Abril	2022-04-11T00:00:00	""	VISTORIA	4ª Travessa Bom Destino, #$[	Cohab	Tres Carneiros Baixo	""	2022-04-11T00:00:00	Analise Visual Estrutural				0
2962	Sul	2022	Abril	2022-04-11T00:00:00	""	""	Rua Soldado Paulo Tansini, `=-[	Cohab	Ur 04	""	2022-04-11T00:00:00	Atendimento Social				0
2963	Sul	2022	Abril	2022-04-11T00:00:00	""	VISTORIA	Rua Soldado Paulo Tansini, ?_$.	Cohab	Ur 04	""	2022-04-11T00:00:00	Analise Visual Estrutural				0
2964	Sul	2022	Abril	2022-04-11T00:00:00	""	""	Rua Mario Neves Batista, >#'\	Cohab	Lagoa Encantada	""	2022-04-11T00:00:00	Atendimento Social				0
2965	Sul	2022	Abril	2022-04-11T00:00:00	""	VISTORIA	Rua Mario Neves Batista, $!>=	Cohab	Lagoa Encantada	R3	2022-04-11T00:00:00	Analise Visual Estrutural				0
2966	Sul	2022	Abril	2022-04-11T00:00:00	""	""	Rua Mario Neves Batista, @}>	Cohab	Lagoa Encantada	""	2022-04-11T00:00:00	Atendimento Social				0
2967	Sul	2022	Abril	2022-04-11T00:00:00	""	VISTORIA	Rua Mario Neves Batista, 9<-%	Cohab	Lagoa Encantada	R3	2022-04-11T00:00:00	Analise Visual Estrutural				0
2968	Sul	2022	Abril	2022-04-11T00:00:00	""	""	Rua Luiz Rodolfo de Aaraujo, %$<!	Cohab	Ur 10	""	2022-04-11T00:00:00	Atendimento Social				0
2969	Sul	2022	Abril	2022-04-11T00:00:00	""	VISTORIA	Rua Luiz Rodolfo de Aaraujo, .<^&	Cohab	Ur 10	R3	2022-04-11T00:00:00	Analise Visual Estrutural				0
2970	Sul	2022	Abril	2022-04-11T00:00:00	""	""	Rua Ministro Dilson Funaro, ^[{	Jordao	Jordao Baixo	""	2022-04-11T00:00:00	Corte de Arvores				0
2971	Oeste	2022	Abril	2022-04-11T00:00:00	""	""	"Rua da Paz, #""#~"	Barro	Vila dos Milagres	""	2022-04-11T00:00:00	Atendimento Social				0
2972	Oeste	2022	Abril	2022-04-11T00:00:00	""	""	"Rua da Paz, +?""]"	Barro	Vila dos Milagres	""	2022-04-11T00:00:00	Atendimento Social				0
2973	Oeste	2022	Abril	2022-04-11T00:00:00	""	""	"Rua da Paz, ""#*9"	Barro	Vila dos Milagres	""	2022-04-11T00:00:00	Atendimento Social				0
2974	Oeste	2022	Abril	2022-04-11T00:00:00	""	""	Rua da Paz, #_|/	Barro	Vila dos Milagres	""	2022-04-11T00:00:00	Atendimento Social				0
2975	Oeste	2022	Abril	2022-04-11T00:00:00	""	""	Rua da Paz, .[?	Barro	Vila dos Milagres	""	2022-04-11T00:00:00	Atendimento Social				0
2976	Oeste	2022	Abril	2022-04-11T00:00:00	""	""	Rua Afonso Pena, #$[	Barro	Pantanal	""	2022-04-11T00:00:00	Atendimento Social				0
2977	Sul	2022	Abril	2022-04-11T00:00:00	""	""	"Rua Atalaia, +?""]"	Jordao	Jordao Alto	""	2022-04-11T00:00:00	Atendimento Social				0
2978	Sul	2022	Abril	2022-04-11T00:00:00	""	Monitoramento	Rua Manoel Buffone Pires, {})!	Cohab	Lagoa Encantada	R3	2022-04-11T00:00:00	Analise Visual Estrutural				0
2979	Sul	2022	Abril	2022-04-11T00:00:00	""	""	"Rua Mateira, #""#~"	Jordao	Jordao Alto	""	2022-04-11T00:00:00	Atendimento Social				0
2980	Sul	2022	Abril	2022-04-11T00:00:00	""	""	Rua Ibicare, ~|}[	Cohab	Lagoa Encantada	""	2022-04-11T00:00:00	Acoes Educativas				0
2981	Sul	2022	Abril	2022-04-11T00:00:00	""	Monitoramento	Rua Manoel Buffone Pires, ~|}[	Cohab	Lagoa Encantada	R3	2022-04-11T00:00:00	Analise Visual Estrutural				0
2982	Sul	2022	Abril	2022-04-11T00:00:00	""	Monitoramento	Rua Manoel Buffone Pires, /@9=	Cohab	Lagoa Encantada	R2	2022-04-11T00:00:00	Analise Visual Estrutural				0
2983	Sul	2022	Abril	2022-04-11T00:00:00	""	Monitoramento	"Rua Manoel Buffone Pires, #""#~"	Cohab	Lagoa Encantada	R2	2022-04-11T00:00:00	Analise Visual Estrutural				0
2984	Sul	2022	Abril	2022-04-11T00:00:00	""	Monitoramento	"Rua Manoel Buffone Pires, +?""]"	Cohab	Lagoa Encantada	R2	2022-04-11T00:00:00	Analise Visual Estrutural				0
2985	Sul	2022	Abril	2022-04-11T00:00:00	""	Monitoramento	"Rua Empresario Edson Queiroz, ""#*9"	Cohab	Lagoa Encantada	R2	2022-04-11T00:00:00	Analise Visual Estrutural				0
2986	Sul	2022	Abril	2022-04-11T00:00:00	""	Monitoramento	Rua Empresario Edson Queiroz, #_|/	Cohab	Lagoa Encantada	R2	2022-04-11T00:00:00	Analise Visual Estrutural				0
2987	Sul	2022	Abril	2022-04-11T00:00:00	""	Monitoramento	Rua Empresario Edson Queiroz, .[?	Cohab	Lagoa Encantada	R2	2022-04-11T00:00:00	Analise Visual Estrutural				0
2988	Sul	2022	Abril	2022-04-11T00:00:00	""	Monitoramento	Rua Empresario Edson Queiroz, #$[	Cohab	Lagoa Encantada	R2	2022-04-11T00:00:00	Analise Visual Estrutural				0
2989	Sul	2022	Abril	2022-04-11T00:00:00	""	Monitoramento	Rua Empresario Edson Queiroz, `=-[	Cohab	Lagoa Encantada	R2	2022-04-11T00:00:00	Analise Visual Estrutural				0
2990	Sul	2022	Abril	2022-04-11T00:00:00	""	Monitoramento	Rua Empresario Edson Queiroz, ?_$.	Cohab	Lagoa Encantada	R1	2022-04-11T00:00:00	Analise Visual Estrutural				0
2991	Sul	2022	Abril	2022-04-11T00:00:00	""	Monitoramento	Rua Empresario Edson Queiroz, >#'\	Cohab	Lagoa Encantada	R2	2022-04-11T00:00:00	Analise Visual Estrutural				0
2992	Sul	2022	Abril	2022-04-11T00:00:00	""	Monitoramento	Rua Empresario Edson Queiroz, $!>=	Cohab	Lagoa Encantada	R2	2022-04-11T00:00:00	Analise Visual Estrutural				0
2993	Sul	2022	Abril	2022-04-11T00:00:00	""	Monitoramento	Rua Empresario Edson Queiroz, @}>	Cohab	Lagoa Encantada	R2	2022-04-11T00:00:00	Analise Visual Estrutural				0
2994	Sul	2022	Abril	2022-04-11T00:00:00	""	""	Rua Serra Azul, 9<-%	Cohab	Ur 12	""	2022-04-11T00:00:00	Analise Visual Estrutural				0
2995	Sul	2022	Abril	2022-04-11T00:00:00	""	Monitoramento	Rua Serra Azul, %$<!	Cohab	Ur 12	""	2022-04-11T00:00:00	Analise Visual Estrutural				0
2996	Sul	2022	Abril	2022-04-11T00:00:00	""	""	Rua Serra da Prata, .<^&	Cohab	Ur 12	""	2022-04-11T00:00:00	Atendimento Social				0
2997	Sul	2022	Abril	2022-04-11T00:00:00	""	Monitoramento	Rua Serra da Prata, ^[{	Cohab	Ur 12	""	2022-04-11T00:00:00	Analise Visual Estrutural				0
2998	Sul	2022	Abril	2022-04-11T00:00:00	""	""	Rua Emilia, {})!	Cohab	Vila das Criancas	""	2022-04-11T00:00:00	Atendimento Social				0
2999	Sul	2022	Abril	2022-04-11T00:00:00	""	Monitoramento	Rua Emilia, #^>	Cohab	Vila das Criancas	""	2022-04-11T00:00:00	Analise Visual Estrutural				0
3000	Sul	2022	Abril	2022-04-11T00:00:00	""	""	Rua Prof. Arcelino Camara, /@9=	Jordao	Jordao Baixo	""	2022-04-11T00:00:00	Atendimento Social				0
3001	Sul	2022	Abril	2022-04-11T00:00:00	""	""	Rua Manuel Buffone Pires, ?_$.	Cohab	Lagoa Encantada	""	2022-04-11T00:00:00	Acoes de Porta-Porta				0
3002	Sul	2022	Abril	2022-04-11T00:00:00	""	""	Rua Manuel Buffone Pires, `=-[	Cohab	Lagoa Encantada	""	2022-04-11T00:00:00	Acoes de Porta-Porta				0
3003	Sul	2022	Abril	2022-04-11T00:00:00	""	""	Rua Manuel Buffone Pires, #$[	Cohab	Lagoa Encantada	""	2022-04-11T00:00:00	Acoes de Porta-Porta				0
3004	Sul	2022	Abril	2022-04-11T00:00:00	""	""	3ª Travessa Barra dos Coqueios, {})!	Jordao	Jordao Alto	""	2022-04-11T00:00:00	Acoes de Porta-Porta				0
3005	Sul	2022	Abril	2022-04-11T00:00:00	""	""	3ª Travessa Barra dos Coqueios, #^>	Jordao	Jordao Alto	""	2022-04-11T00:00:00	Acoes de Porta-Porta				0
3006	Sul	2022	Abril	2022-04-11T00:00:00	""	""	Rua Barra dos Coqueiros, ~|}[	Jordao	Jordao Alto	""	2022-04-11T00:00:00	Acoes de Porta-Porta				0
3007	Sul	2022	Abril	2022-04-11T00:00:00	""	Monitoramento	Rua Brejo da Cruz, /@9=	Jordao	Jordao Alto	R3	2022-04-11T00:00:00	Analise Visual Estrutural				0
3008	Sul	2022	Abril	2022-04-11T00:00:00	""	Monitoramento	"Rua Brejo da Cruz, #""#~"	Jordao	Jordao Alto	""	2022-04-11T00:00:00	Analise Visual Estrutural				0
3009	Sul	2022	Abril	2022-04-11T00:00:00	""	Monitoramento	"Rua Brejo da Cruz, +?""]"	Jordao	Jordao Alto	R2	2022-04-11T00:00:00	Analise Visual Estrutural				0
3010	Sul	2022	Abril	2022-04-11T00:00:00	""	Monitoramento	"Rua Brejo da Cruz, ""#*9"	Jordao	Jordao Alto	R3	2022-04-11T00:00:00	Analise Visual Estrutural				0
3011	Sul	2022	Abril	2022-04-11T00:00:00	""	Monitoramento	Rua Brejo da Cruz, #_|/	Jordao	Jordao Alto	R2	2022-04-11T00:00:00	Analise Visual Estrutural				0
3012	Sul	2022	Abril	2022-04-11T00:00:00	""	Monitoramento	Rua Brejo da Cruz, .[?	Jordao	Jordao Alto	R3	2022-04-11T00:00:00	Analise Visual Estrutural				0
3013	Sul	2022	Abril	2022-04-11T00:00:00	""	Monitoramento	Rua Brejo da Cruz, #$[	Jordao	Jordao Alto	R3	2022-04-11T00:00:00	Analise Visual Estrutural				0
3014	Sul	2022	Abril	2022-04-11T00:00:00	""	Monitoramento	Rua Brejo da Cruz, `=-[	Jordao	Jordao Alto	""	2022-04-11T00:00:00	Analise Visual Estrutural				0
3015	Sul	2022	Abril	2022-04-11T00:00:00	""	Monitoramento	Rua Brejo da Cruz, ?_$.	Jordao	Jordao Alto	R2	2022-04-11T00:00:00	Analise Visual Estrutural				0
3016	Sul	2022	Abril	2022-04-11T00:00:00	""	Monitoramento	Rua Brejo da Cruz, >#'\	Jordao	Jordao Alto	R3	2022-04-11T00:00:00	Analise Visual Estrutural				0
3017	Sul	2022	Abril	2022-04-11T00:00:00	""	Monitoramento	Rua Brejo da Cruz, $!>=	Jordao	Jordao Alto	R2	2022-04-11T00:00:00	Analise Visual Estrutural				0
3018	Sul	2022	Abril	2022-04-11T00:00:00	""	Monitoramento	Rua Brejo da Cruz, @}>	Jordao	Jordao Alto	R2	2022-04-11T00:00:00	Analise Visual Estrutural				0
3019	Sul	2022	Abril	2022-04-11T00:00:00	""	Monitoramento	Rua Brejo da Cruz, 9<-%	Jordao	Jordao Alto	R3	2022-04-11T00:00:00	Analise Visual Estrutural				0
3020	Sul	2022	Abril	2022-04-11T00:00:00	""	Monitoramento	Rua Brejo da Cruz, %$<!	Jordao	Jordao Alto	R3	2022-04-11T00:00:00	Analise Visual Estrutural				0
3021	Sul	2022	Abril	2022-04-11T00:00:00	""	Monitoramento	Rua Brejo da Cruz, .<^&	Jordao	Jordao Alto	R3	2022-04-11T00:00:00	Analise Visual Estrutural				0
3022	Sul	2022	Abril	2022-04-11T00:00:00	""	Monitoramento	Rua Brejo da Cruz, ^[{	Jordao	Jordao Alto	R3	2022-04-11T00:00:00	Analise Visual Estrutural				0
3023	Sul	2022	Abril	2022-04-11T00:00:00	""	""	3ª Travessa Barra dos Coqueios, ^[{	Jordao	Jordao Alto	""	2022-04-11T00:00:00	Acoes de Porta-Porta				0
3024	Sul	2022	Abril	2022-04-11T00:00:00	""	Monitoramento	Rua Brejo da Cruz, {})!	Jordao	Jordao Alto	R2	2022-04-11T00:00:00	Analise Visual Estrutural				0
3025	Sul	2022	Abril	2022-04-11T00:00:00	""	""	Rua Barra dos Coqueiros, .<^&	Jordao	Jordao Alto	""	2022-04-11T00:00:00	Acoes de Porta-Porta				0
3026	Sul	2022	Abril	2022-04-11T00:00:00	""	""	Rua Barra dos Coqueiros, 9<-%	Jordao	Jordao Alto	""	2022-04-11T00:00:00	Acoes de Porta-Porta				0
3027	Sul	2022	Abril	2022-04-11T00:00:00	""	""	Rua Petrolandia, %$<!	Jordao	Jordao Alto	""	2022-04-11T00:00:00	Acoes de Porta-Porta				0
3028	Sul	2022	Abril	2022-04-11T00:00:00	""	""	Rua Petrolandia, .<^&	Jordao	Jordao Alto	""	2022-04-11T00:00:00	Acoes de Porta-Porta				0
3029	Sul	2022	Abril	2022-04-11T00:00:00	""	""	Rua Brejo da Cruz, ^[{	Jordao	Jordao Alto	""	2022-04-11T00:00:00	Acoes de Porta-Porta				0
3030	Sul	2022	Abril	2022-04-11T00:00:00	""	""	Rua Brejo da Cruz, {})!	Jordao	Jordao Alto	""	2022-04-11T00:00:00	Acoes de Porta-Porta				0
3031	Sul	2022	Abril	2022-04-11T00:00:00	""	""	Rua Barra dos Coquiros, #^>	Jordao	Jordao Alto	""	2022-04-11T00:00:00	Acoes de Porta-Porta				0
3032	Sul	2022	Abril	2022-04-11T00:00:00	""	""	Rua Barra dos Coquiros, ~|}[	Jordao	Jordao Alto	""	2022-04-11T00:00:00	Acoes de Porta-Porta				0
3033	Noroeste	2022	Abril	2022-04-08T00:00:00	""	Monitoramento	"4ª Subida do Comissario, +?""]"	Nova Descoberta	Corrego da Joselia	R3	2022-04-08T00:00:00	Mapeamento de Area de Risco				0
3034	Sul	2022	Abril	2022-04-11T00:00:00	""	""	Rua Barra dos Coquiros, /@9=	Jordao	Jordao Alto	""	2022-04-11T00:00:00	Acoes de Porta-Porta				0
3035	Sul	2022	Abril	2022-04-11T00:00:00	""	""	"Rua Barra dos Coqueiros, #""#~"	Jordao	Jordao Alto	""	2022-04-11T00:00:00	Acoes de Porta-Porta				0
3036	Sul	2022	Abril	2022-04-11T00:00:00	""	""	"Rua Barra dos Coqueiros, +?""]"	Jordao	Jordao Alto	""	2022-04-11T00:00:00	Acoes de Porta-Porta				0
3037	Sul	2022	Abril	2022-04-11T00:00:00	""	""	"1ª Travessa Barra dos Coqueiros, ""#*9"	Jordao	Jordao Alto	""	2022-04-11T00:00:00	Acoes de Porta-Porta				0
3038	Sul	2022	Abril	2022-04-11T00:00:00	""	""	1ª Travessa Barra dos Coqueiros, #_|/	Jordao	Jordao Alto	""	2022-04-11T00:00:00	Acoes de Porta-Porta				0
3039	Sul	2022	Abril	2022-04-11T00:00:00	""	""	Rua Barra dos Coqueiros, .[?	Jordao	Jordao Alto	""	2022-04-11T00:00:00	Acoes de Porta-Porta				0
3040	Sul	2022	Abril	2022-04-11T00:00:00	""	""	Rua Barra dos Coqueiros, #$[	Jordao	Jordao Alto	""	2022-04-11T00:00:00	Acoes de Porta-Porta				0
3041	Sul	2022	Abril	2022-04-11T00:00:00	""	""	Rua Barra dos Coqueiros, `=-[	Jordao	Jordao Alto	""	2022-04-11T00:00:00	Acoes de Porta-Porta				0
3042	Sul	2022	Abril	2022-04-11T00:00:00	""	""	Rua Barra dos Coqueiros, ?_$.	Jordao	Jordao Alto	""	2022-04-11T00:00:00	Acoes de Porta-Porta				0
3043	Sul	2022	Abril	2022-04-11T00:00:00	""	""	Rua Barra dos Coqueiros, >#'\	Jordao	Jordao Alto	""	2022-04-11T00:00:00	Acoes de Porta-Porta				0
3044	Sul	2022	Abril	2022-04-11T00:00:00	""	""	Rua Barra dos Coqueiros, $!>=	Jordao	Jordao Alto	""	2022-04-11T00:00:00	Acoes de Porta-Porta				0
3045	Sul	2022	Abril	2022-04-11T00:00:00	""	""	Rua Barra dos Coqueiros, @}>	Jordao	Jordao Alto	""	2022-04-11T00:00:00	Acoes de Porta-Porta				0
3046	Sul	2022	Abril	2022-04-11T00:00:00	""	""	Rua Barra dos Coqueiros, %$<!	Jordao	Jordao Alto	""	2022-04-11T00:00:00	Acoes de Porta-Porta				0
3047	Sul	2022	Abril	2022-04-11T00:00:00	""	Monitoramento	Rua Brejo da Cruz, #^>	Jordao	Jordao Alto	R2	2022-04-11T00:00:00	Analise Visual Estrutural				0
3048	Sul	2022	Abril	2022-04-11T00:00:00	""	Monitoramento	Rua Brejo da Cruz, ~|}[	Jordao	Jordao Alto	R3	2022-04-11T00:00:00	Analise Visual Estrutural				0
3049	Sul	2022	Abril	2022-04-11T00:00:00	""	Monitoramento	Rua Brejo da Cruz, /@9=	Jordao	Jordao Alto	R2	2022-04-11T00:00:00	Analise Visual Estrutural				0
3050	Sul	2022	Abril	2022-04-11T00:00:00	""	Monitoramento	Rua Petrolandia, #$[	Jordao	Jordao Alto	R3	2022-04-11T00:00:00	Analise Visual Estrutural				0
3051	Sul	2022	Abril	2022-04-11T00:00:00	""	Monitoramento	Rua Petrolandia, `=-[	Jordao	Jordao Alto	R3	2022-04-11T00:00:00	Analise Visual Estrutural				0
3052	Sul	2022	Abril	2022-04-11T00:00:00	""	Monitoramento	Rua Petrolandia, ?_$.	Jordao	Jordao Alto	R3	2022-04-11T00:00:00	Analise Visual Estrutural				0
3053	Sul	2022	Abril	2022-04-11T00:00:00	""	Monitoramento	Rua Petrolandia, >#'\	Jordao	Jordao Alto	R3	2022-04-11T00:00:00	Analise Visual Estrutural				0
3054	Sul	2022	Abril	2022-04-11T00:00:00	""	Monitoramento	Rua Petrolandia, $!>=	Jordao	Jordao Alto	R3	2022-04-11T00:00:00	Analise Visual Estrutural				0
3055	Sul	2022	Abril	2022-04-11T00:00:00	""	Monitoramento	Rua Petrolandia, @}>	Jordao	Jordao Alto	R3	2022-04-11T00:00:00	Analise Visual Estrutural				0
3056	Sul	2022	Abril	2022-04-11T00:00:00	""	Monitoramento	Rua Petrolandia, 9<-%	Jordao	Jordao Alto	R3	2022-04-11T00:00:00	Analise Visual Estrutural				0
3057	Sul	2022	Abril	2022-04-11T00:00:00	""	Monitoramento	Rua Petrolandia, %$<!	Jordao	Jordao Alto	R3	2022-04-11T00:00:00	Analise Visual Estrutural				0
3058	Sul	2022	Abril	2022-04-11T00:00:00	""	Monitoramento	Rua Petrolandia, .<^&	Jordao	Jordao Alto	R3	2022-04-11T00:00:00	Analise Visual Estrutural				0
3059	Sul	2022	Abril	2022-04-11T00:00:00	""	Monitoramento	Rua Petrolandia, ^[{	Jordao	Jordao Alto	R3	2022-04-11T00:00:00	Analise Visual Estrutural				0
3060	Sul	2022	Abril	2022-04-11T00:00:00	""	""	Rua Manuel Buffone Pires, {})!	Cohab	Lagoa Encantada	""	2022-04-11T00:00:00	Acoes de Porta-Porta				0
3061	Sul	2022	Abril	2022-04-11T00:00:00	""	""	Rua Manuel Buffone Pires, #^>	Cohab	Lagoa Encantada	""	2022-04-11T00:00:00	Acoes de Porta-Porta				0
3062	Sul	2022	Abril	2022-04-11T00:00:00	""	""	Rua Manuel Buffone Pires, ~|}[	Cohab	Lagoa Encantada	""	2022-04-11T00:00:00	Acoes de Porta-Porta				0
3063	Sul	2022	Abril	2022-04-11T00:00:00	""	""	Rua Manuel Buffone Pires, /@9=	Cohab	Lagoa Encantada	""	2022-04-11T00:00:00	Acoes de Porta-Porta				0
3064	Sul	2022	Abril	2022-04-11T00:00:00	""	""	"Rua Manuel Buffone Pires, #""#~"	Cohab	Lagoa Encantada	""	2022-04-11T00:00:00	Acoes de Porta-Porta				0
3065	Sul	2022	Abril	2022-04-11T00:00:00	""	""	"Rua Manuel Buffone Pires, +?""]"	Cohab	Lagoa Encantada	""	2022-04-11T00:00:00	Acoes de Porta-Porta				0
3066	Sul	2022	Abril	2022-04-11T00:00:00	""	""	"Rua Manuel Buffone Pires, ""#*9"	Cohab	Lagoa Encantada	""	2022-04-11T00:00:00	Acoes de Porta-Porta				0
3067	Sul	2022	Abril	2022-04-11T00:00:00	""	""	Rua Manuel Buffone Pires, #_|/	Cohab	Lagoa Encantada	""	2022-04-11T00:00:00	Acoes de Porta-Porta				0
3068	Sul	2022	Abril	2022-04-11T00:00:00	""	""	Rua Manuel Buffone Pires, .[?	Cohab	Lagoa Encantada	""	2022-04-11T00:00:00	Acoes de Porta-Porta				0
3069	Sul	2022	Abril	2022-04-11T00:00:00	""	Monitoramento	Rua Petrolandia, .[?	Jordao	Jordao Alto	R3	2022-04-11T00:00:00	Analise Visual Estrutural				0
3070	Sul	2022	Abril	2022-04-11T00:00:00	""	Monitoramento	Rua Petrolandia, #_|/	Jordao	Jordao Alto	R3	2022-04-11T00:00:00	Analise Visual Estrutural				0
3071	Sul	2022	Abril	2022-04-11T00:00:00	""	Monitoramento	"Rua Barra dos Coqueiros, ""#*9"	Jordao	Jordao Alto	R3	2022-04-11T00:00:00	Analise Visual Estrutural				0
3072	Sul	2022	Abril	2022-04-11T00:00:00	""	Monitoramento	"3ª Travessa Barra dos Coqueios, +?""]"	Jordao	Jordao Alto	R3	2022-04-11T00:00:00	Analise Visual Estrutural				0
3073	Sul	2022	Abril	2022-04-11T00:00:00	""	Monitoramento	"Rua Brejo da Cruz, #""#~"	Jordao	Jordao Alto	R2	2022-04-11T00:00:00	Analise Visual Estrutural				0
3074	Sul	2022	Abril	2022-04-11T00:00:00	""	Monitoramento	"Rua Barra dos Coquiros, +?""]"	Jordao	Jordao Alto	R3	2022-04-11T00:00:00	Analise Visual Estrutural				0
3075	Sul	2022	Abril	2022-04-11T00:00:00	""	Monitoramento	"Rua Barra dos Coquiros, ""#*9"	Jordao	Jordao Alto	R3	2022-04-11T00:00:00	Analise Visual Estrutural				0
3076	Sul	2022	Abril	2022-04-11T00:00:00	""	Monitoramento	Rua Barra dos Coquiros, #_|/	Jordao	Jordao Alto	R3	2022-04-11T00:00:00	Analise Visual Estrutural				0
3077	Sul	2022	Abril	2022-04-11T00:00:00	""	Monitoramento	Rua Barra dos Coqueiros, .[?	Jordao	Jordao Alto	R3	2022-04-11T00:00:00	Analise Visual Estrutural				0
3078	Sul	2022	Abril	2022-04-11T00:00:00	""	Monitoramento	Rua Barra dos Coqueiros, #$[	Jordao	Jordao Alto	R3	2022-04-11T00:00:00	Analise Visual Estrutural				0
3079	Sul	2022	Abril	2022-04-11T00:00:00	""	Monitoramento	1ª Travessa Barra dos Coqueiros, `=-[	Jordao	Jordao Alto	R3	2022-04-11T00:00:00	Analise Visual Estrutural				0
3080	Sul	2022	Abril	2022-04-11T00:00:00	""	Monitoramento	1ª Travessa Barra dos Coqueiros, ?_$.	Jordao	Jordao Alto	R3	2022-04-11T00:00:00	Analise Visual Estrutural				0
3081	Sul	2022	Abril	2022-04-11T00:00:00	""	Monitoramento	Rua Barra dos Coqueiros, >#'\	Jordao	Jordao Alto	R3	2022-04-11T00:00:00	Analise Visual Estrutural				0
3082	Norte	2022	Abril	2022-04-12T00:00:00	""	Monitoramento	Rua Vertentes do Lerio, ~|}[	Dois Unidos	Alto do Rosario	R1	2022-04-12T00:00:00	""				0
3083	Sul	2022	Abril	2022-04-11T00:00:00	""	Monitoramento	Rua Barra dos Coqueiros, $!>=	Jordao	Jordao Alto	R3	2022-04-11T00:00:00	Analise Visual Estrutural				0
3084	Sul	2022	Abril	2022-04-11T00:00:00	""	Monitoramento	Rua Barra dos Coqueiros, 9<-%	Jordao	Jordao Alto	R3	2022-04-11T00:00:00	Analise Visual Estrutural				0
3085	Sul	2022	Abril	2022-04-11T00:00:00	""	Monitoramento	Rua Barra dos Coqueiros, %$<!	Jordao	Jordao Alto	R3	2022-04-11T00:00:00	Analise Visual Estrutural				0
3086	Sul	2022	Abril	2022-04-11T00:00:00	""	Monitoramento	Rua Barra dos Coqueiros, .<^&	Jordao	Jordao Alto	R3	2022-04-11T00:00:00	Analise Visual Estrutural				0
3087	Sul	2022	Abril	2022-04-11T00:00:00	""	Monitoramento	Rua Barra dos Coqueiros, ^[{	Jordao	Jordao Alto	R3	2022-04-11T00:00:00	Analise Visual Estrutural				0
3088	Sul	2022	Abril	2022-04-11T00:00:00	""	Monitoramento	Rua Barra dos Coqueiros, {})!	Jordao	Jordao Alto	R3	2022-04-11T00:00:00	Analise Visual Estrutural				0
3089	Sul	2022	Abril	2022-04-11T00:00:00	""	Monitoramento	Rua Barra dos Coqueiros, #^>	Jordao	Jordao Alto	R3	2022-04-11T00:00:00	Analise Visual Estrutural				0
3090	Sul	2022	Abril	2022-04-11T00:00:00	""	Monitoramento	Rua Barra dos Coqueiros, ~|}[	Jordao	Jordao Alto	R3	2022-04-11T00:00:00	Analise Visual Estrutural				0
3091	Sul	2022	Abril	2022-04-11T00:00:00	""	Monitoramento	3ª Travessa Barra dos Coqueios, /@9=	Jordao	Jordao Alto	R3	2022-04-11T00:00:00	Analise Visual Estrutural				0
3092	Sul	2022	Abril	2022-04-11T00:00:00	""	Monitoramento	"3ª Travessa Barra dos Coqueios, #""#~"	Jordao	Jordao Alto	R3	2022-04-11T00:00:00	Analise Visual Estrutural				0
3093	Sul	2022	Abril	2022-04-11T00:00:00	""	Monitoramento	Rua Barra dos Coqueiros, @}>	Jordao	Jordao Alto	R3	2022-04-11T00:00:00	Analise Visual Estrutural				0
3094	Sul	2022	Abril	2022-04-12T00:00:00	""	Monitoramento	"Rua Brejo da Cruz, ""#*9"	Ibura	Alto da Esperanca	R2	2022-04-12T00:00:00	Analise Visual Estrutural				0
3095	Norte	2022	Abril	2022-04-12T00:00:00	""	Monitoramento	Rua Vertentes do Lerio, #^>	Dois Unidos	Alto do Rosario	R1	2022-04-12T00:00:00	""				0
3096	Norte	2022	Abril	2022-04-12T00:00:00	""	Monitoramento	Rua Vertentes do Lerio, ^[{	Dois Unidos	Alto do Rosario	R2	2022-04-12T00:00:00	""				0
3097	Oeste	2022	Abril	2022-04-12T00:00:00	""	""	Rua Vale do Jaguaribe, >#'\	Varzea	Brega e Chique	""	2022-04-12T00:00:00	Acoes de Porta-Porta				0
3098	Oeste	2022	Abril	2022-04-12T00:00:00	""	""	Rua Vale do Jaguaribe, $!>=	Varzea	Brega e Chique	""	2022-04-12T00:00:00	Acoes de Porta-Porta				0
3099	Oeste	2022	Abril	2022-04-12T00:00:00	""	""	Rua Vale do Jaguaribe, @}>	Varzea	Brega e Chique	""	2022-04-12T00:00:00	Acoes de Porta-Porta				0
3100	Oeste	2022	Abril	2022-04-12T00:00:00	""	""	Rua Vale do Jaguaribe, 9<-%	Varzea	Brega e Chique	""	2022-04-12T00:00:00	Acoes de Porta-Porta				0
3101	Oeste	2022	Abril	2022-04-12T00:00:00	""	""	Rua Vale do Jaguaribe, %$<!	Varzea	Brega e Chique	""	2022-04-12T00:00:00	Acoes de Porta-Porta				0
3102	Oeste	2022	Abril	2022-04-12T00:00:00	""	""	Rua Vale do Jaguaribe, .<^&	Varzea	Brega e Chique	""	2022-04-12T00:00:00	Acoes de Porta-Porta				0
3103	Oeste	2022	Abril	2022-04-12T00:00:00	""	Monitoramento	Rua Vale do Jaguaribe, ^[{	Varzea	Brega e Chique	R1	2022-04-12T00:00:00	Mapeamento de Area de Risco				0
3104	Oeste	2022	Abril	2022-04-12T00:00:00	""	Monitoramento	Rua Vale do Jaguaribe, {})!	Varzea	Brega e Chique	R1	2022-04-12T00:00:00	Mapeamento de Area de Risco				0
3105	Oeste	2022	Abril	2022-04-12T00:00:00	""	Monitoramento	Rua Vale do Jaguaribe, #^>	Varzea	Brega e Chique	R1	2022-04-12T00:00:00	Mapeamento de Area de Risco				0
3106	Oeste	2022	Abril	2022-04-12T00:00:00	""	Monitoramento	Rua Vale do Jaguaribe, ~|}[	Varzea	Brega e Chique	R1	2022-04-12T00:00:00	Mapeamento de Area de Risco				0
3107	Oeste	2022	Abril	2022-04-12T00:00:00	""	Monitoramento	Rua Vale do Jaguaribe, /@9=	Varzea	Brega e Chique	R1	2022-04-12T00:00:00	Mapeamento de Area de Risco				0
3108	Oeste	2022	Abril	2022-04-12T00:00:00	""	Monitoramento	"Rua Vale do Jaguaribe, #""#~"	Varzea	Brega e Chique	R1	2022-04-12T00:00:00	Mapeamento de Area de Risco				0
3109	Oeste	2022	Abril	2022-04-12T00:00:00	""	Monitoramento	"Rua Vale do Jaguaribe, +?""]"	Varzea	Brega e Chique	R1	2022-04-12T00:00:00	Mapeamento de Area de Risco				0
3110	Oeste	2022	Abril	2022-04-12T00:00:00	""	Monitoramento	"Rua Vale do Jaguaribe, ""#*9"	Varzea	Brega e Chique	R1	2022-04-12T00:00:00	Mapeamento de Area de Risco				0
3111	Oeste	2022	Abril	2022-04-12T00:00:00	""	Monitoramento	Rua Vale do Jaguaribe, #_|/	Varzea	Brega e Chique	R1	2022-04-12T00:00:00	Mapeamento de Area de Risco				0
3112	Oeste	2022	Abril	2022-04-12T00:00:00	""	Monitoramento	Rua Vale do Jaguaribe, .[?	Varzea	Brega e Chique	R1	2022-04-12T00:00:00	Mapeamento de Area de Risco				0
3113	Oeste	2022	Abril	2022-04-12T00:00:00	""	Monitoramento	Rua Vale do Jaguaribe, #$[	Varzea	Brega e Chique	R1	2022-04-12T00:00:00	Mapeamento de Area de Risco				0
3114	Oeste	2022	Abril	2022-04-12T00:00:00	""	Monitoramento	Rua Vale do Jaguaribe, `=-[	Varzea	Brega e Chique	R1	2022-04-12T00:00:00	Mapeamento de Area de Risco				0
3115	Oeste	2022	Abril	2022-04-12T00:00:00	""	Monitoramento	Rua Vale do Jaguaribe, ?_$.	Varzea	Brega e Chique	R1	2022-04-12T00:00:00	Mapeamento de Area de Risco				0
3116	Oeste	2022	Abril	2022-04-12T00:00:00	""	""	Rua Vale do Jaguaribe, ?_$.	Varzea	Brega e Chique	""	2022-04-12T00:00:00	Acoes de Porta-Porta				0
3117	Oeste	2022	Abril	2022-04-12T00:00:00	""	Monitoramento	Rua Vale do Jaguaribe, >#'\	Varzea	Brega e Chique	R1	2022-04-12T00:00:00	Mapeamento de Area de Risco				0
3118	Oeste	2022	Abril	2022-04-12T00:00:00	""	""	Rua Vale do Jaguaribe, `=-[	Varzea	Brega e Chique	""	2022-04-12T00:00:00	Acoes de Porta-Porta				0
3119	Oeste	2022	Abril	2022-04-12T00:00:00	""	""	Rua Vale do Jaguaribe, .[?	Varzea	Brega e Chique	""	2022-04-12T00:00:00	Acoes de Porta-Porta				0
3120	Sul	2022	Abril	2022-04-12T00:00:00	""	""	"6ª Travessa Rua Batalha, +?""]"	Jordao 	Jordao Alto	""	2022-04-12T00:00:00	Atendimento Social				0
3121	Sul	2022	Abril	2022-04-12T00:00:00	""	VISTORIA	"6ª Travessa Rua Batalha, ""#*9"	Jordao 	Jordao Alto	R3	2022-04-12T00:00:00	Analise Visual Estrutural				0
3122	Sul	2022	Abril	2022-04-12T00:00:00	""	VISTORIA	Rua Atalaia, #_|/	Jordao 	Jordao Alto	R3	2022-04-12T00:00:00	Analise Visual Estrutural				0
3123	Sul	2022	Abril	2022-04-12T00:00:00	""	""	Avenida Governador Torres Galvao, .[?	Jordao 	Jordao Alto	""	2022-04-12T00:00:00	Atendimento Social				0
3124	Sul	2022	Abril	2022-04-12T00:00:00	""	VISTORIA	Avenida Governador Torres Galvao, #$[	Jordao 	Jordao Alto	R3	2022-04-12T00:00:00	Analise Visual Estrutural				0
3125	Sul	2022	Abril	2022-04-12T00:00:00	""	VISTORIA	1ª Travessa Joao Bispo, `=-[	Jordao 	Jordao Alto	R3	2022-04-12T00:00:00	Analise Visual Estrutural				0
3126	Sul	2022	Abril	2022-04-12T00:00:00	""	""	Rua Coronel Manuel Alves de Queiroz, ?_$.	Cohab	Ur 10	""	2022-04-12T00:00:00	Remocao de Entulhos				0
3127	Sul	2022	Abril	2022-04-12T00:00:00	""	""	Rua Coronel Manuel Alves de Queiroz, >#'\	Cohab	Ur 10	""	2022-04-12T00:00:00	Corte de Arvores				0
3128	Sul	2022	Abril	2022-04-12T00:00:00	""	""	Rua Coronel Manuel Alves de Queiroz, $!>=	Cohab	Ur 10	""	2022-04-12T00:00:00	Corte de Arvores				0
3129	Oeste	2022	Abril	2022-04-12T00:00:00	""	""	Rua Vale do Jaguaribe, .<^&	Varzea	Brega e Chique	""	2022-04-12T00:00:00	Acoes de Porta-Porta				0
3130	Oeste	2022	Abril	2022-04-12T00:00:00	""	""	Rua Vale do Jaguaribe, ^[{	Varzea	Brega e Chique	""	2022-04-12T00:00:00	Acoes de Porta-Porta				0
3131	Oeste	2022	Abril	2022-04-12T00:00:00	""	""	Rua Vale do Jaguaribe, {})!	Varzea	Brega e Chique	""	2022-04-12T00:00:00	Acoes de Porta-Porta				0
3132	Oeste	2022	Abril	2022-04-12T00:00:00	""	""	Rua Vale do Jaguaribe, #^>	Varzea	Brega e Chique	""	2022-04-12T00:00:00	Acoes de Porta-Porta				0
3133	Oeste	2022	Abril	2022-04-12T00:00:00	""	""	Rua Vale do Jaguaribe, ~|}[	Varzea	Brega e Chique	""	2022-04-12T00:00:00	Acoes de Porta-Porta				0
3134	Oeste	2022	Abril	2022-04-12T00:00:00	""	""	Rua Vale do Jaguaribe, /@9=	Varzea	Brega e Chique	""	2022-04-12T00:00:00	Acoes de Porta-Porta				0
3135	Oeste	2022	Abril	2022-04-12T00:00:00	""	""	"Rua Vale do Jaguaribe, #""#~"	Varzea	Brega e Chique	""	2022-04-12T00:00:00	Acoes de Porta-Porta				0
3136	Oeste	2022	Abril	2022-04-12T00:00:00	""	""	"Rua Vale do Jaguaribe, +?""]"	Varzea	Brega e Chique	""	2022-04-12T00:00:00	Acoes de Porta-Porta				0
3137	Oeste	2022	Abril	2022-04-12T00:00:00	""	""	"Rua Vale do Jaguaribe, ""#*9"	Varzea	Brega e Chique	""	2022-04-12T00:00:00	Acoes de Porta-Porta				0
3138	Oeste	2022	Abril	2022-04-12T00:00:00	""	""	Rua Vale do Jaguaribe, #_|/	Varzea	Brega e Chique	""	2022-04-12T00:00:00	Acoes de Porta-Porta				0
3139	Oeste	2022	Abril	2022-04-12T00:00:00	""	""	Rua Vale do Jaguaribe, #$[	Varzea	Brega e Chique	""	2022-04-12T00:00:00	Acoes de Porta-Porta				0
3140	Sul	2022	Abril	2022-04-12T00:00:00	""	Monitoramento	"Rua Carfanaum, #""#~"	Jordao 	Jordao Baixo	""	2022-04-12T00:00:00	Analise Visual Estrutural				0
3141	Oeste	2022	Abril	2022-04-12T00:00:00	""	Monitoramento	Rua Vale do Jaguaribe, $!>=	Varzea	Brega e Chique	R1	2022-04-12T00:00:00	Mapeamento de Area de Risco				0
3142	Oeste	2022	Abril	2022-04-12T00:00:00	""	Monitoramento	Rua Vale do Jaguaribe, 9<-%	Varzea	Brega e Chique	R1	2022-04-12T00:00:00	Mapeamento de Area de Risco				0
3143	Oeste	2022	Abril	2022-04-12T00:00:00	""	Monitoramento	Rua Caxambu, #^>	Cohab	Jardim Monte Verde	R2	2022-04-12T00:00:00	Mapeamento de Area de Risco				0
3144	Oeste	2022	Abril	2022-04-12T00:00:00	""	Monitoramento	Rua Monte Pascoal, ~|}[	Cohab	Jardim Monte Verde	R3	2022-04-12T00:00:00	Mapeamento de Area de Risco				0
3145	Oeste	2022	Abril	2022-04-12T00:00:00	""	Monitoramento	Rua Monte Pascoal, /@9=	Cohab	Jardim Monte Verde	R3	2022-04-12T00:00:00	Mapeamento de Area de Risco				0
3146	Oeste	2022	Abril	2022-04-12T00:00:00	""	Monitoramento	"Rua Monte Pascoal, #""#~"	Cohab	Jardim Monte Verde	R3	2022-04-12T00:00:00	Mapeamento de Area de Risco				0
3147	Oeste	2022	Abril	2022-04-12T00:00:00	""	""	"Rua Vale do Jaguaribe, +?""]"	Varzea	Brega e Chique	""	2022-04-12T00:00:00	Acoes de Porta-Porta				0
3148	Oeste	2022	Abril	2022-04-12T00:00:00	""	""	"Rua Vale do Jaguaribe, ""#*9"	Varzea	Brega e Chique	""	2022-04-12T00:00:00	Acoes de Porta-Porta				0
3149	Oeste	2022	Abril	2022-04-12T00:00:00	""	""	Rua Vale do Jaguaribe, #_|/	Varzea	Brega e Chique	""	2022-04-12T00:00:00	Acoes de Porta-Porta				0
3150	Oeste	2022	Abril	2022-04-12T00:00:00	""	""	Rua Vale do Jaguaribe, .[?	Varzea	Brega e Chique	""	2022-04-12T00:00:00	Acoes de Porta-Porta				0
3151	Oeste	2022	Abril	2022-04-12T00:00:00	""	""	Rua Vale do Jaguaribe, #$[	Varzea	Brega e Chique	""	2022-04-12T00:00:00	Acoes de Porta-Porta				0
3152	Oeste	2022	Abril	2022-04-12T00:00:00	""	""	Rua Vale do Jaguaribe, `=-[	Varzea	Brega e Chique	""	2022-04-12T00:00:00	Acoes de Porta-Porta				0
3153	Oeste	2022	Abril	2022-04-12T00:00:00	""	""	Rua Vale do Jaguaribe, ?_$.	Varzea	Brega e Chique	""	2022-04-12T00:00:00	Acoes de Porta-Porta				0
3154	Oeste	2022	Abril	2022-04-12T00:00:00	""	""	Rua Vale do Jaguaribe, >#'\	Varzea	Brega e Chique	""	2022-04-12T00:00:00	Acoes de Porta-Porta				0
3155	Oeste	2022	Abril	2022-04-12T00:00:00	""	""	Rua Vale do Jaguaribe, $!>=	Varzea	Brega e Chique	""	2022-04-12T00:00:00	Acoes de Porta-Porta				0
3156	Oeste	2022	Abril	2022-04-12T00:00:00	""	""	Rua Vale do Jaguaribe, @}>	Varzea	Brega e Chique	""	2022-04-12T00:00:00	Acoes de Porta-Porta				0
3157	Oeste	2022	Abril	2022-04-12T00:00:00	""	""	Rua Vale do Jaguaribe, 9<-%	Varzea	Brega e Chique	""	2022-04-12T00:00:00	Acoes de Porta-Porta				0
3158	Oeste	2022	Abril	2022-04-12T00:00:00	""	""	Rua Vale do Jaguaribe, %$<!	Varzea	Brega e Chique	""	2022-04-12T00:00:00	Acoes de Porta-Porta				0
3159	Oeste	2022	Abril	2022-04-12T00:00:00	""	""	Rua Vale do Jaguaribe, .<^&	Varzea	Brega e Chique	""	2022-04-12T00:00:00	Acoes de Porta-Porta				0
3160	Oeste	2022	Abril	2022-04-12T00:00:00	""	""	Rua Vale do Jaguaribe, ^[{	Varzea	Brega e Chique	""	2022-04-12T00:00:00	Acoes de Porta-Porta				0
3161	Oeste	2022	Abril	2022-04-12T00:00:00	""	""	Rua Vale do Jaguaribe, {})!	Varzea	Brega e Chique	""	2022-04-12T00:00:00	Acoes de Porta-Porta				0
3162	Oeste	2022	Abril	2022-04-12T00:00:00	""	Monitoramento	Rua Caxambu, {})!	Cohab	Jardim Monte Verde	R2	2022-04-12T00:00:00	Mapeamento de Area de Risco				0
3163	Oeste	2022	Abril	2022-04-12T00:00:00	""	Monitoramento	Rua Vale do Jaguaribe, @}>	Varzea	Brega e Chique	R1	2022-04-12T00:00:00	Mapeamento de Area de Risco				0
3164	Oeste	2022	Abril	2022-04-12T00:00:00	""	Monitoramento	Rua Caxambu, ^[{	Cohab	Jardim Monte Verde	R2	2022-04-12T00:00:00	Mapeamento de Area de Risco				0
3165	Oeste	2022	Abril	2022-04-12T00:00:00	""	Monitoramento	Rua Caxambu, %$<!	Cohab	Jardim Monte Verde	R3	2022-04-12T00:00:00	Mapeamento de Area de Risco				0
3166	Oeste	2022	Abril	2022-04-12T00:00:00	""	Monitoramento	Rua Vale do Jaguaribe, %$<!	Varzea	Brega e Chique	R1	2022-04-12T00:00:00	Mapeamento de Area de Risco				0
3167	Oeste	2022	Abril	2022-04-12T00:00:00	""	Monitoramento	Rua Vale do Jaguaribe, .<^&	Varzea	Brega e Chique	R1	2022-04-12T00:00:00	Mapeamento de Area de Risco				0
3168	Oeste	2022	Abril	2022-04-12T00:00:00	""	Monitoramento	Rua Vale do Jaguaribe, ^[{	Varzea	Brega e Chique	R1	2022-04-12T00:00:00	Mapeamento de Area de Risco				0
3169	Oeste	2022	Abril	2022-04-12T00:00:00	""	""	Rua Engenho Babilonia, {})!	Barro	Vila dos Milagres	""	2022-04-12T00:00:00	Atendimento Social				0
3170	Oeste	2022	Abril	2022-04-12T00:00:00	""	""	2ª Travessa Nossa Senhora do Carmo, #^>	Barro	Vila dos Milagres	""	2022-04-12T00:00:00	Atendimento Social				0
3171	Oeste	2022	Abril	2022-04-12T00:00:00	""	Monitoramento	Rua Engenho Babilonia, ~|}[	Barro	Vila dos Milagres	R3	2022-04-12T00:00:00	Mapeamento de Area de Risco				0
3172	Oeste	2022	Abril	2022-04-12T00:00:00	""	Monitoramento	2ª Travessa Nossa Senhora do Carmo, /@9=	Barro	Vila dos Milagres	R3	2022-04-12T00:00:00	Mapeamento de Area de Risco				0
3173	Oeste	2022	Abril	2022-04-12T00:00:00	""	""	"Rua Caxambu, #""#~"	Cohab	Jardim Monte Verde	""	2022-04-12T00:00:00	Atendimento Social				0
3174	Oeste	2022	Abril	2022-04-12T00:00:00	""	""	"Rua Caxambu, +?""]"	Cohab	Jardim Monte Verde	""	2022-04-12T00:00:00	Atendimento Social				0
3175	Oeste	2022	Abril	2022-04-12T00:00:00	""	""	"Rua Caxambu, ""#*9"	Cohab	Jardim Monte Verde	""	2022-04-12T00:00:00	Atendimento Social				0
3176	Oeste	2022	Abril	2022-04-12T00:00:00	""	""	Rua Caxambu, #_|/	Cohab	Jardim Monte Verde	""	2022-04-12T00:00:00	Atendimento Social				0
3177	Oeste	2022	Abril	2022-04-12T00:00:00	""	""	Rua Caxambu, .[?	Cohab	Jardim Monte Verde	""	2022-04-12T00:00:00	Atendimento Social				0
3178	Oeste	2022	Abril	2022-04-12T00:00:00	""	""	Rua Caxambu, #$[	Cohab	Jardim Monte Verde	""	2022-04-12T00:00:00	Atendimento Social				0
3179	Oeste	2022	Abril	2022-04-12T00:00:00	""	""	Rua Caxambu, `=-[	Cohab	Jardim Monte Verde	""	2022-04-12T00:00:00	Atendimento Social				0
3180	Oeste	2022	Abril	2022-04-12T00:00:00	""	""	Rua Monte Pascoal, ?_$.	Cohab	Jardim Monte Verde	""	2022-04-12T00:00:00	Atendimento Social				0
3181	Oeste	2022	Abril	2022-04-12T00:00:00	""	""	Rua Monte Pascoal, >#'\	Cohab	Jardim Monte Verde	""	2022-04-12T00:00:00	Atendimento Social				0
3182	Oeste	2022	Abril	2022-04-12T00:00:00	""	""	Rua Monte Pascoal, $!>=	Cohab	Jardim Monte Verde	""	2022-04-12T00:00:00	Atendimento Social				0
3183	Oeste	2022	Abril	2022-04-12T00:00:00	""	Monitoramento	Rua Caxambu, @}>	Cohab	Jardim Monte Verde	R3	2022-04-12T00:00:00	Mapeamento de Area de Risco				0
3184	Oeste	2022	Abril	2022-04-12T00:00:00	""	Monitoramento	Rua Caxambu, 9<-%	Cohab	Jardim Monte Verde	R3	2022-04-12T00:00:00	Mapeamento de Area de Risco				0
3185	Oeste	2022	Abril	2022-04-12T00:00:00	""	Monitoramento	Rua Caxambu, .<^&	Cohab	Jardim Monte Verde	R3	2022-04-12T00:00:00	Mapeamento de Area de Risco				0
3186	Oeste	2022	Abril	2022-04-12T00:00:00	""	""	Rua Vale do Jaguaribe, #^>	Varzea	Brega e Chique	""	2022-04-12T00:00:00	Acoes de Porta-Porta				0
3187	Sul	2022	Abril	2022-04-12T00:00:00	""	""	Rua Carfanaum, /@9=	Jordao 	Jordao Baixo	""	2022-04-12T00:00:00	Atendimento Social				0
3188	Sul	2022	Abril	2022-04-12T00:00:00	""	""	Rua Serra Dourada, #^>	Jordao 	Jordao Alto	""	2022-04-12T00:00:00	Atendimento Social				0
3189	Sul	2022	Abril	2022-04-12T00:00:00	""	""	Rua Guriu, >#'\	Cohab	Ur 12	""	2022-04-12T00:00:00	Acoes de Porta-Porta				0
3190	Sul	2022	Abril	2022-04-12T00:00:00	""	Monitoramento	Rua Guriu, $!>=	Cohab	Ur 12	R2	2022-04-12T00:00:00	Analise Visual Estrutural				0
3191	Sul	2022	Abril	2022-04-12T00:00:00	""	""	Rua Guriu, @}>	Cohab	Ur 12	""	2022-04-12T00:00:00	Acoes de Porta-Porta				0
3192	Sul	2022	Abril	2022-04-12T00:00:00	""	Monitoramento	Rua Guriu, 9<-%	Cohab	Ur 12	R2	2022-04-12T00:00:00	Analise Visual Estrutural				0
3193	Sul	2022	Abril	2022-04-12T00:00:00	""	""	Rua Guriu, %$<!	Cohab	Ur 12	""	2022-04-12T00:00:00	Acoes de Porta-Porta				0
3194	Sul	2022	Abril	2022-04-12T00:00:00	""	Monitoramento	Rua Guriu, .<^&	Cohab	Ur 12	R3	2022-04-12T00:00:00	Analise Visual Estrutural				0
3195	Sul	2022	Abril	2022-04-12T00:00:00	""	""	Rua Guriu, ^[{	Cohab	Ur 12	""	2022-04-12T00:00:00	Acoes de Porta-Porta				0
3196	Sul	2022	Abril	2022-04-12T00:00:00	""	Monitoramento	Rua Guriu, {})!	Cohab	Ur 12	R2	2022-04-12T00:00:00	Analise Visual Estrutural				0
3197	Sul	2022	Abril	2022-04-12T00:00:00	""	""	Rua Guriu, #^>	Cohab	Ur 12	""	2022-04-12T00:00:00	Acoes de Porta-Porta				0
3198	Sul	2022	Abril	2022-04-12T00:00:00	""	Monitoramento	Rua Guriu, ~|}[	Cohab	Ur 12	R3	2022-04-12T00:00:00	Analise Visual Estrutural				0
3199	Sul	2022	Abril	2022-04-12T00:00:00	""	""	Rua Guriu, /@9=	Cohab	Ur 12	""	2022-04-12T00:00:00	Acoes de Porta-Porta				0
3200	Sul	2022	Abril	2022-04-12T00:00:00	""	Monitoramento	"Rua Guriu, #""#~"	Cohab	Ur 12	R3	2022-04-12T00:00:00	Analise Visual Estrutural				0
3201	Sul	2022	Abril	2022-04-12T00:00:00	""	""	"Rua Guriu, +?""]"	Cohab	Ur 12	""	2022-04-12T00:00:00	Acoes de Porta-Porta				0
3202	Sul	2022	Abril	2022-04-12T00:00:00	""	Monitoramento	"Rua Guriu, ""#*9"	Cohab	Ur 12	R2	2022-04-12T00:00:00	Analise Visual Estrutural				0
3203	Sul	2022	Abril	2022-04-12T00:00:00	""	Monitoramento	Rua Guriu, #_|/	Cohab	Ur 12	""	2022-04-12T00:00:00	Acoes de Porta-Porta				0
3204	Sul	2022	Abril	2022-04-12T00:00:00	""	""	Rua Guriu, .[?	Cohab	Ur 12	R1	2022-04-12T00:00:00	Analise Visual Estrutural				0
3205	Sul	2022	Abril	2022-04-12T00:00:00	""	Monitoramento	Rua Entremontes, #$[	Cohab	Ur 12	""	2022-04-12T00:00:00	Acoes de Porta-Porta				0
3206	Sul	2022	Abril	2022-04-12T00:00:00	""	""	Rua Entremontes, `=-[	Cohab	Ur 12	R3	2022-04-12T00:00:00	Analise Visual Estrutural				0
3207	Sul	2022	Abril	2022-04-12T00:00:00	""	""	Rua Guirapa, ?_$.	Cohab	Ur 12	""	2022-04-12T00:00:00	Acoes de Porta-Porta				0
3208	Sul	2022	Abril	2022-04-12T00:00:00	""	Monitoramento	Rua Guriu, ?_$.	Cohab	Ur 12	R2	2022-04-12T00:00:00	Analise Visual Estrutural				0
3209	Sul	2022	Abril	2022-04-12T00:00:00	""	Monitoramento	Rua Guirapa, >#'\	Cohab	Ur 12	R3	2022-04-12T00:00:00	Analise Visual Estrutural				0
3210	Sul	2022	Abril	2022-04-12T00:00:00	""	""	Rua Guriu, `=-[	Cohab	Ur 12	""	2022-04-12T00:00:00	Acoes de Porta-Porta				0
3211	Sul	2022	Abril	2022-04-12T00:00:00	""	""	Rua Guriu, .[?	Cohab	Ur 12	""	2022-04-12T00:00:00	Acoes de Porta-Porta				0
3212	Sul	2022	Abril	2022-04-12T00:00:00	""	Monitoramento	Rua Brejo da Cruz, .[?	Ibura	Alto da Esperanca	R3	2022-04-12T00:00:00	Analise Visual Estrutural				0
3213	Sul	2022	Abril	2022-04-12T00:00:00	""	Monitoramento	Rua Brejo da Cruz, #$[	Ibura	Alto da Esperanca	R3	2022-04-12T00:00:00	Analise Visual Estrutural				0
3214	Sul	2022	Abril	2022-04-12T00:00:00	""	Monitoramento	Rua Brejo da Cruz, `=-[	Ibura	Alto da Esperanca	R3	2022-04-12T00:00:00	Analise Visual Estrutural				0
3215	Sul	2022	Abril	2022-04-12T00:00:00	""	""	Rua do Campo, ?_$.	Cohab	Ur 12	""	2022-04-12T00:00:00	Acoes de Porta-Porta				0
3216	Sul	2022	Abril	2022-04-12T00:00:00	""	Monitoramento	Rua do Campo, >#'\	Cohab	Ur 12	R3	2022-04-12T00:00:00	Analise Visual Estrutural				0
3217	Sul	2022	Abril	2022-04-12T00:00:00	""	""	Rua do Campo, $!>=	Cohab	Ur 12	""	2022-04-12T00:00:00	Acoes de Porta-Porta				0
3218	Sul	2022	Abril	2022-04-12T00:00:00	""	Monitoramento	Rua do Campo, @}>	Cohab	Ur 12	R3	2022-04-12T00:00:00	Analise Visual Estrutural				0
3219	Sul	2022	Abril	2022-04-12T00:00:00	""	""	Rua Guriu, 9<-%	Cohab	Ur 12	""	2022-04-12T00:00:00	Acoes de Porta-Porta				0
3220	Sul	2022	Abril	2022-04-12T00:00:00	""	Monitoramento	Rua Guriu, %$<!	Cohab	Ur 12	R3	2022-04-12T00:00:00	Analise Visual Estrutural				0
3221	Sul	2022	Abril	2022-04-12T00:00:00	""	""	Rua Guriu, .<^&	Cohab	Ur 12	""	2022-04-12T00:00:00	Acoes de Porta-Porta				0
3222	Sul	2022	Abril	2022-04-12T00:00:00	""	Monitoramento	Rua Guriu, ^[{	Cohab	Ur 12	R2	2022-04-12T00:00:00	Analise Visual Estrutural				0
3223	Sul	2022	Abril	2022-04-12T00:00:00	""	""	Rua Guriu, {})!	Cohab	Ur 12	""	2022-04-12T00:00:00	Acoes de Porta-Porta				0
3224	Sul	2022	Abril	2022-04-12T00:00:00	""	Monitoramento	Rua Guriu, #^>	Cohab	Ur 12	R3	2022-04-12T00:00:00	Analise Visual Estrutural				0
3225	Sul	2022	Abril	2022-04-12T00:00:00	""	""	Rua Guriu, ~|}[	Cohab	Ur 12	""	2022-04-12T00:00:00	Acoes de Porta-Porta				0
3226	Sul	2022	Abril	2022-04-12T00:00:00	""	Monitoramento	Rua Guriu, /@9=	Cohab	Ur 12	R2	2022-04-12T00:00:00	Analise Visual Estrutural				0
3227	Sul	2022	Abril	2022-04-12T00:00:00	""	""	"Rua Guriu, #""#~"	Cohab	Ur 12	""	2022-04-12T00:00:00	Acoes de Porta-Porta				0
3228	Sul	2022	Abril	2022-04-12T00:00:00	""	Monitoramento	"Rua Guriu, +?""]"	Cohab	Ur 12	R3	2022-04-12T00:00:00	Analise Visual Estrutural				0
3229	Sul	2022	Abril	2022-04-12T00:00:00	""	""	"Rua Guriu, ""#*9"	Cohab	Ur 12	""	2022-04-12T00:00:00	Acoes de Porta-Porta				0
3230	Sul	2022	Abril	2022-04-12T00:00:00	""	Monitoramento	Rua Guriu, #_|/	Cohab	Ur 12	R3	2022-04-12T00:00:00	Analise Visual Estrutural				0
3231	Sul	2022	Abril	2022-04-12T00:00:00	""	Monitoramento	Rua Guriu, #$[	Cohab	Ur 12	R2	2022-04-12T00:00:00	Analise Visual Estrutural				0
3232	Sul	2022	Abril	2022-04-12T00:00:00	""	Monitoramento	Rua Serra Dourada, ~|}[	Jordao 	Jordao Alto	""	2022-04-12T00:00:00	Analise Visual Estrutural				0
3233	Sul	2022	Abril	2022-04-12T00:00:00	""	""	Rua Guirapa, $!>=	Cohab	Ur 12	""	2022-04-12T00:00:00	Acoes de Porta-Porta				0
3234	Sul	2022	Abril	2022-04-12T00:00:00	""	""	Rua Guirapa, 9<-%	Cohab	Ur 12	""	2022-04-12T00:00:00	Acoes de Porta-Porta				0
3235	Sul	2022	Abril	2022-04-12T00:00:00	""	""	Rua Esperanca do Oeste, #^>	Cohab	Ur 12	""	2022-04-12T00:00:00	Acoes de Porta-Porta				0
3236	Sul	2022	Abril	2022-04-12T00:00:00	""	Monitoramento	Rua Esperanca do Oeste, ~|}[	Cohab	Ur 12	R2	2022-04-12T00:00:00	Analise Visual Estrutural				0
3237	Sul	2022	Abril	2022-04-12T00:00:00	""	""	Rua Esperanca do Oeste, /@9=	Cohab	Ur 12	""	2022-04-12T00:00:00	Acoes de Porta-Porta				0
3238	Sul	2022	Abril	2022-04-12T00:00:00	""	Monitoramento	"Rua Esperanca do Oeste, #""#~"	Cohab	Ur 12	R2	2022-04-12T00:00:00	Analise Visual Estrutural				0
3239	Sul	2022	Abril	2022-04-12T00:00:00	""	""	"Rua Alvaro Ferraz, +?""]"	Jordao 	Jordao Alto	""	2022-04-12T00:00:00	Atendimento Social				0
3240	Sul	2022	Abril	2022-04-12T00:00:00	""	Monitoramento	"Rua Alvaro Ferraz, ""#*9"	Jordao 	Jordao Alto	""	2022-04-12T00:00:00	Analise Visual Estrutural				0
3241	Sul	2022	Abril	2022-04-12T00:00:00	""	""	Rua Flores do Piaui, #_|/	Ibura	Ibura de Baixo	""	2022-04-12T00:00:00	Atendimento Social				0
3242	Sul	2022	Abril	2022-04-12T00:00:00	""	Monitoramento	Rua Flores do Piaui, .[?	Ibura	Ibura de Baixo	""	2022-04-12T00:00:00	Analise Visual Estrutural				0
3243	Sul	2022	Abril	2022-04-12T00:00:00	""	""	Rua Mons. Joao Olimpio dos Santos, #$[	Ibura	Vila do Sesi	""	2022-04-12T00:00:00	Atendimento Social				0
3244	Sul	2022	Abril	2022-04-12T00:00:00	""	Monitoramento	Rua Mons. Joao Olimpio dos Santos, `=-[	Ibura	Vila do Sesi	""	2022-04-12T00:00:00	Analise Visual Estrutural				0
3245	Sul	2022	Abril	2022-04-12T00:00:00	""	""	Rua Rosario do Oeste, ?_$.	Ibura	Alto da Esperanca	""	2022-04-12T00:00:00	Atendimento Social				0
3246	Sul	2022	Abril	2022-04-12T00:00:00	""	Monitoramento	Rua Rosario do Oeste, >#'\	Ibura	Alto da Esperanca	""	2022-04-12T00:00:00	Analise Visual Estrutural				0
3247	Sul	2022	Abril	2022-04-12T00:00:00	""	""	Rua Ibicare, $!>=	Cohab	Tres Carneiros Baixo	""	2022-04-12T00:00:00	Acoes Educativas				0
3248	Sul	2022	Abril	2022-04-12T00:00:00	""	""	Rua Pessegueiros, @}>	""	Nao Informada	""	2022-04-12T00:00:00	Atendimento Social				0
3249	Sul	2022	Abril	2022-04-12T00:00:00	""	""	Rua Pessegueiros, 9<-%	Cohab	Ur 12	""	2022-04-12T00:00:00	Atendimento Social				0
3250	Sul	2022	Abril	2022-04-12T00:00:00	""	""	Rua Sete de Setembro, %$<!	Cohab	Ur 05	""	2022-04-12T00:00:00	Atendimento Social				0
3251	Sul	2022	Abril	2022-04-12T00:00:00	""	""	Rua Atalaia, .<^&	Jordao 	Jordao Alto	""	2022-04-12T00:00:00	Atendimento Social				0
3252	Sul	2022	Abril	2022-04-12T00:00:00	""	""	Rua Prof. Arcelina Camara, ^[{	Jordao 	Jordao Baixo	""	2022-04-12T00:00:00	Atendimento Social				0
3253	Sul	2022	Abril	2022-04-12T00:00:00	""	Monitoramento	Rua Prof. Arcelina Camara, {})!	Jordao 	Jordao Baixo	""	2022-04-12T00:00:00	Analise Visual Estrutural				0
3254	Sul	2022	Abril	2022-04-12T00:00:00	""	Monitoramento	Rua Esperanca do Oeste, {})!	Cohab	Ur 12	R2	2022-04-12T00:00:00	Analise Visual Estrutural				0
3255	Sul	2022	Abril	2022-04-12T00:00:00	""	Monitoramento	Rua Guirapa, @}>	Cohab	Ur 12	R2	2022-04-12T00:00:00	Analise Visual Estrutural				0
3256	Sul	2022	Abril	2022-04-12T00:00:00	""	""	Rua Esperanca do Oeste, ^[{	Cohab	Ur 12	""	2022-04-12T00:00:00	Acoes de Porta-Porta				0
3257	Sul	2022	Abril	2022-04-12T00:00:00	""	""	Rua Esperanca do Oeste, %$<!	Cohab	Ur 12	""	2022-04-12T00:00:00	Acoes de Porta-Porta				0
3258	Sul	2022	Abril	2022-04-12T00:00:00	""	Monitoramento	Rua Guirapa, %$<!	Cohab	Ur 12	R3	2022-04-12T00:00:00	Analise Visual Estrutural				0
3259	Sul	2022	Abril	2022-04-12T00:00:00	""	""	Rua Guirapa, .<^&	Cohab	Ur 12	""	2022-04-12T00:00:00	Acoes de Porta-Porta				0
3260	Sul	2022	Abril	2022-04-12T00:00:00	""	Monitoramento	Rua Guirapa, ^[{	Cohab	Ur 12	R3	2022-04-12T00:00:00	Analise Visual Estrutural				0
3261	Sul	2022	Abril	2022-04-12T00:00:00	""	""	Rua Guirapa, {})!	Cohab	Ur 12	""	2022-04-12T00:00:00	Acoes de Porta-Porta				0
3262	Sul	2022	Abril	2022-04-12T00:00:00	""	Monitoramento	Rua Guirapa, #^>	Cohab	Ur 12	R2	2022-04-12T00:00:00	Analise Visual Estrutural				0
3263	Sul	2022	Abril	2022-04-12T00:00:00	""	""	Rua Guirapa, ~|}[	Cohab	Ur 12	""	2022-04-12T00:00:00	Acoes de Porta-Porta				0
3264	Sul	2022	Abril	2022-04-12T00:00:00	""	Monitoramento	Rua Guirapa, /@9=	Cohab	Ur 12	R2	2022-04-12T00:00:00	Analise Visual Estrutural				0
3265	Sul	2022	Abril	2022-04-12T00:00:00	""	""	"Rua Guirapa, #""#~"	Cohab	Ur 12	""	2022-04-12T00:00:00	Acoes de Porta-Porta				0
3266	Sul	2022	Abril	2022-04-12T00:00:00	""	Monitoramento	"Rua Guirapa, +?""]"	Cohab	Ur 12	R3	2022-04-12T00:00:00	Analise Visual Estrutural				0
3267	Sul	2022	Abril	2022-04-12T00:00:00	""	""	"Rua Guirapa Por Tras Do, ""#*9"	Cohab	Ur 12	""	2022-04-12T00:00:00	Acoes de Porta-Porta				0
3268	Sul	2022	Abril	2022-04-12T00:00:00	""	Monitoramento	Rua Guirapa Por Tras Do, #_|/	Cohab	Ur 12	R2	2022-04-12T00:00:00	Analise Visual Estrutural				0
3269	Sul	2022	Abril	2022-04-12T00:00:00	""	""	Rua do Campo, .[?	Cohab	Ur 12	""	2022-04-12T00:00:00	Acoes de Porta-Porta				0
3270	Sul	2022	Abril	2022-04-12T00:00:00	""	Monitoramento	Rua do Campo, #$[	Cohab	Ur 12	R2	2022-04-12T00:00:00	Analise Visual Estrutural				0
3271	Sul	2022	Abril	2022-04-12T00:00:00	""	""	Rua Esperanca do Oeste, `=-[	Cohab	Ur 12	""	2022-04-12T00:00:00	Acoes de Porta-Porta				0
3272	Sul	2022	Abril	2022-04-12T00:00:00	""	Monitoramento	Rua Esperanca do Oeste, ?_$.	Cohab	Ur 12	R3	2022-04-12T00:00:00	Analise Visual Estrutural				0
3273	Sul	2022	Abril	2022-04-12T00:00:00	""	""	Rua Esperanca do Oeste, >#'\	Cohab	Ur 12	""	2022-04-12T00:00:00	Acoes de Porta-Porta				0
3274	Sul	2022	Abril	2022-04-12T00:00:00	""	Monitoramento	Rua Esperanca do Oeste, $!>=	Cohab	Ur 12	R1	2022-04-12T00:00:00	Analise Visual Estrutural				0
3275	Sul	2022	Abril	2022-04-12T00:00:00	""	""	Rua Esperanca do Oeste, @}>	Cohab	Ur 12	""	2022-04-12T00:00:00	Acoes de Porta-Porta				0
3276	Sul	2022	Abril	2022-04-12T00:00:00	""	Monitoramento	Rua Esperanca do Oeste, 9<-%	Cohab	Ur 12	R2	2022-04-12T00:00:00	Analise Visual Estrutural				0
3277	Sul	2022	Abril	2022-04-12T00:00:00	""	Monitoramento	Rua Esperanca do Oeste, .<^&	Cohab	Ur 12	R2	2022-04-12T00:00:00	Analise Visual Estrutural				0
3278	Oeste	2022	Abril	2022-04-12T00:00:00	""	""	Rua Vale do Jaguaribe, ~|}[	Varzea	Brega e Chique	""	2022-04-12T00:00:00	Acoes de Porta-Porta				0
3279	Oeste	2022	Abril	2022-04-12T00:00:00	""	""	Rua Vale do Jaguaribe, /@9=	Varzea	Brega e Chique	""	2022-04-12T00:00:00	Acoes de Porta-Porta				0
3280	Oeste	2022	Abril	2022-04-12T00:00:00	""	""	"Rua Vale do Jaguaribe, #""#~"	Varzea	Brega e Chique	""	2022-04-12T00:00:00	Acoes de Porta-Porta				0
3281	Norte	2022	Abril	2022-04-12T00:00:00	""	""	Rua Vertentes do Lerio, `=-[	Dois Unidos	Alto do Rosario	""	2022-04-12T00:00:00	Acoes de Porta-Porta				0
3282	Norte	2022	Abril	2022-04-12T00:00:00	""	""	Rua Vertentes do Lerio, ?_$.	Dois Unidos	Alto do Rosario	""	2022-04-12T00:00:00	Acoes de Porta-Porta				0
3283	Norte	2022	Abril	2022-04-12T00:00:00	""	""	Rua Vertentes do Lerio, >#'\	Dois Unidos	Alto do Rosario	""	2022-04-12T00:00:00	Acoes de Porta-Porta				0
3284	Norte	2022	Abril	2022-04-12T00:00:00	""	""	Rua Vertentes do Lerio, $!>=	Dois Unidos	Alto do Rosario	""	2022-04-12T00:00:00	Acoes de Porta-Porta				0
3285	Norte	2022	Abril	2022-04-12T00:00:00	""	""	Rua Vertentes do Lerio, @}>	Dois Unidos	Alto do Rosario	""	2022-04-12T00:00:00	Acoes de Porta-Porta				0
3286	Norte	2022	Abril	2022-04-12T00:00:00	""	""	Rua Vertentes do Lerio, 9<-%	Dois Unidos	Alto do Rosario	""	2022-04-12T00:00:00	Acoes de Porta-Porta				0
3287	Norte	2022	Abril	2022-04-12T00:00:00	""	""	Rua Vertentes do Lerio, %$<!	Dois Unidos	Alto do Rosario	""	2022-04-12T00:00:00	Acoes de Porta-Porta				0
3288	Norte	2022	Abril	2022-04-12T00:00:00	""	""	Rua Vertentes do Lerio, .<^&	Dois Unidos	Alto do Rosario	""	2022-04-12T00:00:00	Acoes de Porta-Porta				0
3289	Norte	2022	Abril	2022-04-12T00:00:00	""	""	Rua Vertentes do Lerio, ^[{	Dois Unidos	Alto do Rosario	""	2022-04-12T00:00:00	Acoes de Porta-Porta				0
3290	Norte	2022	Abril	2022-04-12T00:00:00	""	""	Rua Vertentes do Lerio, {})!	Dois Unidos	Alto do Rosario	""	2022-04-12T00:00:00	Acoes de Porta-Porta				0
3291	Norte	2022	Abril	2022-04-12T00:00:00	""	""	Rua Vertentes do Lerio, #^>	Dois Unidos	Alto do Rosario	""	2022-04-12T00:00:00	Acoes de Porta-Porta				0
3292	Norte	2022	Abril	2022-04-12T00:00:00	""	""	Rua Vertentes do Lerio, ~|}[	Dois Unidos	Alto do Rosario	""	2022-04-12T00:00:00	Acoes de Porta-Porta				0
3293	Norte	2022	Abril	2022-04-12T00:00:00	""	""	Rua Vertentes do Lerio, /@9=	Dois Unidos	Alto do Rosario	""	2022-04-12T00:00:00	Acoes de Porta-Porta				0
3294	Norte	2022	Abril	2022-04-12T00:00:00	""	""	"Rua Vertentes do Lerio, #""#~"	Dois Unidos	Alto do Rosario	""	2022-04-12T00:00:00	Acoes de Porta-Porta				0
3295	Norte	2022	Abril	2022-04-12T00:00:00	""	""	"Rua Vertentes do Lerio, +?""]"	Dois Unidos	Alto do Rosario	""	2022-04-12T00:00:00	Acoes de Porta-Porta				0
3296	Norte	2022	Abril	2022-04-12T00:00:00	""	""	"Rua Vertentes do Lerio, ""#*9"	Dois Unidos	Alto do Rosario	""	2022-04-12T00:00:00	Acoes de Porta-Porta				0
3297	Norte	2022	Abril	2022-04-12T00:00:00	""	""	Rua Vertentes do Lerio, #_|/	Dois Unidos	Alto do Rosario	""	2022-04-12T00:00:00	Acoes de Porta-Porta				0
3298	Norte	2022	Abril	2022-04-12T00:00:00	""	""	Rua Vertentes do Lerio, .[?	Dois Unidos	Alto do Rosario	""	2022-04-12T00:00:00	Acoes de Porta-Porta				0
3299	Norte	2022	Abril	2022-04-12T00:00:00	""	""	Rua Vertentes do Lerio, #$[	Dois Unidos	Alto do Rosario	""	2022-04-12T00:00:00	Acoes de Porta-Porta				0
3300	Norte	2022	Abril	2022-04-12T00:00:00	""	""	Rua Vertentes do Lerio, #$[	Dois Unidos	Alto do Rosario	""	2022-04-12T00:00:00	Acoes de Porta-Porta				0
3301	Norte	2022	Abril	2022-04-12T00:00:00	""	""	Rua Vertentes do Lerio, `=-[	Dois Unidos	Alto do Rosario	""	2022-04-12T00:00:00	Acoes de Porta-Porta				0
3302	Norte	2022	Abril	2022-04-12T00:00:00	""	""	Rua Vertentes do Lerio, .[?	Dois Unidos	Alto do Rosario	""	2022-04-12T00:00:00	Acoes de Porta-Porta				0
3303	Norte	2022	Abril	2022-04-12T00:00:00	""	""	"Rua Vertentes do Lerio, ""#*9"	Dois Unidos	Alto do Rosario	""	2022-04-12T00:00:00	Acoes de Porta-Porta				0
3304	Norte	2022	Abril	2022-04-12T00:00:00	""	Monitoramento	"Rua Expedicionario Teodoro Sativa, +?""]"	Dois Unidos	Alto do Maracana	""	2022-04-12T00:00:00	""				0
3305	Norte	2022	Abril	2022-04-12T00:00:00	""	Monitoramento	"Rua Artur Nogueira, ""#*9"	Dois Unidos	Alto do Maracana	""	2022-04-12T00:00:00	""				0
3306	Norte	2022	Abril	2022-04-12T00:00:00	""	Monitoramento	Rua Corrego Joao Carvoeiro, #_|/	Agua Fria	Corrego Joao Carvoeiro	""	2022-04-12T00:00:00	""				0
3307	Norte	2022	Abril	2022-04-12T00:00:00	""	Monitoramento	Rua Corrego Joao Carvoeiro, .[?	Agua Fria	Corrego Joao Carvoeiro	""	2022-04-12T00:00:00	""				0
3308	Norte	2022	Abril	2022-04-12T00:00:00	""	Monitoramento	Rua Corrego Joao Carvoeiro, #$[	Agua Fria	Corrego Joao Carvoeiro	""	2022-04-12T00:00:00	""				0
3309	Norte	2022	Abril	2022-04-12T00:00:00	""	Monitoramento	3ª Travessa Subida da Medalha Milagrosa, `=-[	Dois Unidos	Alto do Maracana	""	2022-04-12T00:00:00	""				0
3310	Norte	2022	Abril	2022-04-12T00:00:00	""	Monitoramento	3ª Travessa Subida da Medalha Milagrosa, ?_$.	Dois Unidos	Alto do Maracana	""	2022-04-12T00:00:00	""				0
3311	Norte	2022	Abril	2022-04-12T00:00:00	""	Monitoramento	3ª Travessa Subida da Medalha Milagrosa, >#'\	Dois Unidos	Alto do Maracana	""	2022-04-12T00:00:00	""				0
3312	Norte	2022	Abril	2022-04-12T00:00:00	""	Monitoramento	3ª Travessa Subida da Medalha Milagrosa, $!>=	Dois Unidos	Alto do Maracana	""	2022-04-12T00:00:00	""				0
3313	Norte	2022	Abril	2022-04-12T00:00:00	""	Monitoramento	3ª Travessa Subida da Medalha Milagrosa, @}>	Dois Unidos	Alto do Maracana	""	2022-04-12T00:00:00	""				0
3314	Norte	2022	Abril	2022-04-12T00:00:00	""	Monitoramento	ª Travessa Padre Cicero, %$<!	Dois Unidos	Alto do Maracana	""	2022-04-12T00:00:00	""				0
3315	Norte	2022	Abril	2022-04-12T00:00:00	""	Monitoramento	2ª Travessa Tupiracaba, .<^&	Dois Unidos	Alto do Capitao	""	2022-04-12T00:00:00	""				0
3316	Norte	2022	Abril	2022-04-12T00:00:00	""	Vistoria	Rua Sao Jose, ^[{	Agua Fria	Corrego Sao Jose	R3	2022-04-12T00:00:00	""				0
3317	Norte	2022	Abril	2022-04-12T00:00:00	""	""	Rua Vertentes do Lerio, {})!	Dois Unidos	Alto do Rosario	""	2022-04-12T00:00:00	Acoes de Porta-Porta				0
3318	Norte	2022	Abril	2022-04-12T00:00:00	""	""	Rua Vertentes do Lerio, #^>	Dois Unidos	Alto do Rosario	""	2022-04-12T00:00:00	Acoes de Porta-Porta				0
3319	Norte	2022	Abril	2022-04-12T00:00:00	""	""	Rua Vertentes do Lerio, ~|}[	Dois Unidos	Alto do Rosario	""	2022-04-12T00:00:00	Acoes de Porta-Porta				0
3320	Norte	2022	Abril	2022-04-12T00:00:00	""	""	Rua Vertentes do Lerio, /@9=	Dois Unidos	Alto do Rosario	""	2022-04-12T00:00:00	Acoes de Porta-Porta				0
3321	Norte	2022	Abril	2022-04-12T00:00:00	""	""	"Rua Vertentes do Lerio, #""#~"	Dois Unidos	Alto do Rosario	""	2022-04-12T00:00:00	Acoes de Porta-Porta				0
3322	Norte	2022	Abril	2022-04-12T00:00:00	""	""	"Rua Vertentes do Lerio, +?""]"	Dois Unidos	Alto do Rosario	""	2022-04-12T00:00:00	Acoes de Porta-Porta				0
3323	Norte	2022	Abril	2022-04-12T00:00:00	""	""	Rua Vertentes do Lerio, #_|/	Dois Unidos	Alto do Rosario	""	2022-04-12T00:00:00	Acoes de Porta-Porta				0
3324	Norte	2022	Abril	2022-04-12T00:00:00	""	Monitoramento	"Rua Expedicionario Teodoro Sativa, #""#~"	Dois Unidos	Alto do Maracana	""	2022-04-12T00:00:00	""				0
3325	Norte	2022	Abril	2022-04-12T00:00:00	""	""	Rua Vertentes do Lerio, ?_$.	Dois Unidos	Alto do Rosario	""	2022-04-12T00:00:00	Acoes de Porta-Porta				0
3326	Norte	2022	Abril	2022-04-12T00:00:00	""	""	Rua Vertentes do Lerio, $!>=	Dois Unidos	Alto do Rosario	""	2022-04-12T00:00:00	Acoes de Porta-Porta				0
3327	Norte	2022	Abril	2022-04-12T00:00:00	""	Monitoramento	Rua Vertentes do Lerio, ^[{	Dois Unidos	Alto do Rosario	R1	2022-04-12T00:00:00	""				0
3328	Norte	2022	Abril	2022-04-12T00:00:00	""	Monitoramento	Rua Vertentes do Lerio, {})!	Dois Unidos	Alto do Rosario	R1	2022-04-12T00:00:00	""				0
3329	Norte	2022	Abril	2022-04-12T00:00:00	""	Monitoramento	Rua Vertentes do Lerio, #^>	Dois Unidos	Alto do Rosario	R2	2022-04-12T00:00:00	""				0
3330	Norte	2022	Abril	2022-04-12T00:00:00	""	Monitoramento	Rua Vertentes do Lerio, ~|}[	Dois Unidos	Alto do Rosario	R2	2022-04-12T00:00:00	""				0
3331	Norte	2022	Abril	2022-04-12T00:00:00	""	Monitoramento	Rua Vertentes do Lerio, /@9=	Dois Unidos	Alto do Rosario	R2	2022-04-12T00:00:00	""				0
3332	Norte	2022	Abril	2022-04-12T00:00:00	""	Monitoramento	"Rua Vertentes do Lerio, #""#~"	Dois Unidos	Alto do Rosario	R1	2022-04-12T00:00:00	""				0
3333	Norte	2022	Abril	2022-04-12T00:00:00	""	Monitoramento	"Rua Vertentes do Lerio, +?""]"	Dois Unidos	Alto do Rosario	R1	2022-04-12T00:00:00	""				0
3334	Norte	2022	Abril	2022-04-12T00:00:00	""	Monitoramento	"Rua Vertentes do Lerio, ""#*9"	Dois Unidos	Alto do Rosario	R1	2022-04-12T00:00:00	""				0
3335	Norte	2022	Abril	2022-04-12T00:00:00	""	Monitoramento	Rua Vertentes do Lerio, #_|/	Dois Unidos	Alto do Rosario	R1	2022-04-12T00:00:00	""				0
3336	Norte	2022	Abril	2022-04-12T00:00:00	""	Monitoramento	Rua Vertentes do Lerio, .[?	Dois Unidos	Alto do Rosario	R1	2022-04-12T00:00:00	""				0
3337	Norte	2022	Abril	2022-04-12T00:00:00	""	Monitoramento	Rua Vertentes do Lerio, #$[	Dois Unidos	Alto do Rosario	R1	2022-04-12T00:00:00	""				0
3338	Norte	2022	Abril	2022-04-12T00:00:00	""	Monitoramento	Rua Vertentes do Lerio, `=-[	Dois Unidos	Alto do Rosario	R1	2022-04-12T00:00:00	""				0
3339	Norte	2022	Abril	2022-04-12T00:00:00	""	Monitoramento	Rua Vertentes do Lerio, ?_$.	Dois Unidos	Alto do Rosario	R1	2022-04-12T00:00:00	""				0
3340	Norte	2022	Abril	2022-04-12T00:00:00	""	Monitoramento	Rua Vertentes do Lerio, >#'\	Dois Unidos	Alto do Rosario	R1	2022-04-12T00:00:00	""				0
3341	Norte	2022	Abril	2022-04-12T00:00:00	""	Monitoramento	Rua Vertentes do Lerio, $!>=	Dois Unidos	Alto do Rosario	R2	2022-04-12T00:00:00	""				0
3342	Norte	2022	Abril	2022-04-12T00:00:00	""	Monitoramento	Rua Vertentes do Lerio, @}>	Dois Unidos	Alto do Rosario	R2	2022-04-12T00:00:00	""				0
3343	Norte	2022	Abril	2022-04-12T00:00:00	""	Monitoramento	Rua Vertentes do Lerio, 9<-%	Dois Unidos	Alto do Rosario	R2	2022-04-12T00:00:00	""				0
3344	Norte	2022	Abril	2022-04-12T00:00:00	""	Monitoramento	Rua Vertentes do Lerio, %$<!	Dois Unidos	Alto do Rosario	R2	2022-04-12T00:00:00	""				0
3345	Norte	2022	Abril	2022-04-12T00:00:00	""	Monitoramento	Rua Vertentes do Lerio, .<^&	Dois Unidos	Alto do Rosario	R2	2022-04-12T00:00:00	""				0
3346	Norte	2022	Abril	2022-04-12T00:00:00	""	Monitoramento	Rua Vertentes do Lerio, .<^&	Dois Unidos	Alto do Rosario	R2	2022-04-12T00:00:00	""				0
3347	Norte	2022	Abril	2022-04-12T00:00:00	""	""	Rua Vertentes do Lerio, >#'\	Dois Unidos	Alto do Rosario	""	2022-04-12T00:00:00	Acoes de Porta-Porta				0
3348	Norte	2022	Abril	2022-04-12T00:00:00	""	Monitoramento	Rua Vertentes do Lerio, %$<!	Dois Unidos	Alto do Rosario	R1	2022-04-12T00:00:00	""				0
3349	Norte	2022	Abril	2022-04-12T00:00:00	""	Monitoramento	Rua Vertentes do Lerio, @}>	Dois Unidos	Alto do Rosario	R3	2022-04-12T00:00:00	Encaminhar para Colocacao de Lonas				0
3350	Norte	2022	Abril	2022-04-12T00:00:00	""	""	Rua Vertentes do Lerio, @}>	Dois Unidos	Alto do Rosario	""	2022-04-12T00:00:00	Acoes de Porta-Porta				0
3351	Norte	2022	Abril	2022-04-12T00:00:00	""	""	Rua Vertentes do Lerio, 9<-%	Dois Unidos	Alto do Rosario	""	2022-04-12T00:00:00	Acoes de Porta-Porta				0
3352	Norte	2022	Abril	2022-04-12T00:00:00	""	""	Rua Vertentes do Lerio, %$<!	Dois Unidos	Alto do Rosario	""	2022-04-12T00:00:00	Acoes de Porta-Porta				0
3353	Norte	2022	Abril	2022-04-12T00:00:00	""	""	Rua Vertentes do Lerio, .<^&	Dois Unidos	Alto do Rosario	""	2022-04-12T00:00:00	Acoes de Porta-Porta				0
3354	Norte	2022	Abril	2022-04-12T00:00:00	""	""	Rua Vertentes do Lerio, ^[{	Dois Unidos	Alto do Rosario	""	2022-04-12T00:00:00	Acoes de Porta-Porta				0
3355	Norte	2022	Abril	2022-04-12T00:00:00	""	""	Rua Vertentes do Lerio, {})!	Dois Unidos	Alto do Rosario	""	2022-04-12T00:00:00	Acoes de Porta-Porta				0
3356	Norte	2022	Abril	2022-04-12T00:00:00	""	""	Rua Vertentes do Lerio, #^>	Dois Unidos	Alto do Rosario	""	2022-04-12T00:00:00	Acoes de Porta-Porta				0
3357	Norte	2022	Abril	2022-04-12T00:00:00	""	""	Rua Vertentes do Lerio, ~|}[	Dois Unidos	Alto do Rosario	""	2022-04-12T00:00:00	Acoes de Porta-Porta				0
3358	Norte	2022	Abril	2022-04-12T00:00:00	""	Monitoramento	Rua Vertentes do Lerio, /@9=	Dois Unidos	Alto do Rosario	R2	2022-04-12T00:00:00	""				0
3359	Norte	2022	Abril	2022-04-12T00:00:00	""	Monitoramento	"Rua Vertentes do Lerio, #""#~"	Dois Unidos	Alto do Rosario	R2	2022-04-12T00:00:00	""				0
3360	Norte	2022	Abril	2022-04-12T00:00:00	""	Monitoramento	"Rua Vertentes do Lerio, +?""]"	Dois Unidos	Alto do Rosario	R2	2022-04-12T00:00:00	""				0
3361	Norte	2022	Abril	2022-04-12T00:00:00	""	Monitoramento	"Rua Vertentes do Lerio, ""#*9"	Dois Unidos	Alto do Rosario	R2	2022-04-12T00:00:00	""				0
3362	Norte	2022	Abril	2022-04-12T00:00:00	""	Monitoramento	Rua Vertentes do Lerio, #_|/	Dois Unidos	Alto do Rosario	R2	2022-04-12T00:00:00	""				0
3363	Norte	2022	Abril	2022-04-12T00:00:00	""	Monitoramento	Rua Vertentes do Lerio, .[?	Dois Unidos	Alto do Rosario	R2	2022-04-12T00:00:00	""				0
3364	Norte	2022	Abril	2022-04-12T00:00:00	""	Monitoramento	Rua Vertentes do Lerio, #$[	Dois Unidos	Alto do Rosario	R2	2022-04-12T00:00:00	""				0
3365	Norte	2022	Abril	2022-04-12T00:00:00	""	Monitoramento	Rua Vertentes do Lerio, `=-[	Dois Unidos	Alto do Rosario	R2	2022-04-12T00:00:00	""				0
3366	Norte	2022	Abril	2022-04-12T00:00:00	""	Monitoramento	Rua Vertentes do Lerio, ?_$.	Dois Unidos	Alto do Rosario	R2	2022-04-12T00:00:00	""				0
3367	Norte	2022	Abril	2022-04-12T00:00:00	""	Monitoramento	Rua Vertentes do Lerio, >#'\	Dois Unidos	Alto do Rosario	R2	2022-04-12T00:00:00	""				0
3368	Norte	2022	Abril	2022-04-12T00:00:00	""	Monitoramento	Rua Vertentes do Lerio, $!>=	Dois Unidos	Alto do Rosario	R3	2022-04-12T00:00:00	Encaminhar para Colocacao de Lonas				0
3369	Norte	2022	Abril	2022-04-12T00:00:00	""	Monitoramento	Rua Vertentes do Lerio, 9<-%	Dois Unidos	Alto do Rosario	R2	2022-04-12T00:00:00	""				0
3370	Norte	2022	Abril	2022-04-12T00:00:00	""	Monitoramento	Rua Vertentes do Lerio, /@9=	Dois Unidos	Alto do Rosario	""	2022-04-12T00:00:00	""				0
3371	Norte	2022	Abril	2022-04-12T00:00:00	""	Monitoramento	Avenida Chagas Ferreira, ~|}[	Dois Unidos	Chagas Ferreira	""	2022-04-12T00:00:00	""				0
3372	Norte	2022	Abril	2022-04-12T00:00:00	""	Monitoramento	Avenida Chagas Ferreira, #^>	Dois Unidos	Chagas Ferreira	""	2022-04-12T00:00:00	""				0
3373	Oeste	2022	Abril	2022-04-12T00:00:00	""	Monitoramento	Rua Vale do Jaguaribe, `=-[	Varzea	Brega e Chique	R1	2022-04-12T00:00:00	Mapeamento de Area de Risco				0
3374	Oeste	2022	Abril	2022-04-12T00:00:00	""	Monitoramento	Rua Vale do Jaguaribe, ?_$.	Varzea	Brega e Chique	R1	2022-04-12T00:00:00	Mapeamento de Area de Risco				0
3375	Oeste	2022	Abril	2022-04-12T00:00:00	""	Monitoramento	Rua Vale do Jaguaribe, >#'\	Varzea	Brega e Chique	R1	2022-04-12T00:00:00	Mapeamento de Area de Risco				0
3376	Oeste	2022	Abril	2022-04-12T00:00:00	""	Monitoramento	Rua Vale do Jaguaribe, $!>=	Varzea	Brega e Chique	R1	2022-04-12T00:00:00	Mapeamento de Area de Risco				0
3377	Oeste	2022	Abril	2022-04-12T00:00:00	""	Monitoramento	Rua Vale do Jaguaribe, @}>	Varzea	Brega e Chique	R1	2022-04-12T00:00:00	Mapeamento de Area de Risco				0
3378	Oeste	2022	Abril	2022-04-12T00:00:00	""	Monitoramento	Rua Vale do Jaguaribe, 9<-%	Varzea	Brega e Chique	R1	2022-04-12T00:00:00	Mapeamento de Area de Risco				0
3379	Oeste	2022	Abril	2022-04-12T00:00:00	""	Monitoramento	Rua Vale do Jaguaribe, %$<!	Varzea	Brega e Chique	R1	2022-04-12T00:00:00	Mapeamento de Area de Risco				0
3380	Oeste	2022	Abril	2022-04-12T00:00:00	""	Monitoramento	Rua Vale do Jaguaribe, .<^&	Varzea	Brega e Chique	R1	2022-04-12T00:00:00	Mapeamento de Area de Risco				0
3381	Oeste	2022	Abril	2022-04-12T00:00:00	""	Monitoramento	Rua Vale do Jaguaribe, ^[{	Varzea	Brega e Chique	R1	2022-04-12T00:00:00	Mapeamento de Area de Risco				0
3382	Oeste	2022	Abril	2022-04-12T00:00:00	""	Monitoramento	Rua Vale do Jaguaribe, {})!	Varzea	Brega e Chique	R1	2022-04-12T00:00:00	Mapeamento de Area de Risco				0
3383	Oeste	2022	Abril	2022-04-12T00:00:00	""	Monitoramento	Rua Vale do Jaguaribe, #^>	Varzea	Brega e Chique	R1	2022-04-12T00:00:00	Mapeamento de Area de Risco				0
3384	Oeste	2022	Abril	2022-04-12T00:00:00	""	Monitoramento	Rua Vale do Jaguaribe, ~|}[	Varzea	Brega e Chique	R1	2022-04-12T00:00:00	Mapeamento de Area de Risco				0
3385	Oeste	2022	Abril	2022-04-12T00:00:00	""	Monitoramento	Rua Vale do Jaguaribe, /@9=	Varzea	Brega e Chique	R1	2022-04-12T00:00:00	Mapeamento de Area de Risco				0
3386	Oeste	2022	Abril	2022-04-12T00:00:00	""	Monitoramento	"Rua Vale do Jaguaribe, #""#~"	Varzea	Brega e Chique	R1	2022-04-12T00:00:00	Mapeamento de Area de Risco				0
3387	Oeste	2022	Abril	2022-04-12T00:00:00	""	Monitoramento	"Rua Vale do Jaguaribe, +?""]"	Varzea	Brega e Chique	R1	2022-04-12T00:00:00	Mapeamento de Area de Risco				0
3388	Oeste	2022	Abril	2022-04-12T00:00:00	""	Monitoramento	"Rua Vale do Jaguaribe, ""#*9"	Varzea	Brega e Chique	R1	2022-04-12T00:00:00	Mapeamento de Area de Risco				0
3389	Oeste	2022	Abril	2022-04-12T00:00:00	""	Monitoramento	Rua Vale do Jaguaribe, #_|/	Varzea	Brega e Chique	R1	2022-04-12T00:00:00	Mapeamento de Area de Risco				0
3390	Oeste	2022	Abril	2022-04-12T00:00:00	""	Monitoramento	Rua Vale do Jaguaribe, .[?	Varzea	Brega e Chique	R1	2022-04-12T00:00:00	Mapeamento de Area de Risco				0
3391	Oeste	2022	Abril	2022-04-12T00:00:00	""	Monitoramento	Rua Vale do Jaguaribe, #$[	Varzea	Brega e Chique	R2	2022-04-12T00:00:00	Mapeamento de Area de Risco				0
3392	Oeste	2022	Abril	2022-04-12T00:00:00	""	""	Rua Vale do Jaguaribe, .[?	Varzea	Brega e Chique	""	2022-04-12T00:00:00	Acoes de Porta-Porta				0
3393	Oeste	2022	Abril	2022-04-12T00:00:00	""	Monitoramento	Rua Vale do Jaguaribe, `=-[	Varzea	Brega e Chique	R2	2022-04-12T00:00:00	Mapeamento de Area de Risco				0
3394	Oeste	2022	Abril	2022-04-12T00:00:00	""	""	Rua Vale do Jaguaribe, #_|/	Varzea	Brega e Chique	""	2022-04-12T00:00:00	Acoes de Porta-Porta				0
3395	Oeste	2022	Abril	2022-04-12T00:00:00	""	""	"Rua Vale do Jaguaribe, +?""]"	Varzea	Brega e Chique	""	2022-04-12T00:00:00	Acoes de Porta-Porta				0
3396	Oeste	2022	Abril	2022-04-12T00:00:00	""	""	"Rua Vale do Jaguaribe, +?""]"	Varzea	Brega e Chique	""	2022-04-12T00:00:00	Acoes de Porta-Porta				0
3397	Oeste	2022	Abril	2022-04-12T00:00:00	""	""	"Rua Vale do Jaguaribe, ""#*9"	Varzea	Brega e Chique	""	2022-04-12T00:00:00	Acoes de Porta-Porta				0
3398	Oeste	2022	Abril	2022-04-12T00:00:00	""	""	Rua Vale do Jaguaribe, #_|/	Varzea	Brega e Chique	""	2022-04-12T00:00:00	Acoes de Porta-Porta				0
3399	Oeste	2022	Abril	2022-04-12T00:00:00	""	""	Rua Vale do Jaguaribe, .[?	Varzea	Brega e Chique	""	2022-04-12T00:00:00	Acoes de Porta-Porta				0
3400	Oeste	2022	Abril	2022-04-12T00:00:00	""	""	Rua Vale do Jaguaribe, #$[	Varzea	Brega e Chique	""	2022-04-12T00:00:00	Acoes de Porta-Porta				0
3401	Oeste	2022	Abril	2022-04-12T00:00:00	""	""	Rua Vale do Jaguaribe, `=-[	Varzea	Brega e Chique	""	2022-04-12T00:00:00	Acoes de Porta-Porta				0
3402	Oeste	2022	Abril	2022-04-12T00:00:00	""	""	Rua Vale do Jaguaribe, ?_$.	Varzea	Brega e Chique	""	2022-04-12T00:00:00	Acoes de Porta-Porta				0
3403	Oeste	2022	Abril	2022-04-12T00:00:00	""	""	Rua Vale do Jaguaribe, >#'\	Varzea	Brega e Chique	""	2022-04-12T00:00:00	Acoes de Porta-Porta				0
3404	Oeste	2022	Abril	2022-04-12T00:00:00	""	""	Rua Vale do Jaguaribe, $!>=	Varzea	Brega e Chique	""	2022-04-12T00:00:00	Acoes de Porta-Porta				0
3405	Oeste	2022	Abril	2022-04-12T00:00:00	""	""	Rua Vale do Jaguaribe, @}>	Varzea	Brega e Chique	""	2022-04-12T00:00:00	Acoes de Porta-Porta				0
3406	Oeste	2022	Abril	2022-04-12T00:00:00	""	""	Rua Vale do Jaguaribe, 9<-%	Varzea	Brega e Chique	""	2022-04-12T00:00:00	Acoes de Porta-Porta				0
3407	Oeste	2022	Abril	2022-04-12T00:00:00	""	""	Rua Vale do Jaguaribe, %$<!	Varzea	Brega e Chique	""	2022-04-12T00:00:00	Acoes de Porta-Porta				0
3408	Oeste	2022	Abril	2022-04-12T00:00:00	""	""	Rua Vale do Jaguaribe, .<^&	Varzea	Brega e Chique	""	2022-04-12T00:00:00	Acoes de Porta-Porta				0
3409	Oeste	2022	Abril	2022-04-12T00:00:00	""	""	Rua Vale do Jaguaribe, ^[{	Varzea	Brega e Chique	""	2022-04-12T00:00:00	Acoes de Porta-Porta				0
3410	Oeste	2022	Abril	2022-04-12T00:00:00	""	""	Rua Vale do Jaguaribe, {})!	Varzea	Brega e Chique	""	2022-04-12T00:00:00	Acoes de Porta-Porta				0
3411	Oeste	2022	Abril	2022-04-12T00:00:00	""	""	Rua Vale do Jaguaribe, #^>	Varzea	Brega e Chique	""	2022-04-12T00:00:00	Acoes de Porta-Porta				0
3412	Oeste	2022	Abril	2022-04-12T00:00:00	""	""	Rua Vale do Jaguaribe, ~|}[	Varzea	Brega e Chique	""	2022-04-12T00:00:00	Acoes de Porta-Porta				0
3413	Oeste	2022	Abril	2022-04-12T00:00:00	""	""	Rua Vale do Jaguaribe, /@9=	Varzea	Brega e Chique	""	2022-04-12T00:00:00	Acoes de Porta-Porta				0
3414	Oeste	2022	Abril	2022-04-12T00:00:00	""	""	"Rua Vale do Jaguaribe, #""#~"	Varzea	Brega e Chique	""	2022-04-12T00:00:00	Acoes de Porta-Porta				0
3415	Oeste	2022	Abril	2022-04-12T00:00:00	""	""	"Rua Vale do Jaguaribe, ""#*9"	Varzea	Brega e Chique	""	2022-04-12T00:00:00	Acoes de Porta-Porta				0
3416	Oeste	2022	Abril	2022-04-12T00:00:00	""	Monitoramento	Rua Vale do Jaguaribe, ?_$.	Varzea	Brega e Chique	R1	2022-04-12T00:00:00	Mapeamento de Area de Risco				0
3417	Oeste	2022	Abril	2022-04-12T00:00:00	""	Monitoramento	Rua Vale do Jaguaribe, >#'\	Varzea	Brega e Chique	R3	2022-04-12T00:00:00	Mapeamento de Area de Risco				0
3418	Oeste	2022	Abril	2022-04-12T00:00:00	""	Monitoramento	Rua Vale do Jaguaribe, $!>=	Varzea	Brega e Chique	R2	2022-04-12T00:00:00	Mapeamento de Area de Risco				0
3419	Norte	2022	Abril	2022-04-12T00:00:00	""	Monitoramento	Rua Corrego Bombeirense, {})!	Agua Fria	Corrego do Bombeirense	""	2022-04-12T00:00:00	""				0
3420	Norte	2022	Abril	2022-04-12T00:00:00	""	Monitoramento	Rua Corrego Joao Francisco, #^>	Bomba do Hemeterio	Corrego Joao Francisco	""	2022-04-12T00:00:00	""				0
3421	Norte	2022	Abril	2022-04-12T00:00:00	""	Monitoramento	Rua Aramina, ~|}[	Bomba do Hemeterio	Corrego Joao Francisco	""	2022-04-12T00:00:00	""				0
3422	Norte	2022	Abril	2022-04-12T00:00:00	""	Monitoramento	Rua Venus, /@9=	Bomba do Hemeterio	Corrego Antonio Rodrigues	""	2022-04-12T00:00:00	""				0
3423	Norte	2022	Abril	2022-04-12T00:00:00	""	Monitoramento	"Rua Vencedora, #""#~"	Linha do Tiro	Corrego do Tiro	""	2022-04-12T00:00:00	""				0
3424	Norte	2022	Abril	2022-04-12T00:00:00	""	Monitoramento	"Rua Bilac, +?""]"	Bomba do Hemeterio	Corrego Antonio Rodrigues	""	2022-04-12T00:00:00	""				0
3425	Norte	2022	Abril	2022-04-12T00:00:00	""	Monitoramento	"Rua Bilac, ""#*9"	Bomba do Hemeterio	Corrego Antonio Rodrigues	""	2022-04-12T00:00:00	""				0
3426	Norte	2022	Abril	2022-04-12T00:00:00	""	Monitoramento	Rua Prof. Jose Amarino dos Reis, #_|/	Linha do Tiro	Corrego do Tiro	""	2022-04-12T00:00:00	""				0
3427	Norte	2022	Abril	2022-04-12T00:00:00	""	Monitoramento	Rua Tupanci, .[?	Bomba do Hemeterio	Corrego Antonio Rodrigues	""	2022-04-12T00:00:00	""				0
3428	Norte	2022	Abril	2022-04-12T00:00:00	""	Monitoramento	Rua Tupanci, #$[	Bomba do Hemeterio	Corrego Antonio Rodrigues	""	2022-04-12T00:00:00	""				0
3429	Norte	2022	Abril	2022-04-12T00:00:00	""	Monitoramento	Rua Tupanci, `=-[	Bomba do Hemeterio	Corrego Antonio Rodrigues	""	2022-04-12T00:00:00	""				0
3430	Norte	2022	Abril	2022-04-12T00:00:00	""	Monitoramento	Rua Venus, ?_$.	Bomba do Hemeterio	Corrego Antonio Rodrigues	""	2022-04-12T00:00:00	""				0
3431	Norte	2022	Abril	2022-04-12T00:00:00	""	Monitoramento	Rua Venus, >#'\	Bomba do Hemeterio	Corrego Antonio Rodrigues	""	2022-04-12T00:00:00	""				0
3432	Norte	2022	Abril	2022-04-12T00:00:00	""	Monitoramento	Rua Expedicionario Joao Maria, $!>=	Dois Unidos	Alto do Agave	""	2022-04-12T00:00:00	""				0
3433	Norte	2022	Abril	2022-04-12T00:00:00	""	Monitoramento	Rua Expedicionario Jesuino Ventura, @}>	Dois Unidos	Alto do Agave	""	2022-04-12T00:00:00	""				0
3434	Norte	2022	Abril	2022-04-12T00:00:00	""	Monitoramento	Rua Compositor Inaldo Mendonca, 9<-%	Dois Unidos	Alto do Capitao	""	2022-04-12T00:00:00	""				0
3435	Norte	2022	Abril	2022-04-12T00:00:00	""	Monitoramento	Rua Alvorada, .<^&	Dois Unidos	Alto do Rosario	""	2022-04-12T00:00:00	""				0
3436	Norte	2022	Abril	2022-04-12T00:00:00	""	Monitoramento	Rua Alvorada, ^[{	Dois Unidos	Alto do Rosario	""	2022-04-12T00:00:00	""				0
3437	Norte	2022	Abril	2022-04-12T00:00:00	""	Monitoramento	Rua da Alvorada, {})!	Dois Unidos	Alto do Rosario	""	2022-04-12T00:00:00	""				0
3438	Norte	2022	Abril	2022-04-12T00:00:00	""	Monitoramento	Rua Corrego Bombeirense, ^[{	Agua Fria	Corrego do Bombeirense	""	2022-04-12T00:00:00	""				0
3439	Norte	2022	Abril	2022-04-12T00:00:00	""	Vistoria	Rua Pastor Benoby, .<^&	Bomba do Hemeterio	Corrego Pastor Benoby	""	2022-04-12T00:00:00	""				0
3440	Norte	2022	Abril	2022-04-12T00:00:00	""	""	Rua Porto Real, %$<!	Beberibe	Porto da Madeira	""	2022-04-12T00:00:00	Rocagem				0
3441	Norte	2022	Abril	2022-04-12T00:00:00	""	""	Rua Platina, 9<-%	Dois Unidos	Alto do Capitao	""	2022-04-12T00:00:00	Rocagem				0
3442	Oeste	2022	Abril	2022-04-12T00:00:00	""	Monitoramento	Rua Vale do Jaguaribe, @}>	Varzea	Brega e Chique	R2	2022-04-12T00:00:00	Mapeamento de Area de Risco				0
3443	Oeste	2022	Abril	2022-04-12T00:00:00	""	Monitoramento	Rua Vale do Jaguaribe, 9<-%	Varzea	Brega e Chique	R2	2022-04-12T00:00:00	Mapeamento de Area de Risco				0
3444	Oeste	2022	Abril	2022-04-12T00:00:00	""	Monitoramento	Rua Vale do Jaguaribe, %$<!	Varzea	Brega e Chique	R2	2022-04-12T00:00:00	Mapeamento de Area de Risco				0
3445	Oeste	2022	Abril	2022-04-12T00:00:00	""	Monitoramento	Rua Vale do Jaguaribe, .<^&	Varzea	Brega e Chique	R2	2022-04-12T00:00:00	Mapeamento de Area de Risco				0
3446	Oeste	2022	Abril	2022-04-12T00:00:00	""	Monitoramento	Rua Vale do Jaguaribe, ^[{	Varzea	Brega e Chique	R2	2022-04-12T00:00:00	Mapeamento de Area de Risco				0
3447	Oeste	2022	Abril	2022-04-12T00:00:00	""	Monitoramento	Rua Vale do Jaguaribe, {})!	Varzea	Brega e Chique	R2	2022-04-12T00:00:00	Mapeamento de Area de Risco				0
3448	Oeste	2022	Abril	2022-04-12T00:00:00	""	Monitoramento	Rua Vale do Jaguaribe, #^>	Varzea	Brega e Chique	R2	2022-04-12T00:00:00	Mapeamento de Area de Risco				0
3449	Oeste	2022	Abril	2022-04-12T00:00:00	""	Monitoramento	Rua Vale do Jaguaribe, ~|}[	Varzea	Brega e Chique	R2	2022-04-12T00:00:00	Mapeamento de Area de Risco				0
3450	Oeste	2022	Abril	2022-04-12T00:00:00	""	Monitoramento	Rua Vale do Jaguaribe, /@9=	Varzea	Brega e Chique	R2	2022-04-12T00:00:00	Mapeamento de Area de Risco				0
3451	Norte	2022	Abril	2022-04-12T00:00:00	""	Monitoramento	Rua Vertentes do Lerio, {})!	Dois Unidos	Alto do Rosario	R1	2022-04-12T00:00:00	""				0
3452	Oeste	2022	Abril	2022-04-12T00:00:00	""	Monitoramento	"Rua Vale do Jaguaribe, #""#~"	Varzea	Brega e Chique	R2	2022-04-12T00:00:00	Mapeamento de Area de Risco				0
3453	Oeste	2022	Abril	2022-04-12T00:00:00	""	Monitoramento	"Rua Vale do Jaguaribe, ""#*9"	Varzea	Brega e Chique	R2	2022-04-12T00:00:00	Mapeamento de Area de Risco				0
3454	Oeste	2022	Abril	2022-04-12T00:00:00	""	Monitoramento	Rua Vale do Jaguaribe, #_|/	Varzea	Brega e Chique	R2	2022-04-12T00:00:00	Mapeamento de Area de Risco				0
3455	Oeste	2022	Abril	2022-04-12T00:00:00	""	Monitoramento	Rua Vale do Jaguaribe, .[?	Varzea	Brega e Chique	R2	2022-04-12T00:00:00	Mapeamento de Area de Risco				0
3456	Oeste	2022	Abril	2022-04-12T00:00:00	""	Monitoramento	Rua Vale do Jaguaribe, #$[	Varzea	Brega e Chique	R2	2022-04-12T00:00:00	Mapeamento de Area de Risco				0
3457	Oeste	2022	Abril	2022-04-12T00:00:00	""	Monitoramento	Rua Vale do Jaguaribe, `=-[	Varzea	Brega e Chique	R2	2022-04-12T00:00:00	Mapeamento de Area de Risco				0
3458	Oeste	2022	Abril	2022-04-12T00:00:00	""	Monitoramento	Rua Vale do Jaguaribe, ?_$.	Varzea	Brega e Chique	R2	2022-04-12T00:00:00	Mapeamento de Area de Risco				0
3459	Oeste	2022	Abril	2022-04-12T00:00:00	""	Monitoramento	Rua Vale do Jaguaribe, >#'\	Varzea	Brega e Chique	R2	2022-04-12T00:00:00	Mapeamento de Area de Risco				0
3460	Oeste	2022	Abril	2022-04-12T00:00:00	""	Monitoramento	Rua Vale do Jaguaribe, $!>=	Varzea	Brega e Chique	R2	2022-04-12T00:00:00	Mapeamento de Area de Risco				0
3461	Norte	2022	Abril	2022-04-12T00:00:00	""	""	Rua Lumiar, @}>	Dois Unidos	Alto do Capitao	""	2022-04-12T00:00:00	Rocagem				0
3462	Oeste	2022	Abril	2022-04-12T00:00:00	""	Monitoramento	"Rua Vale do Jaguaribe, +?""]"	Varzea	Brega e Chique	R2	2022-04-12T00:00:00	Mapeamento de Area de Risco				0
3463	Noroeste	2022	Abril	2022-04-08T00:00:00	""	Monitoramento	"Rua Alto do Bambui, ""#*9"	Vasco da Gama 	Alto Nossa Senhora de Fatima	R3	2022-04-08T00:00:00	Mapeamento de Area de Risco				0
3464	Sul	2022	Abril	2022-04-07T00:00:00	""	Colocação de Lonas Plásticas	"2ª Travessa Professor, +?""]"	Cohab	Ur 04	""	2022-04-07T00:00:00	Mapeamento de Area de Risco	1	20	8	160
3465	Noroeste	2022	Abril	2022-04-08T00:00:00	""	Monitoramento	Subida Tereza Carneiro, .[?	Nova Descoberta	Corrego do Eucalipto	R3	2022-04-08T00:00:00	Mapeamento de Area de Risco				0
3466	Nordeste	2022	Abril	2022-04-04T00:00:00	""	Monitoramento	Rua Rosal, 9<-%	Nova Descoberta	Alto do Reservatorio	R2	2022-04-04T00:00:00	Atendimento Social				0
3467	Nordeste	2022	Abril	2022-04-04T00:00:00	""	Monitoramento	2ª Travessa Alvares Florense, %$<!	Guabiraba	Corrego do Jenipapo	R2	2022-04-04T00:00:00	""				0
3468	Nordeste	2022	Abril	2022-04-04T00:00:00	""	Monitoramento	2ª Travessa Alvares Florense, .<^&	Guabiraba	Corrego do Jenipapo	R2	2022-04-04T00:00:00	Atendimento Social				0
3469	Nordeste	2022	Abril	2022-04-04T00:00:00	""	Monitoramento	2ª Travessa Alvares Florense, ^[{	Guabiraba	Corrego do Jenipapo	R2	2022-04-04T00:00:00	Atendimento Social				0
3470	Nordeste	2022	Abril	2022-04-04T00:00:00	""	Monitoramento	Rua Antonio Dias Adorno, {})!	Guabiraba	Corrego do Jenipapo	R3	2022-04-04T00:00:00	Atendimento Social				0
3471	Nordeste	2022	Abril	2022-04-04T00:00:00	""	Monitoramento	Rua Antonio Dias Adorno, #^>	Guabiraba	Corrego do Jenipapo	R3	2022-04-04T00:00:00	Atendimento Social				0
3472	Nordeste	2022	Abril	2022-04-04T00:00:00	""	Monitoramento	Rua Antonio Dias Adorno, ~|}[	Guabiraba	Corrego do Jenipapo	R3	2022-04-04T00:00:00	Atendimento Social				0
3473	Nordeste	2022	Abril	2022-04-04T00:00:00	""	Monitoramento	Rua Antonio Dias Adorno, /@9=	Guabiraba	Corrego do Jenipapo	R3	2022-04-04T00:00:00	Atendimento Social				0
3474	Nordeste	2022	Abril	2022-04-04T00:00:00	""	Monitoramento	"Rua Corrego da Loura, #""#~"	Brejo da Guabiraba	Corrego da Loura	R3	2022-04-04T00:00:00	Atendimento Social				0
3475	Nordeste	2022	Abril	2022-04-04T00:00:00	""	Monitoramento	"Rua Corrego da Loura, +?""]"	Brejo da Guabiraba	Corrego da Loura	R3	2022-04-04T00:00:00	Atendimento Social				0
3476	Nordeste	2022	Abril	2022-04-04T00:00:00	""	Monitoramento	"Subida do Joaquim, ""#*9"	Nova Descoberta	Alto do Reservatorio	R2	2022-04-04T00:00:00	Atendimento Social				0
3477	Nordeste	2022	Abril	2022-04-04T00:00:00	""	Monitoramento	Rua Umirim, #_|/	Nova Descoberta	Alto do Venancio	R3	2022-04-04T00:00:00	Atendimento Social				0
3478	Nordeste	2022	Abril	2022-04-04T00:00:00	""	Monitoramento	Rua Umirim, .[?	Nova Descoberta	Alto do Venancio	R3	2022-04-04T00:00:00	Atendimento Social				0
3479	Nordeste	2022	Abril	2022-04-04T00:00:00	""	Monitoramento	Alto do Reservatorio, #$[	Nova Descoberta	Alto do Reservatorio	R3	2022-04-04T00:00:00	Atendimento Social				0
3480	Nordeste	2022	Abril	2022-04-04T00:00:00	""	Monitoramento	Alto do Reservatorio, `=-[	Nova Descoberta	Alto do Reservatorio	R3	2022-04-04T00:00:00	Atendimento Social				0
3481	Nordeste	2022	Abril	2022-04-04T00:00:00	""	Monitoramento	Alto do Reservatorio, ?_$.	Nova Descoberta	Alto do Reservatorio	R3	2022-04-04T00:00:00	Atendimento Social				0
3482	Nordeste	2022	Abril	2022-04-04T00:00:00	""	Monitoramento	Rua Alto da Brasileira, >#'\	Nova Descoberta	Alto da Brasileira	R2	2022-04-04T00:00:00	Atendimento Social				0
3483	Nordeste	2022	Abril	2022-04-04T00:00:00	""	Monitoramento	Rua Alto da Brasileira, $!>=	Nova Descoberta	Alto da Brasileira	R2	2022-04-04T00:00:00	Atendimento Social				0
3484	Nordeste	2022	Abril	2022-04-04T00:00:00	""	Monitoramento	Rua Cubha Pora, @}>	Nova Descoberta	Corrego do Joaquim	R3	2022-04-04T00:00:00	Atendimento Social				0
3485	Nordeste	2022	Abril	2022-04-04T00:00:00	""	Monitoramento	Rua Cubha Pora, 9<-%	Nova Descoberta	Corrego do Joaquim	R3	2022-04-04T00:00:00	Atendimento Social				0
3486	Nordeste	2022	Abril	2022-04-04T00:00:00	""	Monitoramento	Rua Cubha Pora, %$<!	Nova Descoberta	Corrego do Joaquim	R3	2022-04-04T00:00:00	Atendimento Social				0
3487	Nordeste	2022	Abril	2022-04-04T00:00:00	""	Monitoramento	Rua Antonio Dias Adorno, @}>	Guabiraba	Corrego do Jenipapo	R2	2022-04-04T00:00:00	Atendimento Social				0
3488	Nordeste	2022	Abril	2022-04-04T00:00:00	""	Monitoramento	Rua Antonio Dias Adorno, $!>=	Guabiraba	Corrego do Jenipapo	R3	2022-04-04T00:00:00	Atendimento Social				0
3489	Nordeste	2022	Abril	2022-04-04T00:00:00	""	Monitoramento	Rua Antonio Dias Adorno, >#'\	Guabiraba	Corrego do Jenipapo	R3	2022-04-04T00:00:00	Atendimento Social				0
3490	Nordeste	2022	Abril	2022-04-04T00:00:00	""	Monitoramento	Rua Antonio Dias Adorno, ?_$.	Guabiraba	Corrego do Jenipapo	R2	2022-04-04T00:00:00	Atendimento Social				0
3491	Noroeste	2022	Abril	2022-04-04T00:00:00	""	Monitoramento	Rua Arare, .[?	Vasco da Gama 	Alto do Eucalipto	R3	2022-04-04T00:00:00	Mapeamento de Area de Risco				0
3492	Noroeste	2022	Abril	2022-04-04T00:00:00	""	Monitoramento	Rua Antonio Pinto Lapa, #$[	Vasco da Gama 	Vasco da Gama	R3	2022-04-04T00:00:00	Mapeamento de Area de Risco				0
3493	Noroeste	2022	Abril	2022-04-04T00:00:00	""	Monitoramento	Rua Estreliana, `=-[	Nao Informado	Alto Jose do Pinho	R3	2022-04-04T00:00:00	Mapeamento de Area de Risco				0
3494	Noroeste	2022	Abril	2022-04-04T00:00:00	""	Monitoramento	4ª Subida do Comissario, ?_$.	Nova Descoberta	Corrego da Joselia	R3	2022-04-04T00:00:00	Mapeamento de Area de Risco				0
3495	Noroeste	2022	Abril	2022-04-04T00:00:00	""	Monitoramento	Rua Alto do Bambui, >#'\	Vasco da Gama 	Alto Nossa Senhora de Fatima	R3	2022-04-04T00:00:00	Mapeamento de Area de Risco				0
3496	Noroeste	2022	Abril	2022-04-04T00:00:00	""	Monitoramento	Rua Itabora, $!>=	Vasco da Gama 	Vasco da Gama	R3	2022-04-04T00:00:00	Mapeamento de Area de Risco				0
3497	Noroeste	2022	Abril	2022-04-04T00:00:00	""	Monitoramento	Subida Tereza Carneiro, @}>	Nova Descoberta	Corrego do Eucalipto	R3	2022-04-04T00:00:00	Mapeamento de Area de Risco				0
3498	Noroeste	2022	Abril	2022-04-04T00:00:00	""	Monitoramento	Rua Angai, 9<-%	Nova Descoberta	Nova Descoberta	R3	2022-04-04T00:00:00	Mapeamento de Area de Risco				0
3499	Noroeste	2022	Abril	2022-04-04T00:00:00	""	Monitoramento	Rua Humberto Carneiro, %$<!	Casa Amarela 	Alto Santa Isabel	R3	2022-04-04T00:00:00	Mapeamento de Area de Risco				0
3500	Noroeste	2022	Abril	2022-04-04T00:00:00	""	Monitoramento	1ª Travessa Arandu, .<^&	Morro da Conceicao	Morro da Conceicao	R3	2022-04-04T00:00:00	Mapeamento de Area de Risco				0
3501	Nordeste	2022	Abril	2022-04-04T00:00:00	""	Monitoramento	Rua Cubha Pora, .<^&	Nova Descoberta	Corrego do Joaquim	R3	2022-04-04T00:00:00	Atendimento Social				0
3502	Noroeste	2022	Abril	2022-04-04T00:00:00	""	Monitoramento	Rua Sao Domingos Savio, ^[{	Alto Jose Bonifacio 	Corrego Sao Domingos Savio	R3	2022-04-04T00:00:00	Mapeamento de Area de Risco				0
3503	Noroeste	2022	Abril	2022-04-04T00:00:00	""	Monitoramento	Rua Diadema, #^>	Vasco da Gama 	Vasco da Gama	R3	2022-04-04T00:00:00	Mapeamento de Area de Risco				0
3504	Noroeste	2022	Abril	2022-04-04T00:00:00	""	Monitoramento	Rua Francisco Gomes Machado, ~|}[	Nova Descoberta	Nova Descoberta	R3	2022-04-04T00:00:00	Mapeamento de Area de Risco				0
3505	Noroeste	2022	Abril	2022-04-04T00:00:00	""	Monitoramento	Rua Taquaral, /@9=	Vasco da Gama 	Alto 13 de Maio	R3	2022-04-04T00:00:00	Mapeamento de Area de Risco				0
3506	Noroeste	2022	Abril	2022-04-04T00:00:00	""	Monitoramento	"Rua Severino Barbosa, #""#~"	Nova Descoberta	Alto Jardim Progresso	R3	2022-04-04T00:00:00	Mapeamento de Area de Risco				0
3507	Nordeste	2022	Abril	2022-04-04T00:00:00	""	""	"Rua Alpinopolis, +?""]"	Guabiraba	Corrego Jose Idalino	""	2022-04-04T00:00:00	Rocagem	1	20	10	200
3508	Nordeste	2022	Abril	2022-04-04T00:00:00	""	Monitoramento	"Travessa Alto do Reservatorio, ""#*9"	Nova Descoberta	Alto do Reservatorio	R1	2022-04-04T00:00:00	Atendimento Social				0
3509	Nordeste	2022	Abril	2022-04-04T00:00:00	""	Monitoramento	Rua Alto do Reservatorio, #_|/	Nova Descoberta	Alto do Reservatorio	R2	2022-04-04T00:00:00	Atendimento Social				0
3510	Nordeste	2022	Abril	2022-04-04T00:00:00	""	Monitoramento	Rua Antonio Dias Adorno, .[?	Guabiraba	Corrego do Jenipapo	R2	2022-04-04T00:00:00	Atendimento Social				0
3511	Nordeste	2022	Abril	2022-04-04T00:00:00	""	Monitoramento	Rua Umirim, #$[	Brejo da Guabiraba	Corrego da Loura	R3	2022-04-04T00:00:00	Atendimento Social				0
3512	Nordeste	2022	Abril	2022-04-04T00:00:00	""	Monitoramento	Rua Umirim, `=-[	Brejo da Guabiraba	Corrego da Loura	R3	2022-04-04T00:00:00	Atendimento Social				0
3513	Noroeste	2022	Abril	2022-04-04T00:00:00	""	Monitoramento	Rua Jose Carneiro Lins, {})!	Nova Descoberta	Nova Descoberta	R3	2022-04-04T00:00:00	Mapeamento de Area de Risco				0
3514	Nordeste	2022	Abril	2022-04-04T00:00:00	""	Monitoramento	Rua Cubha Pora, ^[{	Nova Descoberta	Corrego do Joaquim	R3	2022-04-04T00:00:00	Atendimento Social				0
3515	Nordeste	2022	Abril	2022-04-04T00:00:00	""	Monitoramento	4ª Travessa do Tadeu, {})!	Nova Descoberta	Corrego do Joaquim	R1	2022-04-04T00:00:00	Atendimento Social				0
3516	Nordeste	2022	Abril	2022-04-04T00:00:00	""	Monitoramento	4ª Travessa do Tadeu, #^>	Nova Descoberta	Corrego do Joaquim	R1	2022-04-04T00:00:00	Atendimento Social				0
3517	Oeste	2022	Abril	2022-04-02T00:00:00	""	Colocação de Lonas Plásticas	Rua Pico da Bandeira, #$[	Cohab	Jardim Monte Verde	""	2022-04-02T00:00:00	""	3	20	8	480
3518	Oeste	2022	Abril	2022-04-02T00:00:00	""	Colocação de Lonas Plásticas	Rua Pico da Bandeira, `=-[	Cohab	Jardim Monte Verde	""	2022-04-02T00:00:00	Rocagem	2	20	8	320
3519	Oeste	2022	Abril	2022-04-02T00:00:00	""	Colocação de Lonas Plásticas	Rua Pico da Bandeira, ?_$.	Cohab	Jardim Monte Verde	""	2022-04-02T00:00:00	Rocagem	2	20	8	320
3520	Oeste	2022	Abril	2022-04-02T00:00:00	""	Colocação de Lonas Plásticas	Rua Pico da Bandeira, >#'\	Cohab	Jardim Monte Verde	""	2022-04-02T00:00:00	""	1	20	8	160
3521	Oeste	2022	Abril	2022-04-02T00:00:00	""	Colocação de Lonas Plásticas	Rua Pico da Neblina, $!>=	Cohab	Jardim Monte Verde	""	2022-04-02T00:00:00	Rocagem	2	20	8	320
3522	Oeste	2022	Abril	2022-04-02T00:00:00	""	Colocação de Lonas Plásticas	Rua Pico da Neblina, @}>	Cohab	Jardim Monte Verde	""	2022-04-02T00:00:00	""	2	20	8	320
3523	Oeste	2022	Abril	2022-04-02T00:00:00	""	Colocação de Lonas Plásticas	Rua Pico da Neblina, 9<-%	Cohab	Jardim Monte Verde	""	2022-04-02T00:00:00	Rocagem	4	20	8	640
3524	Oeste	2022	Abril	2022-04-02T00:00:00	""	Colocação de Lonas Plásticas	Rua Engenho Noruega, %$<!	Cohab	Ur 02	""	2022-04-02T00:00:00	""	2	20	8	320
3525	Oeste	2022	Abril	2022-04-02T00:00:00	""	Colocação de Lonas Plásticas	Rua Engenho Noruega, .<^&	Cohab	Ur 02	""	2022-04-02T00:00:00	""	3	20	8	480
3526	Oeste	2022	Abril	2022-04-02T00:00:00	""	Colocação de Lonas Plásticas	Rua Engenho Titara, ^[{	Cohab	Ur 03	""	2022-04-02T00:00:00	""	3	20	8	480
3527	Sul	2022	Abril	2022-04-02T00:00:00	""	Colocação de Lonas Plásticas	Rua Lavrinhas, .[?	Cohab	Ur 10	""	2022-04-02T00:00:00	Mapeamento de Area de Risco	1	15	8	120
3528	Oeste	2022	Abril	2022-04-02T00:00:00	""	Colocação de Lonas Plásticas	Rua Engenho Titara, {})!	Cohab	Ur 03	""	2022-04-02T00:00:00	""	2	20	2	80
3529	Oeste	2022	Abril	2022-04-02T00:00:00	""	Colocação de Lonas Plásticas	Rua Engenho Titara, ~|}[	Cohab	Ur 03	""	2022-04-02T00:00:00	""	2	20	8	320
3530	Oeste	2022	Abril	2022-04-02T00:00:00	""	Colocação de Lonas Plásticas	Rua Engenho Titara, /@9=	Cohab	Ur 03	""	2022-04-02T00:00:00	""	2	20	8	320
3531	Oeste	2022	Abril	2022-04-02T00:00:00	""	Colocação de Lonas Plásticas	"Rua Engenho Titara, #""#~"	Cohab	Ur 03	""	2022-04-02T00:00:00	""	1	20	8	160
3532	Oeste	2022	Abril	2022-04-02T00:00:00	""	Colocação de Lonas Plásticas	"Rua Engenho Titara, +?""]"	Cohab	Ur 03	""	2022-04-02T00:00:00	""	3	20	8	480
3533	Norte	2022	Abril	2022-04-02T00:00:00	""	Colocação de Lonas Plásticas	"Rua Corrego da Jaqueira, ""#*9"	Linha do Tiro	Alto da Jaqueira	""	2022-04-02T00:00:00	""	4	30	8	960
3534	Norte	2022	Abril	2022-04-02T00:00:00	""	Colocação de Lonas Plásticas	Rua Alcantil, #_|/	Linha do Tiro	Alto da Jaqueira	""	2022-04-02T00:00:00	""	6	30	8	1440
3535	Norte	2022	Abril	2022-04-02T00:00:00	""	Colocação de Lonas Plásticas	Rua Corrego da Jaqueira, .[?	Linha do Tiro	Alto da Jaqueira	""	2022-04-02T00:00:00	""	2	20	8	320
3536	Norte	2022	Abril	2022-04-02T00:00:00	""	Colocação de Lonas Plásticas	Rua Corrego da Jaqueira, #$[	Linha do Tiro	Alto da Jaqueira	""	2022-04-02T00:00:00	""	4	20	8	640
3537	Noroeste	2022	Abril	2022-04-02T00:00:00	""	Colocação de Lonas Plásticas	Rua Cristal, `=-[	Nova Descoberta	Alto Jardim Progresso	""	2022-04-02T00:00:00	""	3	15	8	360
3538	Noroeste	2022	Abril	2022-04-02T00:00:00	""	Colocação de Lonas Plásticas	Rua Crisciuma, ?_$.	Nova Descoberta	Alto Jardim Progresso	""	2022-04-02T00:00:00	""	2	15	8	240
3539	Oeste	2022	Abril	2022-04-02T00:00:00	""	Colocação de Lonas Plásticas	Rua Engenho Titara, #^>	Cohab	Ur 03	""	2022-04-02T00:00:00	""	2	20	8	320
3540	Noroeste	2022	Abril	2022-04-04T00:00:00	""	Monitoramento	Rua Eduardo Menezes, #_|/	Vasco da Gama 	Alto Resplendor	R3	2022-04-04T00:00:00	Mapeamento de Area de Risco				0
3541	Sul	2022	Abril	2022-04-02T00:00:00	""	Colocação de Lonas Plásticas	Rua Lavrinhas, #_|/	Cohab	Ur 10	""	2022-04-02T00:00:00	Mapeamento de Area de Risco	1	20	8	160
3542	Sul	2022	Abril	2022-04-02T00:00:00	""	Colocação de Lonas Plásticas	"Rua Lavrinhas, +?""]"	Cohab	Ur 10	""	2022-04-02T00:00:00	Mapeamento de Area de Risco	2	15	8	240
3543	Nordeste	2022	Abril	2022-04-04T00:00:00	""	""	Rua Alpinopolis, ~|}[	Guabiraba	Corrego Jose Idalino	""	2022-04-04T00:00:00	Rocagem	1	20	10	200
3544	Nordeste	2022	Abril	2022-04-04T00:00:00	""	""	Rua Cascata, /@9=	Guabiraba	Corrego Jose Idalino	""	2022-04-04T00:00:00	Capinacao	1	35	10	350
3545	Nordeste	2022	Abril	2022-04-04T00:00:00	""	""	"Rua Alto do Reservatorio, #""#~"	Nova Descoberta	Alto do Reservatorio	""	2022-04-04T00:00:00	Capinacao	1	25	10	250
3546	Nordeste	2022	Abril	2022-04-04T00:00:00	""	""	"Rua Eliza Cabral, +?""]"	Passarinho	Passarinho Alto	""	2022-04-04T00:00:00	Capinacao	1	36	10	360
3547	Nordeste	2022	Abril	2022-04-04T00:00:00	""	Monitoramento	"Travessa das Fronteiras, ""#*9"	Dois Irmaos	Corrego da Fortuna	R3	2022-04-04T00:00:00	""				0
3548	Nordeste	2022	Abril	2022-04-04T00:00:00	""	Monitoramento	Rua Sitio Sao Bras, #_|/	Dois Irmaos	Sitio Sao Bras	R2	2022-04-04T00:00:00	""				0
3549	Nordeste	2022	Abril	2022-04-04T00:00:00	""	Monitoramento	Rua Corrego do Joaquim, .[?	Nova Descoberta	Corrego do Joaquim	R2	2022-04-04T00:00:00	Atendimento Social				0
3550	Nordeste	2022	Abril	2022-04-04T00:00:00	""	Monitoramento	Rua Corrego do Joaquim, #$[	Nova Descoberta	Corrego do Joaquim	R2	2022-04-04T00:00:00	Atendimento Social				0
3551	Nordeste	2022	Abril	2022-04-04T00:00:00	""	Monitoramento	Rua Corrego do Joaquim, `=-[	Nova Descoberta	Corrego do Joaquim	R2	2022-04-04T00:00:00	Atendimento Social				0
3552	Nordeste	2022	Abril	2022-04-04T00:00:00	""	Monitoramento	Rua Corrego do Joaquim, ?_$.	Nova Descoberta	Corrego do Joaquim	R1	2022-04-04T00:00:00	Atendimento Social				0
3553	Sul	2022	Abril	2022-04-02T00:00:00	""	Colocação de Lonas Plásticas	"Rua Lavrinhas, ""#*9"	Cohab	Ur 10	""	2022-04-02T00:00:00	Mapeamento de Area de Risco	3	15	8	360
3554	Nordeste	2022	Abril	2022-04-04T00:00:00	""	Monitoramento	Rua Novo Lino, >#'\	Nova Descoberta	Corrego do Joaquim	R2	2022-04-04T00:00:00	Atendimento Social				0
3555	Nordeste	2022	Abril	2022-04-04T00:00:00	""	Monitoramento	Rua Novo Lino, @}>	Nova Descoberta	Corrego do Joaquim	R2	2022-04-04T00:00:00	Atendimento Social				0
3556	Nordeste	2022	Abril	2022-04-04T00:00:00	""	Monitoramento	Rua Novo Lino, 9<-%	Nova Descoberta	Corrego do Joaquim	R2	2022-04-04T00:00:00	Atendimento Social				0
3557	Nordeste	2022	Abril	2022-04-04T00:00:00	""	Monitoramento	Rua Novo Lino, %$<!	Nova Descoberta	Corrego do Joaquim	R2	2022-04-04T00:00:00	Atendimento Social				0
3558	Nordeste	2022	Abril	2022-04-04T00:00:00	""	Monitoramento	Rua Novo Lino, .<^&	Nova Descoberta	Corrego do Joaquim	R2	2022-04-04T00:00:00	Atendimento Social				0
3559	Nordeste	2022	Abril	2022-04-04T00:00:00	""	Monitoramento	Rua Novo Lino, ^[{	Nova Descoberta	Corrego do Joaquim	R2	2022-04-04T00:00:00	Atendimento Social				0
3560	Sul	2022	Abril	2022-04-02T00:00:00	""	Colocação de Lonas Plásticas	Rua Henrique Portela, {})!	Cohab	Ur 10	""	2022-04-02T00:00:00	Mapeamento de Area de Risco	1	15	8	120
3561	Sul	2022	Abril	2022-04-02T00:00:00	""	Colocação de Lonas Plásticas	Rua Henrique Portela, #^>	Cohab	Ur 10	""	2022-04-02T00:00:00	Mapeamento de Area de Risco	1	20	8	160
3562	Sul	2022	Abril	2022-04-02T00:00:00	""	Colocação de Lonas Plásticas	Rua Henrique Portela, ~|}[	Cohab	Ur 10	""	2022-04-02T00:00:00	Mapeamento de Area de Risco	2	15	8	240
3563	Sul	2022	Abril	2022-04-02T00:00:00	""	Colocação de Lonas Plásticas	Rua Eneas de Oliveira Filho, /@9=	Cohab	Ur 10	""	2022-04-02T00:00:00	Mapeamento de Area de Risco	1	20	8	160
3564	Sul	2022	Abril	2022-04-02T00:00:00	""	Colocação de Lonas Plásticas	"Rua Eneas de Oliveira Filho, #""#~"	Cohab	Ur 10	""	2022-04-02T00:00:00	Mapeamento de Area de Risco	3	15	8	360
3565	Nordeste	2022	Abril	2022-04-04T00:00:00	""	Monitoramento	Rua Novo Lino, $!>=	Nova Descoberta	Corrego do Joaquim	R2	2022-04-04T00:00:00	Atendimento Social				0
3566	Noroeste	2022	Abril	2022-04-04T00:00:00	""	Monitoramento	"Rua Alto Itauna, ""#*9"	Alto Jose Bonifacio 	Alto Jose Bonifacio	R3	2022-04-04T00:00:00	Mapeamento de Area de Risco				0
3567	Noroeste	2022	Abril	2022-04-04T00:00:00	""	Monitoramento	"Rua Brejo de Areia, +?""]"	Alto Jose Bonifacio 	Alto Jose Bonifacio	R3	2022-04-04T00:00:00	Mapeamento de Area de Risco				0
3568	Noroeste	2022	Abril	2022-04-04T00:00:00	""	Monitoramento	"Rua Hilca Machado, #""#~"	Nova Descoberta	Olho D'Agua	R3	2022-04-04T00:00:00	Mapeamento de Area de Risco				0
3569	Norte	2022	Abril	2022-04-04T00:00:00	""	Monitoramento	"Rua Corrego do Deodato, ""#*9"	Agua Fria	Corrego do Deodato	""	2022-04-04T00:00:00	""				0
3570	Norte	2022	Abril	2022-04-04T00:00:00	""	Monitoramento	Rua Corrego do Deodato, #_|/	Agua Fria	Corrego do Deodato	""	2022-04-04T00:00:00	""				0
3571	Norte	2022	Abril	2022-04-04T00:00:00	""	Monitoramento	Rua Luziania, .[?	Linha do Tiro	Alto da Jaqueira	""	2022-04-04T00:00:00	""				0
3572	Norte	2022	Abril	2022-04-04T00:00:00	""	Monitoramento	Rua Luziania, #$[	Linha do Tiro	Alto da Jaqueira	""	2022-04-04T00:00:00	""				0
3573	Norte	2022	Abril	2022-04-04T00:00:00	""	Monitoramento	Rua Luziania, `=-[	Linha do Tiro	Alto da Jaqueira	""	2022-04-04T00:00:00	""				0
3574	Norte	2022	Abril	2022-04-04T00:00:00	""	Monitoramento	Rua Luziania, ?_$.	Linha do Tiro	Alto da Jaqueira	""	2022-04-04T00:00:00	""				0
3575	Norte	2022	Abril	2022-04-04T00:00:00	""	Monitoramento	Rua Bilac, >#'\	Bomba do Hemeterio	Corrego Antonio Rodrigues	""	2022-04-04T00:00:00	""				0
3576	Norte	2022	Abril	2022-04-04T00:00:00	""	Monitoramento	Rua Bilac, $!>=	Bomba do Hemeterio	Corrego Antonio Rodrigues	""	2022-04-04T00:00:00	""				0
3577	Norte	2022	Abril	2022-04-04T00:00:00	""	Monitoramento	Rua Vencedora, @}>	Linha do Tiro	Corrego do Tiro	""	2022-04-04T00:00:00	""				0
3578	Norte	2022	Abril	2022-04-04T00:00:00	""	Monitoramento	Rua Tenente Jose Antonio, 9<-%	Linha do Tiro	Corrego do Tiro	""	2022-04-04T00:00:00	""				0
3579	Norte	2022	Abril	2022-04-04T00:00:00	""	Monitoramento	"Rua Salutares, +?""]"	Agua Fria	Corrego do Deodato	""	2022-04-04T00:00:00	""				0
3580	Norte	2022	Abril	2022-04-04T00:00:00	""	Monitoramento	Rua Prof. Jose Amarino dos Reis, %$<!	Linha do Tiro	Corrego do Tiro	""	2022-04-04T00:00:00	""				0
3581	Norte	2022	Abril	2022-04-04T00:00:00	""	Monitoramento	Rua Tupanci, ^[{	Bomba do Hemeterio	Corrego Antonio Rodrigues	""	2022-04-04T00:00:00	""				0
3582	Norte	2022	Abril	2022-04-04T00:00:00	""	Monitoramento	Rua Tupanci, {})!	Bomba do Hemeterio	Corrego Antonio Rodrigues	""	2022-04-04T00:00:00	""				0
3583	Norte	2022	Abril	2022-04-04T00:00:00	""	Monitoramento	Rua Venus, #^>	Bomba do Hemeterio	Corrego Antonio Rodrigues	""	2022-04-04T00:00:00	""				0
3584	Norte	2022	Abril	2022-04-04T00:00:00	""	Monitoramento	Rua Venus, ~|}[	Bomba do Hemeterio	Corrego Antonio Rodrigues	""	2022-04-04T00:00:00	""				0
3585	Norte	2022	Abril	2022-04-04T00:00:00	""	Monitoramento	Rua Alcobaca, /@9=	Agua Fria	Corrego do Deodato	""	2022-04-04T00:00:00	""				0
3586	Norte	2022	Abril	2022-04-04T00:00:00	""	Monitoramento	"Rua Alcobaca, #""#~"	Agua Fria	Corrego do Deodato	""	2022-04-04T00:00:00	""				0
3587	Norte	2022	Abril	2022-04-04T00:00:00	""	Monitoramento	"Rua Nossa Senhora de Fatima, +?""]"	Agua Fria	Corrego da Padaria	""	2022-04-04T00:00:00	""				0
3588	Noroeste	2022	Abril	2022-04-04T00:00:00	""	""	"Travessa Sao Domingos Savio, ""#*9"	Alto Jose Bonifacio 	Corrego Sao Domingos Savio	""	2022-04-04T00:00:00	Rocagem	1	35	8	280
3589	Noroeste	2022	Abril	2022-04-04T00:00:00	""	""	Travessa Sao Domingos Savio, #_|/	Alto Jose Bonifacio 	Corrego Sao Domingos Savio	""	2022-04-04T00:00:00	Rocagem	5	15	8	600
3590	Noroeste	2022	Abril	2022-04-04T00:00:00	""	""	Subida do Beiju, .[?	Nova Descoberta	Nova Descoberta	""	2022-04-04T00:00:00	Rocagem	1	50	8	400
3591	Norte	2022	Abril	2022-04-04T00:00:00	""	Monitoramento	Rua Tupanci, .<^&	Bomba do Hemeterio	Corrego Antonio Rodrigues	""	2022-04-04T00:00:00	""				0
3592	Noroeste	2022	Abril	2022-04-04T00:00:00	""	Monitoramento	Rua Cristina Tavares, #$[	Macaxeira 	Burity	R1	2022-04-04T00:00:00	Mapeamento de Area de Risco				0
3593	Norte	2022	Abril	2022-04-04T00:00:00	""	Monitoramento	"Rua Corrego do Deodato, #""#~"	Agua Fria	Corrego do Deodato	""	2022-04-04T00:00:00	""				0
3594	Norte	2022	Abril	2022-04-04T00:00:00	""	Monitoramento	Rua Corrego do Deodato, ~|}[	Agua Fria	Corrego do Deodato	""	2022-04-04T00:00:00	""				0
3595	Norte	2022	Abril	2022-04-04T00:00:00	""	Monitoramento	Rua Corrego da Jaqueira, ^[{	Linha do Tiro	Alto da Jaqueira	R2	2022-04-04T00:00:00	""				0
3596	Norte	2022	Abril	2022-04-04T00:00:00	""	Monitoramento	Rua Corrego da Jaqueira, {})!	Linha do Tiro	Alto da Jaqueira	R3	2022-04-04T00:00:00	""				0
3597	Norte	2022	Abril	2022-04-04T00:00:00	""	Monitoramento	Rua Corrego da Jaqueira, #^>	Linha do Tiro	Alto da Jaqueira	R2	2022-04-04T00:00:00	""				0
3598	Norte	2022	Abril	2022-04-04T00:00:00	""	Monitoramento	Rua Corrego da Jaqueira, ~|}[	Linha do Tiro	Alto da Jaqueira	R3	2022-04-04T00:00:00	Encaminhar para Colocacao de Lonas				0
3599	Norte	2022	Abril	2022-04-04T00:00:00	""	Monitoramento	Rua Corrego da Jaqueira, /@9=	Linha do Tiro	Alto da Jaqueira	R3	2022-04-04T00:00:00	Encaminhar para Colocacao de Lonas				0
3600	Norte	2022	Abril	2022-04-04T00:00:00	""	Monitoramento	"Rua Corrego da Jaqueira, #""#~"	Linha do Tiro	Alto da Jaqueira	R3	2022-04-04T00:00:00	Encaminhar para Colocacao de Lonas				0
3601	Norte	2022	Abril	2022-04-04T00:00:00	""	Monitoramento	"Rua Corrego da Jaqueira, +?""]"	Linha do Tiro	Alto da Jaqueira	R2	2022-04-04T00:00:00	""				0
3602	Norte	2022	Abril	2022-04-04T00:00:00	""	Monitoramento	"Rua Corrego da Jaqueira, ""#*9"	Linha do Tiro	Alto da Jaqueira	R2	2022-04-04T00:00:00	""				0
3603	Norte	2022	Abril	2022-04-04T00:00:00	""	Monitoramento	Rua Corrego da Jaqueira, #_|/	Linha do Tiro	Alto da Jaqueira	R2	2022-04-04T00:00:00	""				0
3604	Norte	2022	Abril	2022-04-04T00:00:00	""	Monitoramento	Rua Corrego da Jaqueira, .[?	Linha do Tiro	Alto da Jaqueira	R2	2022-04-04T00:00:00	""				0
3605	Norte	2022	Abril	2022-04-04T00:00:00	""	Monitoramento	Rua Corrego do Deodato, /@9=	Agua Fria	Corrego do Deodato	""	2022-04-04T00:00:00	""				0
3606	Norte	2022	Abril	2022-04-04T00:00:00	""	Monitoramento	Rua Expedicionario Teodoro Sativa, #$[	Dois Unidos	Alto do Maracana	""	2022-04-04T00:00:00	""				0
3607	Norte	2022	Abril	2022-04-04T00:00:00	""	Monitoramento	Rua Artur Nogueira, ?_$.	Dois Unidos	Alto do Maracana	""	2022-04-04T00:00:00	""				0
3608	Norte	2022	Abril	2022-04-04T00:00:00	""	Monitoramento	Rua Corrego Joao Carvoeiro, >#'\	Agua Fria	Corrego Joao Carvoeiro	""	2022-04-04T00:00:00	""				0
3609	Norte	2022	Abril	2022-04-04T00:00:00	""	Monitoramento	Rua Corrego Joao Carvoeiro, $!>=	Agua Fria	Corrego Joao Carvoeiro	""	2022-04-04T00:00:00	""				0
3610	Norte	2022	Abril	2022-04-04T00:00:00	""	Monitoramento	Rua Corrego Joao Carvoeiro, @}>	Agua Fria	Corrego Joao Carvoeiro	""	2022-04-04T00:00:00	""				0
3611	Norte	2022	Abril	2022-04-04T00:00:00	""	Monitoramento	3ª Travessa Subida da Medalha Milagrosa, 9<-%	Dois Unidos	Alto do Maracana	""	2022-04-04T00:00:00	""				0
3612	Norte	2022	Abril	2022-04-04T00:00:00	""	Monitoramento	3ª Travessa Subida da Medalha Milagrosa, %$<!	Dois Unidos	Alto do Maracana	""	2022-04-04T00:00:00	""				0
3613	Norte	2022	Abril	2022-04-04T00:00:00	""	Monitoramento	3ª Travessa Subida da Medalha Milagrosa, .<^&	Dois Unidos	Alto do Maracana	""	2022-04-04T00:00:00	""				0
3614	Norte	2022	Abril	2022-04-04T00:00:00	""	Monitoramento	3ª Travessa Subida da Medalha Milagrosa, ^[{	Dois Unidos	Alto do Maracana	""	2022-04-04T00:00:00	""				0
3615	Norte	2022	Abril	2022-04-04T00:00:00	""	Monitoramento	3ª Travessa Subida da Medalha Milagrosa, {})!	Dois Unidos	Alto do Maracana	""	2022-04-04T00:00:00	""				0
3616	Norte	2022	Abril	2022-04-04T00:00:00	""	Monitoramento	Rua Corrego do Deodato, #^>	Agua Fria	Corrego do Deodato	""	2022-04-04T00:00:00	""				0
3617	Norte	2022	Abril	2022-04-04T00:00:00	""	Monitoramento	Rua Expedicionario Teodoro Sativa, `=-[	Dois Unidos	Alto do Maracana	""	2022-04-04T00:00:00	""				0
3618	Noroeste	2022	Abril	2022-04-02T00:00:00	""	Colocação de Lonas Plásticas	Rua Copa, >#'\	Nova Descoberta	Alto Jardim Progresso	""	2022-04-02T00:00:00	""	2	15	8	240
3619	Noroeste	2022	Abril	2022-04-04T00:00:00	""	Monitoramento	Rua Cristina Tavares, `=-[	Macaxeira 	Burity	R2	2022-04-04T00:00:00	Mapeamento de Area de Risco				0
3620	Noroeste	2022	Abril	2022-04-04T00:00:00	""	Monitoramento	Rua Cristina Tavares, >#'\	Macaxeira 	Burity	R2	2022-04-04T00:00:00	Mapeamento de Area de Risco				0
3621	Noroeste	2022	Abril	2022-04-04T00:00:00	""	Monitoramento	1ª Travessa Rua Regina, #^>	Macaxeira 	Burity	R2	2022-04-04T00:00:00	Mapeamento de Area de Risco				0
3622	Noroeste	2022	Abril	2022-04-04T00:00:00	""	Monitoramento	1ª Travessa Rua Regina, ~|}[	Macaxeira 	Burity	R2	2022-04-04T00:00:00	Mapeamento de Area de Risco				0
3623	Noroeste	2022	Abril	2022-04-04T00:00:00	""	Monitoramento	2ª Travessa Rua Regina, /@9=	Macaxeira 	Burity	R2	2022-04-04T00:00:00	Mapeamento de Area de Risco				0
3624	Noroeste	2022	Abril	2022-04-04T00:00:00	""	Monitoramento	"1ª Travessa Rua Regina, #""#~"	Macaxeira 	Burity	R2	2022-04-04T00:00:00	Mapeamento de Area de Risco				0
3625	Noroeste	2022	Abril	2022-04-04T00:00:00	""	Monitoramento	"Rua A, +?""]"	Nova Descoberta	Corrego do Eucalipto	R3	2022-04-04T00:00:00	Mapeamento de Area de Risco				0
3626	Noroeste	2022	Abril	2022-04-04T00:00:00	""	Monitoramento	"Rua A, ""#*9"	Nova Descoberta	Corrego do Eucalipto	R3	2022-04-04T00:00:00	Mapeamento de Area de Risco				0
3627	Noroeste	2022	Abril	2022-04-04T00:00:00	""	Monitoramento	Rua Alto Alegre, #_|/	Morro da Conceicao	Morro da Conceicao	R3	2022-04-04T00:00:00	Mapeamento de Area de Risco				0
3628	Noroeste	2022	Abril	2022-04-04T00:00:00	""	Monitoramento	5ª Travessa Monsenhor Teobaldo Rocha, .[?	Nova Descoberta	Nova Descoberta	R3	2022-04-04T00:00:00	Mapeamento de Area de Risco				0
3629	Noroeste	2022	Abril	2022-04-04T00:00:00	""	Monitoramento	Rua das Palmeiras, #$[	Nova Descoberta	Alto Jardim Progresso	R3	2022-04-04T00:00:00	Mapeamento de Area de Risco				0
3630	Noroeste	2022	Abril	2022-04-04T00:00:00	""	Monitoramento	Rua das Palmeiras, `=-[	Nova Descoberta	Alto Jardim Progresso	R3	2022-04-04T00:00:00	Mapeamento de Area de Risco				0
3631	Noroeste	2022	Abril	2022-04-04T00:00:00	""	Monitoramento	1ª Travessa Rua Regina, {})!	Macaxeira 	Burity	R1	2022-04-04T00:00:00	Mapeamento de Area de Risco				0
3632	Noroeste	2022	Abril	2022-04-04T00:00:00	""	Monitoramento	Rua Antonio Pinto Lapa, ?_$.	Vasco da Gama 	Alto Nossa Senhora de Fatima	R3	2022-04-04T00:00:00	Mapeamento de Area de Risco				0
3633	Noroeste	2022	Abril	2022-04-04T00:00:00	""	Monitoramento	Rua Deputada Cristina Tavares, $!>=	Macaxeira 	Macaxeira	R3	2022-04-04T00:00:00	Mapeamento de Area de Risco				0
3634	Noroeste	2022	Abril	2022-04-04T00:00:00	""	Monitoramento	Rua Alto Itauna, @}>	Alto Jose Bonifacio 	Alto Jose Bonifacio	R3	2022-04-04T00:00:00	Mapeamento de Area de Risco				0
3635	Noroeste	2022	Abril	2022-04-04T00:00:00	""	Monitoramento	Rua Alto Doutor Caete, 9<-%	Nova Descoberta	Alto Dr. Caete	R3	2022-04-04T00:00:00	Mapeamento de Area de Risco				0
3636	Noroeste	2022	Abril	2022-04-04T00:00:00	""	Monitoramento	3ª Travessa Damolandia, %$<!	Nova Descoberta	Alto Dr. Caete	R3	2022-04-04T00:00:00	Mapeamento de Area de Risco				0
3637	Noroeste	2022	Abril	2022-04-04T00:00:00	""	Monitoramento	Avenida Joselia, .<^&	Nova Descoberta	Corrego da Joselia	R3	2022-04-04T00:00:00	Mapeamento de Area de Risco				0
3638	Noroeste	2022	Abril	2022-04-04T00:00:00	""	Monitoramento	Rua Esplanada, ^[{	Nao Informado	Corrego Jose Grande	R3	2022-04-04T00:00:00	Mapeamento de Area de Risco				0
3639	Noroeste	2022	Abril	2022-04-04T00:00:00	""	Monitoramento	4ª Subida do Comissario, {})!	Nova Descoberta	Corrego da Joselia	R3	2022-04-04T00:00:00	Mapeamento de Area de Risco				0
3640	Noroeste	2022	Abril	2022-04-04T00:00:00	""	Monitoramento	2ª Subida do Comissario, #^>	Nova Descoberta	Corrego da Joselia	R3	2022-04-04T00:00:00	Mapeamento de Area de Risco				0
3641	Noroeste	2022	Abril	2022-04-04T00:00:00	""	Monitoramento	Rua da Macaiba, ~|}[	Nao Informado	Alto Jose do Pinho	R3	2022-04-04T00:00:00	Mapeamento de Area de Risco				0
3642	Noroeste	2022	Abril	2022-04-04T00:00:00	""	Monitoramento	Rua Uniao da Vitoria, /@9=	Nao Informado	Alto Jose do Pinho	R3	2022-04-04T00:00:00	Mapeamento de Area de Risco				0
3643	Noroeste	2022	Abril	2022-04-04T00:00:00	""	Monitoramento	Rua Sao Bento, >#'\	Macaxeira 	Burity	R3	2022-04-04T00:00:00	Mapeamento de Area de Risco				0
3644	Noroeste	2022	Abril	2022-04-04T00:00:00	""	Monitoramento	Rua Cristina Tavares, ?_$.	Macaxeira 	Burity	R2	2022-04-04T00:00:00	Mapeamento de Area de Risco				0
3645	Noroeste	2022	Abril	2022-04-04T00:00:00	""	Monitoramento	1ª Travessa Rua Regina, ^[{	Macaxeira 	Burity	R1	2022-04-04T00:00:00	Mapeamento de Area de Risco				0
3646	Noroeste	2022	Abril	2022-04-04T00:00:00	""	Monitoramento	1ª Travessa Rua Regina, %$<!	Macaxeira 	Burity	R1	2022-04-04T00:00:00	Mapeamento de Area de Risco				0
3647	Noroeste	2022	Abril	2022-04-04T00:00:00	""	Monitoramento	Rua Cristina Tavares, $!>=	Macaxeira 	Burity	R2	2022-04-04T00:00:00	Mapeamento de Area de Risco				0
3648	Noroeste	2022	Abril	2022-04-04T00:00:00	""	Monitoramento	Rua Cristina Tavares, @}>	Macaxeira 	Burity	R2	2022-04-04T00:00:00	Mapeamento de Area de Risco				0
3649	Noroeste	2022	Abril	2022-04-04T00:00:00	""	Monitoramento	Rua Cristina Tavares, 9<-%	Macaxeira 	Burity	R2	2022-04-04T00:00:00	Mapeamento de Area de Risco				0
3650	Noroeste	2022	Abril	2022-04-04T00:00:00	""	Monitoramento	Rua Cristina Tavares, %$<!	Macaxeira 	Burity	R2	2022-04-04T00:00:00	Mapeamento de Area de Risco				0
3651	Noroeste	2022	Abril	2022-04-04T00:00:00	""	Monitoramento	Rua Cristina Tavares, .<^&	Macaxeira 	Burity	R1	2022-04-04T00:00:00	Mapeamento de Area de Risco				0
3652	Noroeste	2022	Abril	2022-04-04T00:00:00	""	Monitoramento	Rua Cristina Tavares, ^[{	Macaxeira 	Burity	R1	2022-04-04T00:00:00	Mapeamento de Area de Risco				0
3653	Noroeste	2022	Abril	2022-04-04T00:00:00	""	Monitoramento	Rua Cristina Tavares, {})!	Macaxeira 	Burity	R1	2022-04-04T00:00:00	Mapeamento de Area de Risco				0
3654	Noroeste	2022	Abril	2022-04-04T00:00:00	""	Monitoramento	Rua Cristina Tavares, #^>	Macaxeira 	Macaxeira	""	2022-04-04T00:00:00	Mapeamento de Area de Risco				0
3655	Noroeste	2022	Abril	2022-04-04T00:00:00	""	Monitoramento	2ª Travessa Rua Regina, ~|}[	Macaxeira 	Burity	R2	2022-04-04T00:00:00	Mapeamento de Area de Risco				0
3656	Noroeste	2022	Abril	2022-04-04T00:00:00	""	Monitoramento	2ª Travessa Rua Regina, /@9=	Macaxeira 	Burity	R2	2022-04-04T00:00:00	Mapeamento de Area de Risco				0
3657	Noroeste	2022	Abril	2022-04-04T00:00:00	""	Monitoramento	1ª Travessa Rua Regina, .<^&	Macaxeira 	Burity	R1	2022-04-04T00:00:00	Mapeamento de Area de Risco				0
3658	Noroeste	2022	Abril	2022-04-04T00:00:00	""	Monitoramento	"2ª Travessa Rua Regina, #""#~"	Macaxeira 	Burity	R1	2022-04-04T00:00:00	Mapeamento de Area de Risco				0
3659	Noroeste	2022	Abril	2022-04-04T00:00:00	""	Monitoramento	"2ª Travessa Rua Regina, ""#*9"	Macaxeira 	Burity	R1	2022-04-04T00:00:00	Mapeamento de Area de Risco				0
3660	Noroeste	2022	Abril	2022-04-04T00:00:00	""	Monitoramento	2ª Travessa Rua Regina, #_|/	Macaxeira 	Burity	R2	2022-04-04T00:00:00	Mapeamento de Area de Risco				0
3661	Noroeste	2022	Abril	2022-04-04T00:00:00	""	Monitoramento	3ª Travessa Rua Regina, .[?	Macaxeira 	Burity	R1	2022-04-04T00:00:00	Mapeamento de Area de Risco				0
3662	Noroeste	2022	Abril	2022-04-04T00:00:00	""	Monitoramento	3ª Travessa Rua Regina, #$[	Macaxeira 	Burity	R2	2022-04-04T00:00:00	Mapeamento de Area de Risco				0
3663	Noroeste	2022	Abril	2022-04-04T00:00:00	""	Monitoramento	3ª Travessa Rua Regina, `=-[	Macaxeira 	Burity	R2	2022-04-04T00:00:00	Mapeamento de Area de Risco				0
3664	Noroeste	2022	Abril	2022-04-04T00:00:00	""	Monitoramento	3ª Travessa Rua Regina, ?_$.	Macaxeira 	Burity	R2	2022-04-04T00:00:00	Mapeamento de Area de Risco				0
3665	Noroeste	2022	Abril	2022-04-04T00:00:00	""	Monitoramento	3ª Travessa Rua Regina, >#'\	Macaxeira 	Burity	R2	2022-04-04T00:00:00	Mapeamento de Area de Risco				0
3666	Noroeste	2022	Abril	2022-04-04T00:00:00	""	Monitoramento	3ª Travessa Rua Regina, $!>=	Macaxeira 	Burity	R2	2022-04-04T00:00:00	Mapeamento de Area de Risco				0
3667	Noroeste	2022	Abril	2022-04-04T00:00:00	""	Monitoramento	1ª Travessa Rua Regina, @}>	Macaxeira 	Burity	R2	2022-04-04T00:00:00	Mapeamento de Area de Risco				0
3668	Noroeste	2022	Abril	2022-04-04T00:00:00	""	Monitoramento	1ª Travessa Rua Regina, 9<-%	Macaxeira 	Burity	R2	2022-04-04T00:00:00	Mapeamento de Area de Risco				0
3669	Noroeste	2022	Abril	2022-04-04T00:00:00	""	Monitoramento	"2ª Travessa Rua Regina, +?""]"	Macaxeira 	Burity	R1	2022-04-04T00:00:00	Mapeamento de Area de Risco				0
3670	Norte	2022	Abril	2022-04-04T00:00:00	""	Monitoramento	Rua Corrego da Jaqueira, .<^&	Linha do Tiro	Alto da Jaqueira	R2	2022-04-04T00:00:00	""				0
3671	Noroeste	2022	Abril	2022-04-02T00:00:00	""	Colocação de Lonas Plásticas	Rua Dep. Gomes de Sa, $!>=	Nova Descoberta	Alto Jardim Progresso	""	2022-04-02T00:00:00	""	2	20	8	320
3672	Noroeste	2022	Abril	2022-04-02T00:00:00	""	Colocação de Lonas Plásticas	Rua Alto Jardim Progresso, 9<-%	Nova Descoberta	Alto Jardim Progresso	""	2022-04-02T00:00:00	""	3	15	8	360
3673	Sul	2022	Abril	2022-04-02T00:00:00	""	""	Rua Prof. Lucia Maria Sales, $!>=	Cohab	Ur 10	""	2022-04-02T00:00:00	Acoes de Porta-Porta				0
3674	Sul	2022	Abril	2022-04-02T00:00:00	""	MONITORAMENTO	Rua Prof. Lucia Maria Sales, @}>	Cohab	Ur 10	R3	2022-04-02T00:00:00	Analise Visual Estrutural				0
3675	Sul	2022	Abril	2022-04-02T00:00:00	""	""	Rua Prof. Lucia Maria Sales, 9<-%	Cohab	Ur 10	""	2022-04-02T00:00:00	Acoes de Porta-Porta				0
3676	Sul	2022	Abril	2022-04-02T00:00:00	""	MONITORAMENTO	Rua Prof. Lucia Maria Sales, %$<!	Cohab	Ur 10	R3	2022-04-02T00:00:00	Analise Visual Estrutural				0
3677	Sul	2022	Abril	2022-04-02T00:00:00	""	""	Rua Sargento Leite, .<^&	Cohab	Ur 04	""	2022-04-02T00:00:00	Atendimento Social				0
3678	Oeste	2022	Abril	2022-04-02T00:00:00	""	Monitoramento	Rua Pico da Neblina, ^[{	Cohab	Jardim Monte Verde	R2	2022-04-02T00:00:00	Mapeamento de Area de Risco				0
3679	Oeste	2022	Abril	2022-04-02T00:00:00	""	Monitoramento	Rua Pico da Neblina, {})!	Cohab	Jardim Monte Verde	R2	2022-04-02T00:00:00	Mapeamento de Area de Risco				0
3680	Oeste	2022	Abril	2022-04-02T00:00:00	""	Monitoramento	Rua Pico da Neblina, #^>	Cohab	Jardim Monte Verde	R2	2022-04-02T00:00:00	Mapeamento de Area de Risco				0
3681	Oeste	2022	Abril	2022-04-02T00:00:00	""	Monitoramento	Rua Pico da Neblina, ~|}[	Cohab	Jardim Monte Verde	R2	2022-04-02T00:00:00	Mapeamento de Area de Risco				0
3682	Oeste	2022	Abril	2022-04-02T00:00:00	""	Monitoramento	Rua Pico da Neblina, /@9=	Cohab	Jardim Monte Verde	R2	2022-04-02T00:00:00	Mapeamento de Area de Risco				0
3683	Oeste	2022	Abril	2022-04-02T00:00:00	""	Monitoramento	"Rua Pico da Neblina, #""#~"	Cohab	Jardim Monte Verde	R2	2022-04-02T00:00:00	Mapeamento de Area de Risco				0
3684	Oeste	2022	Abril	2022-04-02T00:00:00	""	Monitoramento	"Rua Pico da Neblina, +?""]"	Cohab	Jardim Monte Verde	R2	2022-04-02T00:00:00	Mapeamento de Area de Risco				0
3685	Oeste	2022	Abril	2022-04-02T00:00:00	""	Monitoramento	"Rua Pico da Neblina, ""#*9"	Cohab	Jardim Monte Verde	R2	2022-04-02T00:00:00	Mapeamento de Area de Risco				0
3686	Oeste	2022	Abril	2022-04-02T00:00:00	""	Monitoramento	Rua Pico da Neblina, #_|/	Cohab	Jardim Monte Verde	R2	2022-04-02T00:00:00	Mapeamento de Area de Risco				0
3687	Oeste	2022	Abril	2022-04-02T00:00:00	""	Monitoramento	Rua Pico da Neblina, .[?	Cohab	Jardim Monte Verde	R2	2022-04-02T00:00:00	Mapeamento de Area de Risco				0
3688	Oeste	2022	Abril	2022-04-02T00:00:00	""	Monitoramento	Rua Pico da Neblina, #$[	Cohab	Jardim Monte Verde	R2	2022-04-02T00:00:00	Mapeamento de Area de Risco				0
3689	Oeste	2022	Abril	2022-04-02T00:00:00	""	Monitoramento	Rua Pico da Neblina, `=-[	Cohab	Jardim Monte Verde	R2	2022-04-02T00:00:00	Mapeamento de Area de Risco				0
3690	Oeste	2022	Abril	2022-04-02T00:00:00	""	Monitoramento	Rua Pico da Neblina, ?_$.	Cohab	Jardim Monte Verde	R2	2022-04-02T00:00:00	Mapeamento de Area de Risco				0
3691	Oeste	2022	Abril	2022-04-02T00:00:00	""	Monitoramento	Rua Pico da Neblina, >#'\	Cohab	Jardim Monte Verde	R2	2022-04-02T00:00:00	Mapeamento de Area de Risco				0
3692	Oeste	2022	Abril	2022-04-02T00:00:00	""	Monitoramento	Rua Pico da Neblina, $!>=	Cohab	Jardim Monte Verde	R3	2022-04-02T00:00:00	Mapeamento de Area de Risco				0
3693	Oeste	2022	Abril	2022-04-02T00:00:00	""	Monitoramento	Rua Pico da Neblina, @}>	Cohab	Jardim Monte Verde	R3	2022-04-02T00:00:00	Mapeamento de Area de Risco				0
3694	Sul	2022	Abril	2022-04-02T00:00:00	""	MONITORAMENTO	Rua Prof. Lucia Maria Sales, >#'\	Cohab	Ur 10	R3	2022-04-02T00:00:00	Analise Visual Estrutural				0
3695	Sul	2022	Abril	2022-04-02T00:00:00	""	""	Rua Prof. Lucia Maria Sales, ?_$.	Cohab	Ur 10	""	2022-04-02T00:00:00	Acoes de Porta-Porta				0
3696	Sul	2022	Abril	2022-04-02T00:00:00	""	MONITORAMENTO	Rua Prof. Lucia Maria Sales, `=-[	Cohab	Ur 10	R3	2022-04-02T00:00:00	Analise Visual Estrutural				0
3697	Sul	2022	Abril	2022-04-02T00:00:00	""	MONITORAMENTO	Rua Prof. Lucia Maria Sales, #$[	Cohab	Ur 10	R3	2022-04-02T00:00:00	Analise Visual Estrutural				0
3698	Sul	2022	Abril	2022-04-02T00:00:00	""	MONITORAMENTO	"Rua Prof. Lucia Maria Sales, ""#*9"	Cohab	Ur 10	R2	2022-04-02T00:00:00	Analise Visual Estrutural				0
3699	Sul	2022	Abril	2022-04-02T00:00:00	""	""	Rua Prof. Lucia Maria Sales, #_|/	Cohab	Ur 10	R3	2022-04-02T00:00:00	Acoes de Porta-Porta				0
3700	Sul	2022	Abril	2022-04-02T00:00:00	""	MONITORAMENTO	Rua Prof. Lucia Maria Sales, .[?	Cohab	Ur 10	R3	2022-04-02T00:00:00	Analise Visual Estrutural				0
3701	Sul	2022	Abril	2022-04-02T00:00:00	""	""	Rua Prof. Lucia Maria Sales, #$[	Cohab	Ur 10	""	2022-04-02T00:00:00	Acoes de Porta-Porta				0
3702	Sul	2022	Abril	2022-04-02T00:00:00	""	MONITORAMENTO	Rua Prof. Lucia Maria Sales, `=-[	Cohab	Ur 10	R2	2022-04-02T00:00:00	Analise Visual Estrutural				0
3703	Sul	2022	Abril	2022-04-02T00:00:00	""	""	Rua Prof. Lucia Maria Sales, ?_$.	Cohab	Ur 10	""	2022-04-02T00:00:00	Acoes de Porta-Porta				0
3704	Sul	2022	Abril	2022-04-02T00:00:00	""	MONITORAMENTO	Rua Prof. Lucia Maria Sales, >#'\	Cohab	Ur 10	R1	2022-04-02T00:00:00	Analise Visual Estrutural				0
3705	Sul	2022	Abril	2022-04-02T00:00:00	""	""	Rua Prof. Lucia Maria Sales, $!>=	Cohab	Ur 10	""	2022-04-02T00:00:00	Acoes de Porta-Porta				0
3706	Sul	2022	Abril	2022-04-02T00:00:00	""	MONITORAMENTO	Rua Prof. Lucia Maria Sales, @}>	Cohab	Ur 10	R2	2022-04-02T00:00:00	Analise Visual Estrutural				0
3707	Sul	2022	Abril	2022-04-02T00:00:00	""	""	Rua Prof. Lucia Maria Sales, 9<-%	Cohab	Ur 10	""	2022-04-02T00:00:00	Acoes de Porta-Porta				0
3708	Oeste	2022	Abril	2022-04-02T00:00:00	""	Monitoramento	Rua Pico da Neblina, 9<-%	Cohab	Jardim Monte Verde	R3	2022-04-02T00:00:00	Mapeamento de Area de Risco				0
3709	Sul	2022	Abril	2022-04-02T00:00:00	""	MONITORAMENTO	Rua Prof. Lucia Maria Sales, %$<!	Cohab	Ur 10	R3	2022-04-02T00:00:00	Analise Visual Estrutural				0
3710	Sul	2022	Abril	2022-04-02T00:00:00	""	MONITORAMENTO	Rua Prof. Lucia Maria Sales, ^[{	Cohab	Ur 10	R3	2022-04-02T00:00:00	Analise Visual Estrutural				0
3711	Sul	2022	Abril	2022-04-02T00:00:00	""	MONITORAMENTO	Rua Prof. Lucia Maria Sales, {})!	Cohab	Ur 10	R3	2022-04-02T00:00:00	Analise Visual Estrutural				0
3712	Sul	2022	Abril	2022-04-02T00:00:00	""	""	Rua Prof. Lucia Maria Sales, #^>	Cohab	Ur 10	""	2022-04-02T00:00:00	Acoes de Porta-Porta				0
3713	Sul	2022	Abril	2022-04-02T00:00:00	""	MONITORAMENTO	Rua Prof. Lucia Maria Sales, ~|}[	Cohab	Ur 10	R3	2022-04-02T00:00:00	Analise Visual Estrutural				0
3714	Sul	2022	Abril	2022-04-02T00:00:00	""	""	Rua Prof. Lucia Maria Sales, /@9=	Cohab	Ur 10	""	2022-04-02T00:00:00	Acoes de Porta-Porta				0
3715	Sul	2022	Abril	2022-04-02T00:00:00	""	MONITORAMENTO	"Rua Prof. Lucia Maria Sales, #""#~"	Cohab	Ur 10	R3	2022-04-02T00:00:00	Analise Visual Estrutural				0
3716	Sul	2022	Abril	2022-04-02T00:00:00	""	""	"Rua Prof. Lucia Maria Sales, +?""]"	Cohab	Ur 10	""	2022-04-02T00:00:00	Acoes de Porta-Porta				0
3717	Sul	2022	Abril	2022-04-02T00:00:00	""	MONITORAMENTO	"Rua Prof. Lucia Maria Sales, ""#*9"	Cohab	Ur 10	R3	2022-04-02T00:00:00	Analise Visual Estrutural				0
3718	Sul	2022	Abril	2022-04-02T00:00:00	""	""	Travessa Prof. Lucia Maria Sales, #_|/	Cohab	Ur 10	""	2022-04-02T00:00:00	Acoes de Porta-Porta				0
3719	Sul	2022	Abril	2022-04-02T00:00:00	""	MONITORAMENTO	Travessa Prof. Lucia Maria Sales, .[?	Cohab	Ur 10	""	2022-04-02T00:00:00	Analise Visual Estrutural				0
3720	Sul	2022	Abril	2022-04-02T00:00:00	""	""	Rua Prof. Lucia Maria Sales, .<^&	Cohab	Ur 10	""	2022-04-02T00:00:00	Acoes de Porta-Porta				0
3721	Oeste	2022	Abril	2022-04-02T00:00:00	""	Monitoramento	Rua Pico da Neblina, %$<!	Cohab	Jardim Monte Verde	R3	2022-04-02T00:00:00	Mapeamento de Area de Risco				0
3722	Oeste	2022	Abril	2022-04-02T00:00:00	""	Monitoramento	Rua Pico da Neblina, .<^&	Cohab	Jardim Monte Verde	R3	2022-04-02T00:00:00	Mapeamento de Area de Risco				0
3723	Oeste	2022	Abril	2022-04-02T00:00:00	""	Monitoramento	Rua Pico da Neblina, ^[{	Cohab	Jardim Monte Verde	R2	2022-04-02T00:00:00	Mapeamento de Area de Risco				0
3724	Oeste	2022	Abril	2022-04-02T00:00:00	""	Monitoramento	Rua Pico da Neblina, #_|/	Cohab	Jardim Monte Verde	R3	2022-04-02T00:00:00	Mapeamento de Area de Risco				0
3725	Oeste	2022	Abril	2022-04-02T00:00:00	""	Monitoramento	Rua Pico da Neblina, .[?	Cohab	Jardim Monte Verde	R3	2022-04-02T00:00:00	Mapeamento de Area de Risco				0
3726	Oeste	2022	Abril	2022-04-02T00:00:00	""	Monitoramento	Rua Pico da Neblina, #$[	Cohab	Jardim Monte Verde	R3	2022-04-02T00:00:00	Mapeamento de Area de Risco				0
3727	Oeste	2022	Abril	2022-04-02T00:00:00	""	Monitoramento	Rua Pico da Neblina, `=-[	Cohab	Jardim Monte Verde	R3	2022-04-02T00:00:00	Mapeamento de Area de Risco				0
3728	Norte	2022	Abril	2022-04-02T00:00:00	""	""	Rua Corrego da Jaqueira, ?_$.	Linha do Tiro	Alto da Jaqueira	""	2022-04-02T00:00:00	Acoes de Porta-Porta				0
3729	Norte	2022	Abril	2022-04-02T00:00:00	""	""	Rua Aguas de Prata, >#'\	Linha do Tiro	Alto da Jaqueira	""	2022-04-02T00:00:00	Acoes de Porta-Porta				0
3730	Norte	2022	Abril	2022-04-02T00:00:00	""	""	Rua da Jaqueira, $!>=	Linha do Tiro	Alto da Jaqueira	""	2022-04-02T00:00:00	Acoes de Porta-Porta				0
3731	Norte	2022	Abril	2022-04-02T00:00:00	""	""	Rua da Jaqueira, @}>	Linha do Tiro	Alto da Jaqueira	""	2022-04-02T00:00:00	Acoes de Porta-Porta				0
3732	Norte	2022	Abril	2022-04-02T00:00:00	""	""	Rua do Eucalipto, 9<-%	Linha do Tiro	Avenida Operaria	""	2022-04-02T00:00:00	Acoes de Porta-Porta				0
3733	Norte	2022	Abril	2022-04-02T00:00:00	""	""	Rua Lidia Rodrigues, %$<!	Agua Fria	Corrego Sao Jose	""	2022-04-02T00:00:00	Acoes de Porta-Porta				0
3734	Oeste	2022	Abril	2022-04-02T00:00:00	""	Monitoramento	"Rua Pico da Neblina, ""#*9"	Cohab	Jardim Monte Verde	R3	2022-04-02T00:00:00	Mapeamento de Area de Risco				0
3735	Norte	2022	Abril	2022-04-02T00:00:00	""	""	Rua Corrego Sao Jose, .<^&	Agua Fria	Corrego Sao Jose	""	2022-04-02T00:00:00	Acoes de Porta-Porta				0
3736	Norte	2022	Abril	2022-04-02T00:00:00	""	""	Rua Corrego da Jaqueira, {})!	Linha do Tiro	Alto da Jaqueira	""	2022-04-02T00:00:00	Acoes de Porta-Porta				0
3737	Norte	2022	Abril	2022-04-02T00:00:00	""	""	Rua Corrego da Jaqueira, #^>	Linha do Tiro	Alto da Jaqueira	""	2022-04-02T00:00:00	Acoes de Porta-Porta				0
3738	Norte	2022	Abril	2022-04-02T00:00:00	""	""	Rua Corrego da Jaqueira, ~|}[	Linha do Tiro	Alto da Jaqueira	""	2022-04-02T00:00:00	Acoes de Porta-Porta				0
3739	Norte	2022	Abril	2022-04-02T00:00:00	""	""	Rua Corrego da Jaqueira, /@9=	Linha do Tiro	Alto da Jaqueira	""	2022-04-02T00:00:00	Acoes de Porta-Porta				0
3740	Norte	2022	Abril	2022-04-02T00:00:00	""	""	"Rua Corrego da Jaqueira, #""#~"	Linha do Tiro	Alto da Jaqueira	""	2022-04-02T00:00:00	Acoes de Porta-Porta				0
3741	Norte	2022	Abril	2022-04-02T00:00:00	""	""	"Rua Corrego da Jaqueira, +?""]"	Linha do Tiro	Alto da Jaqueira	""	2022-04-02T00:00:00	Acoes de Porta-Porta				0
3742	Norte	2022	Abril	2022-04-02T00:00:00	""	""	"Rua Corrego da Jaqueira, ""#*9"	Linha do Tiro	Alto da Jaqueira	""	2022-04-02T00:00:00	Acoes de Porta-Porta				0
3743	Norte	2022	Abril	2022-04-02T00:00:00	""	""	Rua Corrego da Jaqueira, #_|/	Linha do Tiro	Alto da Jaqueira	""	2022-04-02T00:00:00	Acoes de Porta-Porta				0
3744	Norte	2022	Abril	2022-04-02T00:00:00	""	""	Rua Corrego da Jaqueira, .[?	Linha do Tiro	Alto da Jaqueira	""	2022-04-02T00:00:00	Acoes de Porta-Porta				0
3745	Norte	2022	Abril	2022-04-02T00:00:00	""	""	Rua Corrego da Jaqueira, #$[	Linha do Tiro	Alto da Jaqueira	""	2022-04-02T00:00:00	Acoes de Porta-Porta				0
3746	Norte	2022	Abril	2022-04-02T00:00:00	""	""	Rua Conde Bagnuolo, ^[{	Fundao	Fundao	""	2022-04-02T00:00:00	Acoes de Porta-Porta				0
3747	Sul	2022	Abril	2022-04-02T00:00:00	""	""	"Rua Prof. Lucia Maria Sales, +?""]"	Cohab	Ur 10	""	2022-04-02T00:00:00	Acoes de Porta-Porta				0
3748	Oeste	2022	Abril	2022-04-02T00:00:00	""	Monitoramento	"Rua Pico da Neblina, +?""]"	Cohab	Jardim Monte Verde	R3	2022-04-02T00:00:00	Mapeamento de Area de Risco				0
3749	Oeste	2022	Abril	2022-04-02T00:00:00	""	Monitoramento	Rua Pico da Neblina, /@9=	Cohab	Jardim Monte Verde	R3	2022-04-02T00:00:00	Mapeamento de Area de Risco				0
3750	Oeste	2022	Abril	2022-04-02T00:00:00	""	Monitoramento	Rua Pico da Neblina, {})!	Cohab	Jardim Monte Verde	R3	2022-04-02T00:00:00	Mapeamento de Area de Risco				0
